id,name,family,region,design_role,combat_identity,prototype_mechanical_role,element,attack_base,basic_category,base_hp,base_attack,speed,ready_seconds,arena_move_per_second,basic_reach,passive_id,passive,passive_description,five_skills,default_three,habitat,source_level,sheet_source_level,encounter_source,map_species_count,availability_percent,recheck_seconds,echo_percent,live_loot_json,xp_per_participating_individual,future_boss_essence_json,proposed_not_live_loot_json,silhouette_brief,animation_brief,art_status
emberfox,Brimble,Demon / fiend,Mosslight,Fighter,Scrappy melee fighter,Melee DPS,Fire,Strength-based,melee,610,49,64.51612903225806,1.55,12,12,kindling,Kindling,Strikes deal 15% more damage to burning enemies.,pounce=Pounce; burn=Cinderbite; pierce=Wild Lunge; quickstep=Quickstep; firefan=Firefan,burn; pounce; quickstep,clearing-0,2,1,Wild,144,100.0,0,15.0,"[{""id"": ""coins"", ""quantity"": 6, ""chanceBP"": 10000}, {""id"": ""echo:emberfox"", ""quantity"": 1, ""chanceBP"": 1500}, {""id"": ""leafdraught"", ""quantity"": 1, ""chanceBP"": 3500}]",500,null,"[{""id"": ""meadowfiber"", ""name"": ""Meadow Fiber"", ""quantity"": 1, ""chanceBP"": 2500, ""use"": ""Woven Inner Sea mats"", ""status"": ""PLANNED_NOT_LIVE""}]","A stubby imp with tiny blunt horns, warm ember eyes and an enormous spade-shaped tail that wraps around it like a blanket.",Single supplied pose with transform-based motion; authored frame animation pending.,Supplied PNG integrated; commercial art/motion review pending
stonehorn,Rattlebit,Skeletal / undead,Mosslight,Fighter,Resilient light fighter,Tank,Earth,Strength-based,melee,1100,26,43.47826086956522,2.3,4.8,12,granite,Granite Hide,"Take 10% less incoming damage, including intercepted damage.",guard=Bondguard; fortify=Fortify; slam=Pebble Slam; boulder=Boulder Toss; rally=Rallying Ward,guard; slam; fortify,clearing-0,5,5,Wild,48,100.0,0,15.0,"[{""id"": ""coins"", ""quantity"": 7, ""chanceBP"": 10000}, {""id"": ""echo:stonehorn"", ""quantity"": 1, ""chanceBP"": 1500}, {""id"": ""leafdraught"", ""quantity"": 1, ""chanceBP"": 4500}, {""id"": ""revivalsalve"", ""quantity"": 1, ""chanceBP"": 1000}]",800,null,"[{""id"": ""meadowfiber"", ""name"": ""Meadow Fiber"", ""quantity"": 1, ""chanceBP"": 2500, ""use"": ""Woven Inner Sea mats"", ""status"": ""PLANNED_NOT_LIVE""}]","A tiny ivory skeleton has an oversized skull, mitten-like bone hands and short limbs that fold neatly into its rib cage.",Single supplied pose with transform-based motion; authored frame animation pending.,Supplied PNG integrated; commercial art/motion review pending
stormowl,Tempestool,Plant / fungus,Windstep,DPS / Supp,Wind-zone controller,Ranged DPS,Wind,Int-Based,magic,570,46,60.60606060606061,1.65,8.8,34,charged,Charged Feathers,Every third basic attack deals 35 extra damage.,chain=Chain Spark; snipe=Skyneedle; gust=Headwind; staticbolt=Static Bolt; tailwind=Tailwind,chain; snipe; gust,rise-0,60,60,Wild,3,100.0,60,15.0,"[{""id"": ""coins"", ""quantity"": 26, ""chanceBP"": 10000}, {""id"": ""echo:stormowl"", ""quantity"": 1, ""chanceBP"": 1500}]",6300,null,"[{""id"": ""windthread"", ""name"": ""Wind Thread"", ""quantity"": 1, ""chanceBP"": 2500, ""use"": ""Decorative pennants"", ""status"": ""PLANNED_NOT_LIVE""}]","A tall mushroom floats beneath a broad, ribbed cap, its long root-tendrils twisting together into a narrow hanging funnel.",Single supplied pose with transform-based motion; authored frame animation pending.,Supplied PNG integrated; commercial art/motion review pending
bloomslime,Bloomslime,Elemental / abstract,Mosslight,Tank / Supp,Absorbing recovery tank,Support,Earth,Int-Based,magic,500,20,52.631578947368425,1.9,6.4,27,tender,Tender Care,All your healing is 15% stronger. You are still a fragile support.,bloom=Little Bloom; haste=Springstep; cleanse=Fresh Start; spore=Spore Toss; petalward=Petal Ward,bloom; haste; spore,clearing-0,3,8,Wild,96,100.0,0,15.0,"[{""id"": ""coins"", ""quantity"": 7, ""chanceBP"": 10000}, {""id"": ""echo:bloomslime"", ""quantity"": 1, ""chanceBP"": 1500}, {""id"": ""leafdraught"", ""quantity"": 1, ""chanceBP"": 6000}]",600,null,"[{""id"": ""meadowfiber"", ""name"": ""Meadow Fiber"", ""quantity"": 1, ""chanceBP"": 2500, ""use"": ""Woven Inner Sea mats"", ""status"": ""PLANNED_NOT_LIVE""}]","A clear, wobbly slime holds a huge closed flower bud inside its body, with stubby feet and a tiny face below the bud.",Single supplied pose with transform-based motion; authored frame animation pending.,Supplied PNG integrated; commercial art/motion review pending
frostfang,Shardclaw,Beast,Moonwell,DPS,Melee burst attacker,Melee DPS,Water,Dex-Based,ranged,620,45,62.5,1.6,11.6,12,winter,Winter Hunt,Strikes deal 20% more damage to slowed enemies.,frostbite=Frostbite; icepounce=Ice Pounce; snowfall=Snowfall; snowhide=Snowhide; packrush=Pack Rush,frostbite; icepounce; packrush,ruins-0,40,40,Wild,3,100.0,60,15.0,"[{""id"": ""coins"", ""quantity"": 19, ""chanceBP"": 10000}, {""id"": ""echo:frostfang"", ""quantity"": 1, ""chanceBP"": 1500}]",4300,null,"[{""id"": ""moonchalk"", ""name"": ""Moon Chalk"", ""quantity"": 1, ""chanceBP"": 2500, ""use"": ""Moonwell wall patterns"", ""status"": ""PLANNED_NOT_LIVE""}]","A low, long-bodied cat with one oversized translucent foreclaw, a narrow wedge-shaped head and a thick balancing tail.",Single supplied pose with transform-based motion; authored frame animation pending.,Supplied PNG integrated; commercial art/motion review pending
cindrake,Ashskate,Reptile / amphibian,Amber Hollow,DPS,Sliding skirmish DPS,Ranged DPS,Fire,Int-Based,magic,600,42,54.05405405405405,1.85,8,27,cinder,Cinder Heart,"After casting an offensive skill, restore 18 HP to yourself. No healing during Overcharge.",emberbreath=Ember Breath; fireball=Fireball; ashveil=Ash Veil; scorch=Scorch; wingdraft=Wingdraft,scorch; fireball; ashveil,hollow-0,20,20,Wild,3,100.0,60,15.0,"[{""id"": ""coins"", ""quantity"": 12, ""chanceBP"": 10000}, {""id"": ""echo:cindrake"", ""quantity"": 1, ""chanceBP"": 1500}]",2300,null,"[{""id"": ""amberresin"", ""name"": ""Amber Resin"", ""quantity"": 1, ""chanceBP"": 2500, ""use"": ""Warm lantern housings"", ""status"": ""PLANNED_NOT_LIVE""}]","A flat skink has a long balancing tail, small alert eyes and four broad blade-shaped feet splayed close to the ground.",Single supplied pose with transform-based motion; authored frame animation pending.,Supplied PNG integrated; commercial art/motion review pending
ironback,Ironback,Reptile / amphibian,Willowbrook,Tank,Directional shelter tank,Tank,Earth,Strength-based,melee,1060,24,41.66666666666667,2.4,4.4,12,shell,Shell Reserve,Begin each battle with a 160 HP shield lasting 12 seconds.,shellguard=Shellguard; carapace=Carapace; shellbash=Shell Bash; stonewave=Stonewave; ironward=Iron Ward,shellguard; shellbash; carapace,brook-0,8,8,Wild,15,100.0,0,15.0,"[{""id"": ""coins"", ""quantity"": 8, ""chanceBP"": 10000}, {""id"": ""echo:ironback"", ""quantity"": 1, ""chanceBP"": 1500}]",1100,null,"[{""id"": ""riverpearl"", ""name"": ""River Glass"", ""quantity"": 1, ""chanceBP"": 2500, ""use"": ""Water-themed Inner Sea ornaments"", ""status"": ""PLANNED_NOT_LIVE""}]","A broad turtle has one oversized shell plate that tilts upright, thick forelegs and a small, stern face under a deep brow.",Single supplied pose with transform-based motion; authored frame animation pending.,Supplied PNG integrated; commercial art/motion review pending
thornstag,Thornmaw,Plant / fungus,Amber Hollow,Fighter / Tank,Ambush bruiser,Tank,Earth,Strength-based,melee,940,32,47.61904761904762,2.1,6.8,12,lastgrove,Last Grove,"Once per battle, survive a hit below 40% HP to gain a 140 HP shield for 6 seconds.",antler=Antler Rush; rootbind=Rootbind; wildguard=Wildguard; greencanopy=Green Canopy; lifebud=Lifebud,wildguard; rootbind; antler,hollow-0,22,22,Wild,3,100.0,60,15.0,"[{""id"": ""coins"", ""quantity"": 13, ""chanceBP"": 10000}, {""id"": ""echo:thornstag"", ""quantity"": 1, ""chanceBP"": 1500}]",2500,null,"[{""id"": ""amberresin"", ""name"": ""Amber Resin"", ""quantity"": 1, ""chanceBP"": 2500, ""use"": ""Warm lantern housings"", ""status"": ""PLANNED_NOT_LIVE""}]","A heavy seedpod jaw sits on four buttress-root legs, with a small pair of eyes hidden beneath an overhanging thorny brow.",Single supplied pose with transform-based motion; authored frame animation pending.,Supplied PNG integrated; commercial art/motion review pending
tideotter,Tideotter,Beast,Mosslight,Fighter / Supp,Mobile utility fighter,Support,Water,Strength-based,melee,510,23,54.05405405405405,1.85,8,27,current,Gentle Current,"When you restore HP to an ally other than yourself, remove their Slow.",springwater=Springwater; riptide=Riptide; ripples=Healing Ripples; rivercleanse=River Cleanse; bubbleward=Bubble Ward,springwater; riptide; bubbleward,clearing-1,10,10,Wild,24,100.0,0,15.0,"[{""id"": ""coins"", ""quantity"": 9, ""chanceBP"": 10000}, {""id"": ""echo:tideotter"", ""quantity"": 1, ""chanceBP"": 1500}]",1300,null,"[{""id"": ""meadowfiber"", ""name"": ""Meadow Fiber"", ""quantity"": 1, ""chanceBP"": 2500, ""use"": ""Woven Inner Sea mats"", ""status"": ""PLANNED_NOT_LIVE""}]","A small otter has broad paddle-like mittens, a thick flat tail and a pale muzzle framed by two swept-back cheek tufts.",Single supplied pose with transform-based motion; authored frame animation pending.,Supplied PNG integrated; commercial art/motion review pending
lumimoth,Lumimoth,Invertebrate,Willowbrook,Supp,Mobile recovery support,Support,Wind,Int-Based,magic,470,25,55.55555555555556,1.8,8.8,34,moonward,Moon Ward,Restoring HP to an ally gives them a 40 HP shield for 4 seconds. It never replaces or extends a stronger shield.,moonbeam=Moonbeam; moondust=Moondust; lantern=Guiding Lantern; lull=Lullaby; aurora=Aurora,moondust; lantern; moonbeam,brook-0,10,10,Wild,15,100.0,0,15.0,"[{""id"": ""coins"", ""quantity"": 9, ""chanceBP"": 10000}, {""id"": ""echo:lumimoth"", ""quantity"": 1, ""chanceBP"": 1500}]",1300,null,"[{""id"": ""riverpearl"", ""name"": ""River Glass"", ""quantity"": 1, ""chanceBP"": 2500, ""use"": ""Water-themed Inner Sea ornaments"", ""status"": ""PLANNED_NOT_LIVE""}]","A fuzzy moth wears a deep hood-like collar, with broad split wings and two soft lantern-shaped pockets near its shoulders.",Single supplied pose with transform-based motion; authored frame animation pending.,Supplied PNG integrated; commercial art/motion review pending
seedhare,Seedskit,Plant / fungus,Mosslight,DPS,Evasive melee DPS,Melee DPS,Earth,Strength-based,melee,576,42,60.60606060606061,1.65,10,12,winter,Winter Hunt,Strikes deal 20% more damage to slowed enemies.,seedhare_0=Petal Pounce; seedhare_1=Petal Quickstep; seedhare_2=Petal Spore Toss; seedhare_3=Petal Barkskin; seedhare_4=Petal Grove Renewal,seedhare_0; seedhare_1; seedhare_2,clearing-2,8,8,Wild,3,100.0,60,15.0,"[{""id"": ""coins"", ""quantity"": 8, ""chanceBP"": 10000}, {""id"": ""echo:seedhare"", ""quantity"": 1, ""chanceBP"": 1500}]",1100,null,"[{""id"": ""meadowfiber"", ""name"": ""Meadow Fiber"", ""quantity"": 1, ""chanceBP"": 2500, ""use"": ""Woven Inner Sea mats"", ""status"": ""PLANNED_NOT_LIVE""}]","A split seedpod holds a tiny bright face above two long spring-root legs, with a pair of small leaves folded like ears.",Single supplied pose with transform-based motion; authored frame animation pending.,Supplied PNG integrated; commercial art/motion review pending
mossling,Mossling,Plant / fungus,Mosslight,Tank / Supp,Regrowing frontline helper,Support,Earth,Strength-based,melee,469,21,51.948051948051955,1.9249999999999998,8,27,current,Gentle Current,"When you restore HP to an ally other than yourself, remove their Slow.",mossling_0=Sprout Little Bloom; mossling_1=Sprout Petal Ward; mossling_2=Sprout Rootbind; mossling_3=Sprout Fresh Start; mossling_4=Sprout Grove Renewal,mossling_0; mossling_1; mossling_2,clearing-3,10,10,Wild,15,100.0,0,15.0,"[{""id"": ""coins"", ""quantity"": 9, ""chanceBP"": 10000}, {""id"": ""echo:mossling"", ""quantity"": 1, ""chanceBP"": 1500}]",1300,null,"[{""id"": ""meadowfiber"", ""name"": ""Meadow Fiber"", ""quantity"": 1, ""chanceBP"": 2500, ""use"": ""Woven Inner Sea mats"", ""status"": ""PLANNED_NOT_LIVE""}]","A squat moss being has a hollow, bowl-shaped head, root mittens and small seedlings sprouting from patched areas of its body.",Single supplied pose with transform-based motion; authored frame animation pending.,Supplied PNG integrated; commercial art/motion review pending
acornboar,Tuskettle,Beast,Mosslight,Tank,Frontline guard,Tank,Earth,Strength-based,melee,952,24,44.44444444444444,2.25,5.6,12,lastgrove,Last Grove,"Once per battle, survive a hit below 40% HP to gain a 140 HP shield for 6 seconds.",acornboar_0=Acorn Pebble Slam; acornboar_1=Acorn Fortify; acornboar_2=Acorn Bondguard; acornboar_3=Acorn Antler Rush; acornboar_4=Acorn Lifebud,acornboar_0; acornboar_1; acornboar_2,clearing-1,12,12,Wild,15,100.0,0,15.0,"[{""id"": ""coins"", ""quantity"": 10, ""chanceBP"": 10000}, {""id"": ""echo:acornboar"", ""quantity"": 1, ""chanceBP"": 1500}]",1500,null,"[{""id"": ""meadowfiber"", ""name"": ""Meadow Fiber"", ""quantity"": 1, ""chanceBP"": 2500, ""use"": ""Woven Inner Sea mats"", ""status"": ""PLANNED_NOT_LIVE""}]","A low, round boar with a huge acorn-cup shoulder plate, tiny rear legs and blunt tusks that tuck neatly under its chin.",Single supplied pose with transform-based motion; authored frame animation pending.,Supplied PNG integrated; commercial art/motion review pending
pebblepup,Pebblepup,Beast,Mosslight,Fighter,Mobile skirmishing fighter,Melee DPS,Earth,Strength-based,melee,600,44,60.60606060606061,1.65,10,12,cinder,Cinder Heart,"After casting an offensive skill, restore 18 HP to yourself. No healing during Overcharge.",pebblepup_0=Pebble Pounce; pebblepup_1=Pebble Boulder Toss; pebblepup_2=Pebble Quickstep; pebblepup_3=Pebble Fortify; pebblepup_4=Pebble Wild Lunge,pebblepup_0; pebblepup_1; pebblepup_2,clearing-2,14,14,Wild,15,100.0,0,15.0,"[{""id"": ""coins"", ""quantity"": 10, ""chanceBP"": 10000}, {""id"": ""echo:pebblepup"", ""quantity"": 1, ""chanceBP"": 1500}]",1700,null,"[{""id"": ""meadowfiber"", ""name"": ""Meadow Fiber"", ""quantity"": 1, ""chanceBP"": 2500, ""use"": ""Woven Inner Sea mats"", ""status"": ""PLANNED_NOT_LIVE""}]","A broad, pebble-bodied puppy has oversized paddle paws, a tiny stone tail and a muzzle that always looks slightly surprised.",Single supplied pose with transform-based motion; authored frame animation pending.,Supplied PNG integrated; commercial art/motion review pending
dewfin,Dewloop,Elemental / abstract,Mosslight,Supp,Lightweight recovery support,Support,Water,Int-Based,magic,493,22,51.948051948051955,1.9249999999999998,8,27,current,Gentle Current,"When you restore HP to an ally other than yourself, remove their Slow.",dewfin_0=Dew Healing Ripples; dewfin_1=Dew Bubble Ward; dewfin_2=Dew Riptide; dewfin_3=Dew River Cleanse; dewfin_4=Dew Springwater,dewfin_0; dewfin_1; dewfin_2,clearing-3,12,12,Wild,3,100.0,60,15.0,"[{""id"": ""coins"", ""quantity"": 10, ""chanceBP"": 10000}, {""id"": ""echo:dewfin"", ""quantity"": 1, ""chanceBP"": 1500}]",1500,null,"[{""id"": ""meadowfiber"", ""name"": ""Meadow Fiber"", ""quantity"": 1, ""chanceBP"": 2500, ""use"": ""Woven Inner Sea mats"", ""status"": ""PLANNED_NOT_LIVE""}]","A clear ring of water surrounds a small suspended bead-face, with two dangling droplet feet and a folded leaf collar.",Single supplied pose with transform-based motion; authored frame animation pending.,Supplied PNG integrated; commercial art/motion review pending
cloverbug,Cloverguard,Invertebrate,Mosslight,Tank,Folding-shell tank,Tank,Earth,Strength-based,melee,976,26,44.44444444444444,2.25,5.6,12,lastgrove,Last Grove,"Once per battle, survive a hit below 40% HP to gain a 140 HP shield for 6 seconds.",cloverbug_0=Clover Shell Bash; cloverbug_1=Clover Carapace; cloverbug_2=Clover Shellguard; cloverbug_3=Clover Spore Toss; cloverbug_4=Clover Lifebud,cloverbug_0; cloverbug_1; cloverbug_2,clearing-1,14,14,Wild,15,100.0,0,15.0,"[{""id"": ""coins"", ""quantity"": 10, ""chanceBP"": 10000}, {""id"": ""echo:cloverbug"", ""quantity"": 1, ""chanceBP"": 1500}]",1700,null,"[{""id"": ""meadowfiber"", ""name"": ""Meadow Fiber"", ""quantity"": 1, ""chanceBP"": 2500, ""use"": ""Woven Inner Sea mats"", ""status"": ""PLANNED_NOT_LIVE""}]","A broad beetle has four rounded, leaf-shaped shell plates, short gripping legs and a small face beneath a deep front rim.",Single supplied pose with transform-based motion; authored frame animation pending.,Supplied PNG integrated; commercial art/motion review pending
ferncoil,Ferncoil,Plant / fungus,Mosslight,DPS,Ambush plant DPS,Ranged DPS,Earth,Dex-Based,ranged,569,41,54.05405405405405,1.85,8,34,charged,Charged Feathers,Every third basic attack deals 35 extra damage.,ferncoil_0=Fern Rootbind; ferncoil_1=Fern Spore Toss; ferncoil_2=Fern Entangle; ferncoil_3=Fern Quickstep; ferncoil_4=Fern Boulder Toss,ferncoil_0; ferncoil_1; ferncoil_2,clearing-2,16,16,Wild,15,100.0,0,15.0,"[{""id"": ""coins"", ""quantity"": 11, ""chanceBP"": 10000}, {""id"": ""echo:ferncoil"", ""quantity"": 1, ""chanceBP"": 1500}]",1900,null,"[{""id"": ""meadowfiber"", ""name"": ""Meadow Fiber"", ""quantity"": 1, ""chanceBP"": 2500, ""use"": ""Woven Inner Sea mats"", ""status"": ""PLANNED_NOT_LIVE""}]","A tightly coiled fern has hooked root feet, two pale eyes beneath its fronds and a long stem edged with folding leaf blades.",Single supplied pose with transform-based motion; authored frame animation pending.,Supplied PNG integrated; commercial art/motion review pending
honeybat,Honeylark,Avian,Mosslight,Supp,Song-based sustain support,Support,Wind,Int-Based,magic,461,20,51.948051948051955,1.9249999999999998,8,27,current,Gentle Current,"When you restore HP to an ally other than yourself, remove their Slow.",honeybat_0=Honey Moondust; honeybat_1=Honey Guiding Lantern; honeybat_2=Honey Fresh Start; honeybat_3=Honey Moonbeam; honeybat_4=Honey Petal Ward,honeybat_0; honeybat_1; honeybat_2,clearing-3,18,18,Wild,15,100.0,0,15.0,"[{""id"": ""coins"", ""quantity"": 12, ""chanceBP"": 10000}, {""id"": ""echo:honeybat"", ""quantity"": 1, ""chanceBP"": 1500}]",2100,null,"[{""id"": ""meadowfiber"", ""name"": ""Meadow Fiber"", ""quantity"": 1, ""chanceBP"": 2500, ""use"": ""Woven Inner Sea mats"", ""status"": ""PLANNED_NOT_LIVE""}]","A round little bird has a short beak, two honey-colored throat sacs and a broad feather bib that almost covers its feet.",Single supplied pose with transform-based motion; authored frame animation pending.,Supplied PNG integrated; commercial art/motion review pending
reedwren,Snipstream,Elemental / abstract,Mosslight,DPS,Ranged ricochet DPS,Ranged DPS,Wind,Dex-Based,ranged,529,39,52.63157894736842,1.9000000000000001,8,34,charged,Charged Feathers,Every third basic attack deals 35 extra damage.,reedwren_0=Reed Skyneedle; reedwren_1=Reed Headwind; reedwren_2=Reed Tailwind; reedwren_3=Reed Chain Spark; reedwren_4=Reed Quickstep,reedwren_0; reedwren_1; reedwren_2,clearing-1,16,16,Wild,3,100.0,60,15.0,"[{""id"": ""coins"", ""quantity"": 11, ""chanceBP"": 10000}, {""id"": ""echo:reedwren"", ""quantity"": 1, ""chanceBP"": 1500}]",1900,null,"[{""id"": ""meadowfiber"", ""name"": ""Meadow Fiber"", ""quantity"": 1, ""chanceBP"": 2500, ""use"": ""Woven Inner Sea mats"", ""status"": ""PLANNED_NOT_LIVE""}]","A small wind being folds into two sharp chevrons around a dark eye, with one soft tuft trailing from its pointed head.",Single supplied pose with transform-based motion; authored frame animation pending.,Supplied PNG integrated; commercial art/motion review pending
briarcrab,Grinroot,Demon / fiend,Mosslight,Fighter / Supp,Disruptive melee helper,Tank,Earth,Strength-based,melee,952,24,45.45454545454545,2.2,5.6,12,granite,Granite Hide,"Take 10% less incoming damage, including intercepted damage.",briarcrab_0=Briar Bondguard; briarcrab_1=Briar Shell Bash; briarcrab_2=Briar Fortify; briarcrab_3=Briar Rootbind; briarcrab_4=Briar Rallying Ward,briarcrab_0; briarcrab_1; briarcrab_2,clearing-2,18,18,Wild,15,100.0,0,15.0,"[{""id"": ""coins"", ""quantity"": 12, ""chanceBP"": 10000}, {""id"": ""echo:briarcrab"", ""quantity"": 1, ""chanceBP"": 1500}]",2100,null,"[{""id"": ""meadowfiber"", ""name"": ""Meadow Fiber"", ""quantity"": 1, ""chanceBP"": 2500, ""use"": ""Woven Inner Sea mats"", ""status"": ""PLANNED_NOT_LIVE""}]","A soil-colored imp has curling root-like horns, huge open palms and a leaf-shaped tail, with an irrepressible crooked grin.",Single supplied pose with transform-based motion; authored frame animation pending.,Supplied PNG integrated; commercial art/motion review pending
glowcap,Glowcap,Plant / fungus,Mosslight,Supp,Area-buff support,Support,Earth,Int-Based,magic,485,22,51.948051948051955,1.9249999999999998,8,27,current,Gentle Current,"When you restore HP to an ally other than yourself, remove their Slow.",glowcap_0=Glow Spore Toss; glowcap_1=Glow Little Bloom; glowcap_2=Glow Fresh Start; glowcap_3=Glow Petal Ward; glowcap_4=Glow Healing Ripples,glowcap_0; glowcap_1; glowcap_2,clearing-3,20,20,Wild,15,100.0,0,15.0,"[{""id"": ""coins"", ""quantity"": 12, ""chanceBP"": 10000}, {""id"": ""echo:glowcap"", ""quantity"": 1, ""chanceBP"": 1500}]",2300,null,"[{""id"": ""meadowfiber"", ""name"": ""Meadow Fiber"", ""quantity"": 1, ""chanceBP"": 2500, ""use"": ""Woven Inner Sea mats"", ""status"": ""PLANNED_NOT_LIVE""}]","A small mushroom body peers up at its own wide hovering cap, with tiny root hands reaching toward the cap's pale underside.",Single supplied pose with transform-based motion; authored frame animation pending.,Supplied PNG integrated; commercial art/motion review pending
leafmantis,Leafmantis,Invertebrate,Mosslight,DPS,Ambush melee DPS,Melee DPS,Wind,Dex-Based,ranged,608,44,58.82352941176471,1.7,10,12,winter,Winter Hunt,Strikes deal 20% more damage to slowed enemies.,leafmantis_0=Leaf Antler Rush; leafmantis_1=Leaf Wild Lunge; leafmantis_2=Leaf Quickstep; leafmantis_3=Leaf Rootbind; leafmantis_4=Leaf Snowhide,leafmantis_0; leafmantis_1; leafmantis_2,clearing-1,22,22,Wild,3,100.0,60,15.0,"[{""id"": ""coins"", ""quantity"": 13, ""chanceBP"": 10000}, {""id"": ""echo:leafmantis"", ""quantity"": 1, ""chanceBP"": 1500}]",2500,null,"[{""id"": ""meadowfiber"", ""name"": ""Meadow Fiber"", ""quantity"": 1, ""chanceBP"": 2500, ""use"": ""Woven Inner Sea mats"", ""status"": ""PLANNED_NOT_LIVE""}]","A low, angular mantis folds its broad forearms into a closed leaf bud over its face, leaving thin eyes visible beneath.",Single supplied pose with transform-based motion; authored frame animation pending.,Supplied PNG integrated; commercial art/motion review pending
rillrook,Keepsake,Afterlife spirit,Willowbrook,Supp,Protective soul support,Ranged DPS,Water,Int-Based,magic,561,41,54.05405405405405,1.85,8,34,charged,Charged Feathers,Every third basic attack deals 35 extra damage.,rillrook_0=Rill Riptide; rillrook_1=Rill Skyneedle; rillrook_2=Rill Tailwind; rillrook_3=Rill Frostbolt; rillrook_4=Rill Bubble Ward,rillrook_0; rillrook_1; rillrook_2,brook-0,12,12,Wild,3,100.0,60,15.0,"[{""id"": ""coins"", ""quantity"": 10, ""chanceBP"": 10000}, {""id"": ""echo:rillrook"", ""quantity"": 1, ""chanceBP"": 1500}]",1500,null,"[{""id"": ""riverpearl"", ""name"": ""River Glass"", ""quantity"": 1, ""chanceBP"": 2500, ""use"": ""Water-themed Inner Sea ornaments"", ""status"": ""PLANNED_NOT_LIVE""}]",A small translucent spirit hugs a smooth pebble; a ring of smaller stones floats inside its rounded belly beneath shy eyes.,Single supplied pose with transform-based motion; authored frame animation pending.,Supplied PNG integrated; commercial art/motion review pending
shellsnail,Shellsnail,Aquatic,Willowbrook,Fighter,Straight-line charge fighter,Tank,Water,Strength-based,melee,984,26,44.9438202247191,2.225,5.6,12,shell,Shell Reserve,Begin each battle with a 160 HP shield lasting 12 seconds.,shellsnail_0=Spiral Carapace; shellsnail_1=Spiral Shellguard; shellsnail_2=Spiral Riptide; shellsnail_3=Spiral Lifebud; shellsnail_4=Spiral Iron Ward,shellsnail_0; shellsnail_1; shellsnail_2,brook-0,14,14,Wild,15,100.0,0,15.0,"[{""id"": ""coins"", ""quantity"": 10, ""chanceBP"": 10000}, {""id"": ""echo:shellsnail"", ""quantity"": 1, ""chanceBP"": 1500}]",1700,null,"[{""id"": ""riverpearl"", ""name"": ""River Glass"", ""quantity"": 1, ""chanceBP"": 2500, ""use"": ""Water-themed Inner Sea ornaments"", ""status"": ""PLANNED_NOT_LIVE""}]","A small snail has a huge backward-wound spiral shell, a broad flat foot and short eye stalks above a determined little mouth.",Single supplied pose with transform-based motion; authored frame animation pending.,Supplied PNG integrated; commercial art/motion review pending
brooktoad,Brooktoad,Reptile / amphibian,Willowbrook,Supp,Local recovery support,Support,Water,Int-Based,magic,461,20,51.282051282051285,1.95,8,27,moonward,Moon Ward,Restoring HP to an ally gives them a 40 HP shield for 4 seconds. It never replaces or extends a stronger shield.,brooktoad_0=Brook Springwater; brooktoad_1=Brook Bubble Ward; brooktoad_2=Brook Spore Toss; brooktoad_3=Brook River Cleanse; brooktoad_4=Brook Healing Ripples,brooktoad_0; brooktoad_1; brooktoad_2,brook-1,12,12,Wild,15,100.0,0,15.0,"[{""id"": ""coins"", ""quantity"": 10, ""chanceBP"": 10000}, {""id"": ""echo:brooktoad"", ""quantity"": 1, ""chanceBP"": 1500}]",1500,null,"[{""id"": ""riverpearl"", ""name"": ""River Glass"", ""quantity"": 1, ""chanceBP"": 2500, ""use"": ""Water-themed Inner Sea ornaments"", ""status"": ""PLANNED_NOT_LIVE""}]","A squat toad has a wide, pale throat bowl, tiny webbed hands and a low collar of rounded leaves around its shoulders.",Single supplied pose with transform-based motion; authored frame animation pending.,Supplied PNG integrated; commercial art/motion review pending
glassshrimp,Snapglass,Invertebrate,Willowbrook,DPS,Ranged burst DPS,Ranged DPS,Water,Strength-based,melee,529,39,54.05405405405405,1.85,8,34,charged,Charged Feathers,Every third basic attack deals 35 extra damage.,glassshrimp_0=Glass Skyneedle; glassshrimp_1=Glass Frostbolt; glassshrimp_2=Glass Riptide; glassshrimp_3=Glass Quickstep; glassshrimp_4=Glass Bubble Ward,glassshrimp_0; glassshrimp_1; glassshrimp_2,brook-1,14,14,Wild,15,100.0,0,15.0,"[{""id"": ""coins"", ""quantity"": 10, ""chanceBP"": 10000}, {""id"": ""echo:glassshrimp"", ""quantity"": 1, ""chanceBP"": 1500}]",1700,null,"[{""id"": ""riverpearl"", ""name"": ""River Glass"", ""quantity"": 1, ""chanceBP"": 2500, ""use"": ""Water-themed Inner Sea ornaments"", ""status"": ""PLANNED_NOT_LIVE""}]","A clear-bodied shrimp has one enormous prismatic claw, a narrow pointed face and a thick tail folded tightly beneath it.",Single supplied pose with transform-based motion; authored frame animation pending.,Supplied PNG integrated; commercial art/motion review pending
lotusmanta,Lotusmanta,Aquatic,Willowbrook,Supp,Wide-area support,Support,Water,Int-Based,magic,477,21,51.948051948051955,1.9249999999999998,8,27,current,Gentle Current,"When you restore HP to an ally other than yourself, remove their Slow.",lotusmanta_0=Lotus Healing Ripples; lotusmanta_1=Lotus Springwater; lotusmanta_2=Lotus Guiding Lantern; lotusmanta_3=Lotus Aurora; lotusmanta_4=Lotus Bubble Ward,lotusmanta_0; lotusmanta_1; lotusmanta_2,brook-1,16,16,Wild,3,100.0,60,15.0,"[{""id"": ""coins"", ""quantity"": 11, ""chanceBP"": 10000}, {""id"": ""echo:lotusmanta"", ""quantity"": 1, ""chanceBP"": 1500}]",1900,null,"[{""id"": ""riverpearl"", ""name"": ""River Glass"", ""quantity"": 1, ""chanceBP"": 2500, ""use"": ""Water-themed Inner Sea ornaments"", ""status"": ""PLANNED_NOT_LIVE""}]","A broad manta has layered, petal-like fins, a short curling tail and a serene face set beneath the front edge of its body.",Single supplied pose with transform-based motion; authored frame animation pending.,Supplied PNG integrated; commercial art/motion review pending
ripplelynx,Rillblade,Aquatic,Willowbrook,DPS,Close-range dash DPS,Melee DPS,Water,Dex-Based,ranged,600,44,58.82352941176471,1.7,10,12,winter,Winter Hunt,Strikes deal 20% more damage to slowed enemies.,ripplelynx_0=Ripple Frostbite; ripplelynx_1=Ripple Ice Pounce; ripplelynx_2=Ripple Pack Rush; ripplelynx_3=Ripple Snowhide; ripplelynx_4=Ripple Wild Lunge,ripplelynx_0; ripplelynx_1; ripplelynx_2,brook-1,18,18,Wild,15,100.0,0,15.0,"[{""id"": ""coins"", ""quantity"": 12, ""chanceBP"": 10000}, {""id"": ""echo:ripplelynx"", ""quantity"": 1, ""chanceBP"": 1500}]",2100,null,"[{""id"": ""riverpearl"", ""name"": ""River Glass"", ""quantity"": 1, ""chanceBP"": 2500, ""use"": ""Water-themed Inner Sea ornaments"", ""status"": ""PLANNED_NOT_LIVE""}]","A narrow silver fish has four long, scythe-shaped fins and a ribbon tail; a thin loop of water holds it above the ground.",Single supplied pose with transform-based motion; authored frame animation pending.,Supplied PNG integrated; commercial art/motion review pending
rainram,Pluvault,Construct,Willowbrook,Tank / Supp,Reservoir tank,Tank,Water,Int-Based,magic,968,25,45.45454545454545,2.2,5.6,12,granite,Granite Hide,"Take 10% less incoming damage, including intercepted damage.",rainram_0=Rain Antler Rush; rainram_1=Rain Fortify; rainram_2=Rain Bondguard; rainram_3=Rain Riptide; rainram_4=Rain Lifebud,rainram_0; rainram_1; rainram_2,brook-2,16,16,Wild,15,100.0,0,15.0,"[{""id"": ""coins"", ""quantity"": 11, ""chanceBP"": 10000}, {""id"": ""echo:rainram"", ""quantity"": 1, ""chanceBP"": 1500}]",1900,null,"[{""id"": ""riverpearl"", ""name"": ""River Glass"", ""quantity"": 1, ""chanceBP"": 2500, ""use"": ""Water-themed Inner Sea ornaments"", ""status"": ""PLANNED_NOT_LIVE""}]","A round ceramic cistern walks on four squat feet, with gutter-shaped arms and a small face beneath its heavy lid.",Single supplied pose with transform-based motion; authored frame animation pending.,Supplied PNG integrated; commercial art/motion review pending
driftjelly,Driftjelly,Aquatic,Willowbrook,DPS / Supp,Ranged slowing support,Support,Water,Int-Based,magic,501,23,51.948051948051955,1.9249999999999998,8,27,current,Gentle Current,"When you restore HP to an ally other than yourself, remove their Slow.",driftjelly_0=Drift Moondust; driftjelly_1=Drift Bubble Ward; driftjelly_2=Drift Riptide; driftjelly_3=Drift Fresh Start; driftjelly_4=Drift Aurora,driftjelly_0; driftjelly_1; driftjelly_2,brook-2,18,18,Wild,15,100.0,0,15.0,"[{""id"": ""coins"", ""quantity"": 12, ""chanceBP"": 10000}, {""id"": ""echo:driftjelly"", ""quantity"": 1, ""chanceBP"": 1500}]",2100,null,"[{""id"": ""riverpearl"", ""name"": ""River Glass"", ""quantity"": 1, ""chanceBP"": 2500, ""use"": ""Water-themed Inner Sea ornaments"", ""status"": ""PLANNED_NOT_LIVE""}]","A soft jelly has a cap tilted far to one side, a tiny sleepy face and three unequal ribbon-like arms beneath its clear rim.",Single supplied pose with transform-based motion; authored frame animation pending.,Supplied PNG integrated; commercial art/motion review pending
mudmole,Burrowlug,Plant / fungus,Willowbrook,Tank,Entrenched tank,Tank,Earth,Strength-based,melee,984,26,44.44444444444444,2.25,5.6,12,lastgrove,Last Grove,"Once per battle, survive a hit below 40% HP to gain a 140 HP shield for 6 seconds.",mudmole_0=Mud Boulder Toss; mudmole_1=Mud Pebble Slam; mudmole_2=Mud Carapace; mudmole_3=Mud Wildguard; mudmole_4=Mud Lifebud,mudmole_0; mudmole_1; mudmole_2,brook-2,20,20,Wild,3,100.0,60,15.0,"[{""id"": ""coins"", ""quantity"": 12, ""chanceBP"": 10000}, {""id"": ""echo:mudmole"", ""quantity"": 1, ""chanceBP"": 1500}]",2300,null,"[{""id"": ""riverpearl"", ""name"": ""River Glass"", ""quantity"": 1, ""chanceBP"": 2500, ""use"": ""Water-themed Inner Sea ornaments"", ""status"": ""PLANNED_NOT_LIVE""}]","A chunky tuber creature has root-mitten forearms, a tiny leafy crown and an earthy face set low in its broad belly.",Single supplied pose with transform-based motion; authored frame animation pending.,Supplied PNG integrated; commercial art/motion review pending
heronveil,Veilheron,Avian,Willowbrook,DPS,Precision ranged DPS,Ranged DPS,Wind,Dex-Based,ranged,521,38,54.05405405405405,1.85,8,34,charged,Charged Feathers,Every third basic attack deals 35 extra damage.,heronveil_0=Heron Skyneedle; heronveil_1=Heron Chain Spark; heronveil_2=Heron Headwind; heronveil_3=Heron Tailwind; heronveil_4=Heron Snowhide,heronveil_0; heronveil_1; heronveil_2,brook-2,22,22,Wild,15,100.0,0,15.0,"[{""id"": ""coins"", ""quantity"": 13, ""chanceBP"": 10000}, {""id"": ""echo:heronveil"", ""quantity"": 1, ""chanceBP"": 1500}]",2500,null,"[{""id"": ""riverpearl"", ""name"": ""River Glass"", ""quantity"": 1, ""chanceBP"": 2500, ""use"": ""Water-themed Inner Sea ornaments"", ""status"": ""PLANNED_NOT_LIVE""}]","A narrow heron hides its body behind one long, draped wing, leaving a needle beak and two delicate black legs exposed.",Single supplied pose with transform-based motion; authored frame animation pending.,Supplied PNG integrated; commercial art/motion review pending
siltwyrm,Silkstep,Skeletal / undead,Willowbrook,DPS,Ambush melee DPS,Melee DPS,Earth,Dex-Based,ranged,584,43,59.70149253731344,1.6749999999999998,10,12,winter,Winter Hunt,Strikes deal 20% more damage to slowed enemies.,siltwyrm_0=Silt Wild Lunge; siltwyrm_1=Silt Antler Rush; siltwyrm_2=Silt Rootbind; siltwyrm_3=Silt Fortify; siltwyrm_4=Silt Pounce,siltwyrm_0; siltwyrm_1; siltwyrm_2,brook-3,20,20,Wild,3,100.0,60,15.0,"[{""id"": ""coins"", ""quantity"": 12, ""chanceBP"": 10000}, {""id"": ""echo:siltwyrm"", ""quantity"": 1, ""chanceBP"": 1500}]",2300,null,"[{""id"": ""riverpearl"", ""name"": ""River Glass"", ""quantity"": 1, ""chanceBP"": 2500, ""use"": ""Water-themed Inner Sea ornaments"", ""status"": ""PLANNED_NOT_LIVE""}]","A tiny hooded skeleton has four long, spring-bent limbs, a rounded skull and two little tooth tips beneath its bright eyes.",Single supplied pose with transform-based motion; authored frame animation pending.,Supplied PNG integrated; commercial art/motion review pending
coralimp,Reefvault,Invertebrate,Willowbrook,DPS,Leaping ranged DPS,Ranged DPS,Water,Strength-based,melee,537,39,52.63157894736842,1.9000000000000001,8,34,charged,Charged Feathers,Every third basic attack deals 35 extra damage.,coralimp_0=Coral Frostbolt; coralimp_1=Coral Arc Nova; coralimp_2=Coral Riptide; coralimp_3=Coral Bubble Ward; coralimp_4=Coral Comet,coralimp_0; coralimp_1; coralimp_2,brook-3,22,22,Wild,15,100.0,0,15.0,"[{""id"": ""coins"", ""quantity"": 13, ""chanceBP"": 10000}, {""id"": ""echo:coralimp"", ""quantity"": 1, ""chanceBP"": 1500}]",2500,null,"[{""id"": ""riverpearl"", ""name"": ""River Glass"", ""quantity"": 1, ""chanceBP"": 2500, ""use"": ""Water-themed Inner Sea ornaments"", ""status"": ""PLANNED_NOT_LIVE""}]","A narrow hopper balances on two long, branching hind legs, with a small crested head and a smooth, shell-white abdomen.",Single supplied pose with transform-based motion; authored frame animation pending.,Supplied PNG integrated; commercial art/motion review pending
lilydeer,Lilydeer,Beast,Willowbrook,Supp,Terrain support,Support,Earth,Int-Based,magic,485,22,52.631578947368425,1.9,8,27,tender,Tender Care,All your healing is 15% stronger. You are still a fragile support.,lilydeer_0=Lily Grove Renewal; lilydeer_1=Lily Petal Ward; lilydeer_2=Lily Rootbind; lilydeer_3=Lily Lifebud; lilydeer_4=Lily Springstep,lilydeer_0; lilydeer_1; lilydeer_2,brook-3,24,24,Wild,3,100.0,60,15.0,"[{""id"": ""coins"", ""quantity"": 14, ""chanceBP"": 10000}, {""id"": ""echo:lilydeer"", ""quantity"": 1, ""chanceBP"": 1500}]",2700,null,"[{""id"": ""riverpearl"", ""name"": ""River Glass"", ""quantity"": 1, ""chanceBP"": 2500, ""use"": ""Water-themed Inner Sea ornaments"", ""status"": ""PLANNED_NOT_LIVE""}]","A slender deer carries broad, shallow antlers like leafy shelves, with small buds nestled close to its long, gentle face.",Single supplied pose with transform-based motion; authored frame animation pending.,Supplied PNG integrated; commercial art/motion review pending
mistseal,Mistmelt,Elemental / abstract,Willowbrook,Tank / Supp,Defensive zone support,Support,Water,Strength-based,melee,493,22,51.948051948051955,1.9249999999999998,8,27,current,Gentle Current,"When you restore HP to an ally other than yourself, remove their Slow.",mistseal_0=Mist Springwater; mistseal_1=Mist Healing Ripples; mistseal_2=Mist Snowhide; mistseal_3=Mist Fresh Start; mistseal_4=Mist Frostbolt,mistseal_0; mistseal_1; mistseal_2,brook-3,26,26,Wild,15,100.0,0,15.0,"[{""id"": ""coins"", ""quantity"": 14, ""chanceBP"": 10000}, {""id"": ""echo:mistseal"", ""quantity"": 1, ""chanceBP"": 1500}]",2900,null,"[{""id"": ""riverpearl"", ""name"": ""River Glass"", ""quantity"": 1, ""chanceBP"": 2500, ""use"": ""Water-themed Inner Sea ornaments"", ""status"": ""PLANNED_NOT_LIVE""}]","A broad mist body has two drooping arm-lobes, small dark eyes and a clean oval window passing straight through its torso.",Single supplied pose with transform-based motion; authored frame animation pending.,Supplied PNG integrated; commercial art/motion review pending
copperhog,Bellowsnout,Beast,Amber Hollow,Fighter,Pressure brawler,Tank,Fire,Strength-based,melee,976,26,44.44444444444444,2.25,5.6,12,lastgrove,Last Grove,"Once per battle, survive a hit below 40% HP to gain a 140 HP shield for 6 seconds.",copperhog_0=Copper Pebble Slam; copperhog_1=Copper Fortify; copperhog_2=Copper Bondguard; copperhog_3=Copper Scorch; copperhog_4=Copper Rallying Ward,copperhog_0; copperhog_1; copperhog_2,hollow-0,24,24,Wild,15,100.0,0,15.0,"[{""id"": ""coins"", ""quantity"": 14, ""chanceBP"": 10000}, {""id"": ""echo:copperhog"", ""quantity"": 1, ""chanceBP"": 1500}]",2700,null,"[{""id"": ""amberresin"", ""name"": ""Amber Resin"", ""quantity"": 1, ""chanceBP"": 2500, ""use"": ""Warm lantern housings"", ""status"": ""PLANNED_NOT_LIVE""}]","A barrel-bodied boar with an accordion-fold chest, a flattened shovel snout and copper-colored bristles swept into one crest.",Single supplied pose with transform-based motion; authored frame animation pending.,Supplied PNG integrated; commercial art/motion review pending
amberkite,Amberkite,Construct,Amber Hollow,DPS,Aerial ranged DPS,Ranged DPS,Wind,Int-Based,magic,569,41,54.05405405405405,1.85,8,34,charged,Charged Feathers,Every third basic attack deals 35 extra damage.,amberkite_0=Amber Skyneedle; amberkite_1=Amber Headwind; amberkite_2=Amber Chain Spark; amberkite_3=Amber Quickstep; amberkite_4=Amber Tailwind,amberkite_0; amberkite_1; amberkite_2,hollow-0,26,26,Wild,15,100.0,0,15.0,"[{""id"": ""coins"", ""quantity"": 14, ""chanceBP"": 10000}, {""id"": ""echo:amberkite"", ""quantity"": 1, ""chanceBP"": 1500}]",2900,null,"[{""id"": ""amberresin"", ""name"": ""Amber Resin"", ""quantity"": 1, ""chanceBP"": 2500, ""use"": ""Warm lantern housings"", ""status"": ""PLANNED_NOT_LIVE""}]","A diamond-shaped paper being stretches over curved amber ribs, with a tiny central face and two long, split ribbon tails.",Single supplied pose with transform-based motion; authored frame animation pending.,Supplied PNG integrated; commercial art/motion review pending
cindermole,Cindertroop,Collective,Amber Hollow,Fighter,Formation melee fighter,Melee DPS,Fire,Strength-based,melee,576,42,59.70149253731344,1.6749999999999998,10,12,kindling,Kindling,Strikes deal 15% more damage to burning enemies.,cindermole_0=Cinder Cinderbite; cindermole_1=Cinder Pounce; cindermole_2=Cinder Wild Lunge; cindermole_3=Cinder Ash Veil; cindermole_4=Cinder Boulder Toss,cindermole_0; cindermole_1; cindermole_2,hollow-1,24,24,Wild,3,100.0,60,15.0,"[{""id"": ""coins"", ""quantity"": 14, ""chanceBP"": 10000}, {""id"": ""echo:cindermole"", ""quantity"": 1, ""chanceBP"": 1500}]",2700,null,"[{""id"": ""amberresin"", ""name"": ""Amber Resin"", ""quantity"": 1, ""chanceBP"": 2500, ""use"": ""Warm lantern housings"", ""status"": ""PLANNED_NOT_LIVE""}]","Three coal-headed ants fit beneath overlapping shell plates, forming one stocky six-legged creature with three tiny faces.",Single supplied pose with transform-based motion; authored frame animation pending.,Supplied PNG integrated; commercial art/motion review pending
sunscarab,Sunscarab,Invertebrate,Amber Hollow,Tank / Supp,Solar barrier tank,Tank,Fire,Int-Based,magic,944,24,44.44444444444444,2.25,5.6,12,lastgrove,Last Grove,"Once per battle, survive a hit below 40% HP to gain a 140 HP shield for 6 seconds.",sunscarab_0=Solar Carapace; sunscarab_1=Solar Shell Bash; sunscarab_2=Solar Firefan; sunscarab_3=Solar Iron Ward; sunscarab_4=Solar Shellguard,sunscarab_0; sunscarab_1; sunscarab_2,hollow-1,26,26,Wild,15,100.0,0,15.0,"[{""id"": ""coins"", ""quantity"": 14, ""chanceBP"": 10000}, {""id"": ""echo:sunscarab"", ""quantity"": 1, ""chanceBP"": 1500}]",2900,null,"[{""id"": ""amberresin"", ""name"": ""Amber Resin"", ""quantity"": 1, ""chanceBP"": 2500, ""use"": ""Warm lantern housings"", ""status"": ""PLANNED_NOT_LIVE""}]","A low, polished scarab carries a broad circular back framed by two crescent wing cases, with a small calm face underneath.",Single supplied pose with transform-based motion; authored frame animation pending.,Supplied PNG integrated; commercial art/motion review pending
embersalam,Puffiend,Demon / fiend,Amber Hollow,DPS / Supp,Ranged pressure disruptor,Ranged DPS,Fire,Dex-Based,ranged,537,39,54.05405405405405,1.85,8,34,kindling,Kindling,Strikes deal 15% more damage to burning enemies.,embersalam_0=Ember Scorch; embersalam_1=Ember Fireball; embersalam_2=Ember Ember Breath; embersalam_3=Ember Ash Veil; embersalam_4=Ember Wingdraft,embersalam_0; embersalam_1; embersalam_2,hollow-1,28,28,Wild,15,100.0,0,15.0,"[{""id"": ""coins"", ""quantity"": 15, ""chanceBP"": 10000}, {""id"": ""echo:embersalam"", ""quantity"": 1, ""chanceBP"": 1500}]",3100,null,"[{""id"": ""amberresin"", ""name"": ""Amber Resin"", ""quantity"": 1, ""chanceBP"": 2500, ""use"": ""Warm lantern housings"", ""status"": ""PLANNED_NOT_LIVE""}]","A puffed-up coal imp has huge round cheeks, two short horn-shaped vents and little hands planted proudly on its hips.",Single supplied pose with transform-based motion; authored frame animation pending.,Supplied PNG integrated; commercial art/motion review pending
ochrewisp,Casketot,Haunted object,Amber Hollow,Tank,Retreat-and-guard tank,Support,Earth,Int-Based,magic,485,22,51.948051948051955,1.9249999999999998,8,27,current,Gentle Current,"When you restore HP to an ally other than yourself, remove their Slow.",ochrewisp_0=Ochre Moondust; ochrewisp_1=Ochre Little Bloom; ochrewisp_2=Ochre Petal Ward; ochrewisp_3=Ochre Rootbind; ochrewisp_4=Ochre Fresh Start,ochrewisp_0; ochrewisp_1; ochrewisp_2,hollow-1,30,30,Wild,15,100.0,0,15.0,"[{""id"": ""coins"", ""quantity"": 16, ""chanceBP"": 10000}, {""id"": ""echo:ochrewisp"", ""quantity"": 1, ""chanceBP"": 1500}]",3300,null,"[{""id"": ""amberresin"", ""name"": ""Amber Resin"", ""quantity"": 1, ""chanceBP"": 2500, ""use"": ""Warm lantern housings"", ""status"": ""PLANNED_NOT_LIVE""}]","A small rounded coffin has a shy face in its dark opening, soft spectral arms at its sides and two stubby wooden feet.",Single supplied pose with transform-based motion; authored frame animation pending.,Supplied PNG integrated; commercial art/motion review pending
bronzebuck,Gonglet,Construct,Amber Hollow,Tank / Supp,Resonant guard,Tank,Earth,Int-Based,magic,968,25,44.44444444444444,2.25,5.6,12,lastgrove,Last Grove,"Once per battle, survive a hit below 40% HP to gain a 140 HP shield for 6 seconds.",bronzebuck_0=Bronze Antler Rush; bronzebuck_1=Bronze Rootbind; bronzebuck_2=Bronze Wildguard; bronzebuck_3=Bronze Fortify; bronzebuck_4=Bronze Green Canopy,bronzebuck_0; bronzebuck_1; bronzebuck_2,hollow-2,28,28,Wild,3,100.0,60,15.0,"[{""id"": ""coins"", ""quantity"": 15, ""chanceBP"": 10000}, {""id"": ""echo:bronzebuck"", ""quantity"": 1, ""chanceBP"": 1500}]",3100,null,"[{""id"": ""amberresin"", ""name"": ""Amber Resin"", ""quantity"": 1, ""chanceBP"": 2500, ""use"": ""Warm lantern housings"", ""status"": ""PLANNED_NOT_LIVE""}]","A small brass gong hangs inside its own round frame, with crescent feet, mitten-like beaters and a sleepy embossed face.",Single supplied pose with transform-based motion; authored frame animation pending.,Supplied PNG integrated; commercial art/motion review pending
thistlehare,Pinstitch,Haunted object,Amber Hollow,DPS / Supp,Hexing skirmisher,Melee DPS,Earth,Dex-Based,ranged,616,45,60.60606060606061,1.65,10,12,winter,Winter Hunt,Strikes deal 20% more damage to slowed enemies.,thistlehare_0=Thistle Pounce; thistlehare_1=Thistle Spore Toss; thistlehare_2=Thistle Quickstep; thistlehare_3=Thistle Wild Lunge; thistlehare_4=Thistle Rootbind,thistlehare_0; thistlehare_1; thistlehare_2,hollow-2,30,30,Wild,3,100.0,60,15.0,"[{""id"": ""coins"", ""quantity"": 16, ""chanceBP"": 10000}, {""id"": ""echo:thistlehare"", ""quantity"": 1, ""chanceBP"": 1500}]",3300,null,"[{""id"": ""amberresin"", ""name"": ""Amber Resin"", ""quantity"": 1, ""chanceBP"": 2500, ""use"": ""Warm lantern housings"", ""status"": ""PLANNED_NOT_LIVE""}]","A small rag doll has one enormous stitched hand, a crooked button eye and a soft crown of blunt, mismatched pins.",Single supplied pose with transform-based motion; authored frame animation pending.,Supplied PNG integrated; commercial art/motion review pending
ashporcupine,Wickeep,Haunted object,Amber Hollow,Supp,Sustain support,Tank,Fire,Dex-Based,ranged,984,26,44.9438202247191,2.225,5.6,12,shell,Shell Reserve,Begin each battle with a 160 HP shield lasting 12 seconds.,ashporcupine_0=Ash Boulder Toss; ashporcupine_1=Ash Carapace; ashporcupine_2=Ash Scorch; ashporcupine_3=Ash Bondguard; ashporcupine_4=Ash Shell Bash,ashporcupine_0; ashporcupine_1; ashporcupine_2,hollow-2,32,32,Wild,15,100.0,0,15.0,"[{""id"": ""coins"", ""quantity"": 16, ""chanceBP"": 10000}, {""id"": ""echo:ashporcupine"", ""quantity"": 1, ""chanceBP"": 1500}]",3500,null,"[{""id"": ""amberresin"", ""name"": ""Amber Resin"", ""quantity"": 1, ""chanceBP"": 2500, ""use"": ""Warm lantern housings"", ""status"": ""PLANNED_NOT_LIVE""}]","A small wax being with drooping sleeves, a worried little face and broad hands cupped around the soul-flame on its head.",Single supplied pose with transform-based motion; authored frame animation pending.,Supplied PNG integrated; commercial art/motion review pending
resinroach,Resinrook,Construct,Amber Hollow,Tank,Fortifying tank,Ranged DPS,Earth,Strength-based,melee,521,38,52.63157894736842,1.9000000000000001,8,34,charged,Charged Feathers,Every third basic attack deals 35 extra damage.,resinroach_0=Resin Spore Toss; resinroach_1=Resin Boulder Toss; resinroach_2=Resin Rootbind; resinroach_3=Resin Quickstep; resinroach_4=Resin Iron Ward,resinroach_0; resinroach_1; resinroach_2,hollow-2,34,34,Wild,15,100.0,0,15.0,"[{""id"": ""coins"", ""quantity"": 17, ""chanceBP"": 10000}, {""id"": ""echo:resinroach"", ""quantity"": 1, ""chanceBP"": 1500}]",3700,null,"[{""id"": ""amberresin"", ""name"": ""Amber Resin"", ""quantity"": 1, ""chanceBP"": 2500, ""use"": ""Warm lantern housings"", ""status"": ""PLANNED_NOT_LIVE""}]","A squat amber tower has enormous block-like arms, a recessed stern face and a small leafy twig suspended inside its chest.",Single supplied pose with transform-based motion; authored frame animation pending.,Supplied PNG integrated; commercial art/motion review pending
marigoldia,Marigloom,Afterlife spirit,Amber Hollow,Supp,Protective soul support,Support,Earth,Int-Based,magic,469,21,52.631578947368425,1.9,8,27,tender,Tender Care,All your healing is 15% stronger. You are still a fragile support.,marigoldia_0=Marigold Little Bloom; marigoldia_1=Marigold Grove Renewal; marigoldia_2=Marigold Petal Ward; marigoldia_3=Marigold Fresh Start; marigoldia_4=Marigold Entangle,marigoldia_0; marigoldia_1; marigoldia_2,hollow-3,32,32,Wild,3,100.0,60,15.0,"[{""id"": ""coins"", ""quantity"": 16, ""chanceBP"": 10000}, {""id"": ""echo:marigoldia"", ""quantity"": 1, ""chanceBP"": 1500}]",3500,null,"[{""id"": ""amberresin"", ""name"": ""Amber Resin"", ""quantity"": 1, ""chanceBP"": 2500, ""use"": ""Warm lantern housings"", ""status"": ""PLANNED_NOT_LIVE""}]","A small ivory face floats within a wide rosette of soft petals, with two little hands dangling beneath its flower-cloak.",Single supplied pose with transform-based motion; authored frame animation pending.,Supplied PNG integrated; commercial art/motion review pending
flintjackal,Cinderknuckle,Demon / fiend,Amber Hollow,Fighter,Heavy melee brawler,Melee DPS,Fire,Int-Based,magic,592,43,59.70149253731344,1.6749999999999998,10,12,kindling,Kindling,Strikes deal 15% more damage to burning enemies.,flintjackal_0=Flint Cinderbite; flintjackal_1=Flint Wild Lunge; flintjackal_2=Flint Pounce; flintjackal_3=Flint Quickstep; flintjackal_4=Flint Firefan,flintjackal_0; flintjackal_1; flintjackal_2,hollow-3,34,34,Wild,15,100.0,0,15.0,"[{""id"": ""coins"", ""quantity"": 17, ""chanceBP"": 10000}, {""id"": ""echo:flintjackal"", ""quantity"": 1, ""chanceBP"": 1500}]",3700,null,"[{""id"": ""amberresin"", ""name"": ""Amber Resin"", ""quantity"": 1, ""chanceBP"": 2500, ""use"": ""Warm lantern housings"", ""status"": ""PLANNED_NOT_LIVE""}]","A broad little fiend with oversized charcoal fists, short curled horns and a tiny round face tucked between its shoulders.",Single supplied pose with transform-based motion; authored frame animation pending.,Supplied PNG integrated; commercial art/motion review pending
dunecoil,Ribwhirl,Skeletal / undead,Amber Hollow,Fighter,Rolling melee fighter,Ranged DPS,Earth,Int-Based,magic,545,40,52.63157894736842,1.9000000000000001,8,34,charged,Charged Feathers,Every third basic attack deals 35 extra damage.,dunecoil_0=Dune Boulder Toss; dunecoil_1=Dune Rootbind; dunecoil_2=Dune Spore Toss; dunecoil_3=Dune Snowhide; dunecoil_4=Dune Headwind,dunecoil_0; dunecoil_1; dunecoil_2,hollow-3,36,36,Wild,15,100.0,0,15.0,"[{""id"": ""coins"", ""quantity"": 18, ""chanceBP"": 10000}, {""id"": ""echo:dunecoil"", ""quantity"": 1, ""chanceBP"": 1500}]",3900,null,"[{""id"": ""amberresin"", ""name"": ""Amber Resin"", ""quantity"": 1, ""chanceBP"": 2500, ""use"": ""Warm lantern housings"", ""status"": ""PLANNED_NOT_LIVE""}]","A ring of rounded ribs forms a wheel around a small grinning skull, with two oversized bone hands hanging at its sides.",Single supplied pose with transform-based motion; authored frame animation pending.,Supplied PNG integrated; commercial art/motion review pending
saffronmoth,Saffrune,Plant / fungus,Amber Hollow,Supp,Buff-and-cleanse support,Support,Wind,Int-Based,magic,493,22,52.631578947368425,1.9,8,27,tender,Tender Care,All your healing is 15% stronger. You are still a fragile support.,saffronmoth_0=Saffron Moondust; saffronmoth_1=Saffron Guiding Lantern; saffronmoth_2=Saffron Aurora; saffronmoth_3=Saffron Moonbeam; saffronmoth_4=Saffron Fresh Start,saffronmoth_0; saffronmoth_1; saffronmoth_2,hollow-3,38,38,Wild,15,100.0,0,15.0,"[{""id"": ""coins"", ""quantity"": 18, ""chanceBP"": 10000}, {""id"": ""echo:saffronmoth"", ""quantity"": 1, ""chanceBP"": 1500}]",4100,null,"[{""id"": ""amberresin"", ""name"": ""Amber Resin"", ""quantity"": 1, ""chanceBP"": 2500, ""use"": ""Warm lantern housings"", ""status"": ""PLANNED_NOT_LIVE""}]","A broad-petaled flower floats above a tiny seed face, with long saffron-colored roots curled into two delicate loops.",Single supplied pose with transform-based motion; authored frame animation pending.,Supplied PNG integrated; commercial art/motion review pending
moonrabbit,Pillowisp,Elemental / abstract,Moonwell,Supp,Rest-and-cleanse support,Support,Water,Int-Based,magic,501,23,51.948051948051955,1.9249999999999998,8,27,current,Gentle Current,"When you restore HP to an ally other than yourself, remove their Slow.",moonrabbit_0=Moon Moondust; moonrabbit_1=Moon Aurora; moonrabbit_2=Moon Snowhide; moonrabbit_3=Moon Frostbolt; moonrabbit_4=Moon Guiding Lantern,moonrabbit_0; moonrabbit_1; moonrabbit_2,ruins-0,42,42,Wild,3,100.0,60,15.0,"[{""id"": ""coins"", ""quantity"": 20, ""chanceBP"": 10000}, {""id"": ""echo:moonrabbit"", ""quantity"": 1, ""chanceBP"": 1500}]",4500,null,"[{""id"": ""moonchalk"", ""name"": ""Moon Chalk"", ""quantity"": 1, ""chanceBP"": 2500, ""use"": ""Moonwell wall patterns"", ""status"": ""PLANNED_NOT_LIVE""}]","A squashy dream creature has four pillow-like corners, a crescent mouth and a long folded tip that droops over one eye.",Single supplied pose with transform-based motion; authored frame animation pending.,Supplied PNG integrated; commercial art/motion review pending
runecrab,Cairnclamp,Construct,Moonwell,Tank,Grappling guard,Tank,Earth,Strength-based,melee,984,26,44.44444444444444,2.25,5.6,12,lastgrove,Last Grove,"Once per battle, survive a hit below 40% HP to gain a 140 HP shield for 6 seconds.",runecrab_0=Rune Iron Ward; runecrab_1=Rune Shellguard; runecrab_2=Rune Shell Bash; runecrab_3=Rune Stonewave; runecrab_4=Rune Carapace,runecrab_0; runecrab_1; runecrab_2,ruins-0,44,44,Wild,15,100.0,0,15.0,"[{""id"": ""coins"", ""quantity"": 20, ""chanceBP"": 10000}, {""id"": ""echo:runecrab"", ""quantity"": 1, ""chanceBP"": 1500}]",4700,null,"[{""id"": ""moonchalk"", ""name"": ""Moon Chalk"", ""quantity"": 1, ""chanceBP"": 2500, ""use"": ""Moonwell wall patterns"", ""status"": ""PLANNED_NOT_LIVE""}]","A low stack of shale forms a deep-set face between two enormous arch-shaped arms, with four small stones for feet.",Single supplied pose with transform-based motion; authored frame animation pending.,Supplied PNG integrated; commercial art/motion review pending
starnewt,Starfrog,Reptile / amphibian,Moonwell,DPS,Ranged burst DPS,Ranged DPS,Water,Int-Based,magic,521,38,54.05405405405405,1.85,8,34,charged,Charged Feathers,Every third basic attack deals 35 extra damage.,starnewt_0=Star Frostbolt; starnewt_1=Star Comet; starnewt_2=Star Riptide; starnewt_3=Star Bubble Ward; starnewt_4=Star Arc Nova,starnewt_0; starnewt_1; starnewt_2,ruins-0,46,46,Wild,15,100.0,0,15.0,"[{""id"": ""coins"", ""quantity"": 21, ""chanceBP"": 10000}, {""id"": ""echo:starnewt"", ""quantity"": 1, ""chanceBP"": 1500}]",4900,null,"[{""id"": ""moonchalk"", ""name"": ""Moon Chalk"", ""quantity"": 1, ""chanceBP"": 2500, ""use"": ""Moonwell wall patterns"", ""status"": ""PLANNED_NOT_LIVE""}]",A tiny glass-bodied frog has a broad clear belly dotted with star-like lights and four oversized crescent-shaped feet.,Single supplied pose with transform-based motion; authored frame animation pending.,Supplied PNG integrated; commercial art/motion review pending
veilray,Veilora,Afterlife spirit,Moonwell,Tank / Supp,Protective spirit tank,Support,Wind,Int-Based,magic,469,21,51.948051948051955,1.9249999999999998,8,27,current,Gentle Current,"When you restore HP to an ally other than yourself, remove their Slow.",veilray_0=Veil Guiding Lantern; veilray_1=Veil Aurora; veilray_2=Veil Moonbeam; veilray_3=Veil Bubble Ward; veilray_4=Veil Fresh Start,veilray_0; veilray_1; veilray_2,ruins-1,44,44,Wild,15,100.0,0,15.0,"[{""id"": ""coins"", ""quantity"": 20, ""chanceBP"": 10000}, {""id"": ""echo:veilray"", ""quantity"": 1, ""chanceBP"": 1500}]",4700,null,"[{""id"": ""moonchalk"", ""name"": ""Moon Chalk"", ""quantity"": 1, ""chanceBP"": 2500, ""use"": ""Moonwell wall patterns"", ""status"": ""PLANNED_NOT_LIVE""}]","An empty flowing veil frames two gentle lights, held open by oversized rounded bone hands above a small scalloped hem.",Single supplied pose with transform-based motion; authored frame animation pending.,Supplied PNG integrated; commercial art/motion review pending
duskmarten,Inkmarten,Beast,Moonwell,DPS,Melee skirmisher,Melee DPS,Water,Dex-Based,ranged,592,43,58.82352941176471,1.7,10,12,winter,Winter Hunt,Strikes deal 20% more damage to slowed enemies.,duskmarten_0=Dusk Frostbite; duskmarten_1=Dusk Wild Lunge; duskmarten_2=Dusk Ice Pounce; duskmarten_3=Dusk Quickstep; duskmarten_4=Dusk Snowhide,duskmarten_0; duskmarten_1; duskmarten_2,ruins-1,46,46,Wild,3,100.0,60,15.0,"[{""id"": ""coins"", ""quantity"": 21, ""chanceBP"": 10000}, {""id"": ""echo:duskmarten"", ""quantity"": 1, ""chanceBP"": 1500}]",4900,null,"[{""id"": ""moonchalk"", ""name"": ""Moon Chalk"", ""quantity"": 1, ""chanceBP"": 2500, ""use"": ""Moonwell wall patterns"", ""status"": ""PLANNED_NOT_LIVE""}]","A long, low marten with oversized silent paws, a brush-tip tail and a dark face broken by two narrow white cheek marks.",Single supplied pose with transform-based motion; authored frame animation pending.,Supplied PNG integrated; commercial art/motion review pending
opalowl,Hushowl,Avian,Moonwell,DPS / Supp,Ranged disruption support,Ranged DPS,Wind,Strength-based,melee,545,40,54.05405405405405,1.85,8,34,charged,Charged Feathers,Every third basic attack deals 35 extra damage.,opalowl_0=Opal Chain Spark; opalowl_1=Opal Skyneedle; opalowl_2=Opal Static Bolt; opalowl_3=Opal Tailwind; opalowl_4=Opal Frostbolt,opalowl_0; opalowl_1; opalowl_2,ruins-1,48,48,Wild,15,100.0,0,15.0,"[{""id"": ""coins"", ""quantity"": 22, ""chanceBP"": 10000}, {""id"": ""echo:opalowl"", ""quantity"": 1, ""chanceBP"": 1500}]",5100,null,"[{""id"": ""moonchalk"", ""name"": ""Moon Chalk"", ""quantity"": 1, ""chanceBP"": 2500, ""use"": ""Moonwell wall patterns"", ""status"": ""PLANNED_NOT_LIVE""}]","A round owl has a smooth, sliding feather mask, tiny visible feet and two large eyes that peer out from beneath its rim.",Single supplied pose with transform-based motion; authored frame animation pending.,Supplied PNG integrated; commercial art/motion review pending
lanternslug,Maskin,Afterlife spirit,Moonwell,DPS / Supp,Collective ranged disruptor,Support,Earth,Int-Based,magic,493,22,51.948051948051955,1.9249999999999998,8,27,current,Gentle Current,"When you restore HP to an ally other than yourself, remove their Slow.",lanternslug_0=Lantern Little Bloom; lanternslug_1=Lantern Moondust; lanternslug_2=Lantern Petal Ward; lanternslug_3=Lantern Rootbind; lanternslug_4=Lantern Fresh Start,lanternslug_0; lanternslug_1; lanternslug_2,ruins-1,50,50,Wild,15,100.0,0,15.0,"[{""id"": ""coins"", ""quantity"": 22, ""chanceBP"": 10000}, {""id"": ""echo:lanternslug"", ""quantity"": 1, ""chanceBP"": 1500}]",5300,null,"[{""id"": ""moonchalk"", ""name"": ""Moon Chalk"", ""quantity"": 1, ""chanceBP"": 2500, ""use"": ""Moonwell wall patterns"", ""status"": ""PLANNED_NOT_LIVE""}]","Three tiny round spirits carry one oversized smiling mask, with their little hands and dangling feet visible around its edge.",Single supplied pose with transform-based motion; authored frame animation pending.,Supplied PNG integrated; commercial art/motion review pending
mirrormantis,Mirrormantis,Invertebrate,Moonwell,DPS,Deceptive melee DPS,Melee DPS,Wind,Strength-based,melee,616,45,58.82352941176471,1.7,10,12,winter,Winter Hunt,Strikes deal 20% more damage to slowed enemies.,mirrormantis_0=Mirror Wild Lunge; mirrormantis_1=Mirror Antler Rush; mirrormantis_2=Mirror Quickstep; mirrormantis_3=Mirror Snowhide; mirrormantis_4=Mirror Frostbite,mirrormantis_0; mirrormantis_1; mirrormantis_2,ruins-2,48,48,Wild,15,100.0,0,15.0,"[{""id"": ""coins"", ""quantity"": 22, ""chanceBP"": 10000}, {""id"": ""echo:mirrormantis"", ""quantity"": 1, ""chanceBP"": 1500}]",5100,null,"[{""id"": ""moonchalk"", ""name"": ""Moon Chalk"", ""quantity"": 1, ""chanceBP"": 2500, ""use"": ""Moonwell wall patterns"", ""status"": ""PLANNED_NOT_LIVE""}]","A thin mantis holds two broad mirror forearms together as a false torso, while its real head peeks around one bright edge.",Single supplied pose with transform-based motion; authored frame animation pending.,Supplied PNG integrated; commercial art/motion review pending
crystalurchin,Hexurchin,Aquatic,Moonwell,Tank,Retracting defense tank,Tank,Water,Strength-based,melee,984,26,45.45454545454545,2.2,5.6,12,granite,Granite Hide,"Take 10% less incoming damage, including intercepted damage.",crystalurchin_0=Crystal Carapace; crystalurchin_1=Crystal Boulder Toss; crystalurchin_2=Crystal Fortify; crystalurchin_3=Crystal Frostbolt; crystalurchin_4=Crystal Bondguard,crystalurchin_0; crystalurchin_1; crystalurchin_2,ruins-2,50,50,Wild,3,100.0,60,15.0,"[{""id"": ""coins"", ""quantity"": 22, ""chanceBP"": 10000}, {""id"": ""echo:crystalurchin"", ""quantity"": 1, ""chanceBP"": 1500}]",5300,null,"[{""id"": ""moonchalk"", ""name"": ""Moon Chalk"", ""quantity"": 1, ""chanceBP"": 2500, ""use"": ""Moonwell wall patterns"", ""status"": ""PLANNED_NOT_LIVE""}]","A round urchin has broad hexagonal spines that fit into a faceted shell, with tiny pink tube feet and two bead-like eyes.",Single supplied pose with transform-based motion; authored frame animation pending.,Supplied PNG integrated; commercial art/motion review pending
dreamtapir,Dreamtapir,Beast,Moonwell,Supp,Sleep-and-recovery support,Support,Water,Int-Based,magic,461,20,51.948051948051955,1.9249999999999998,8,27,current,Gentle Current,"When you restore HP to an ally other than yourself, remove their Slow.",dreamtapir_0=Dream Lullaby; dreamtapir_1=Dream Healing Ripples; dreamtapir_2=Dream Moondust; dreamtapir_3=Dream Bubble Ward; dreamtapir_4=Dream River Cleanse,dreamtapir_0; dreamtapir_1; dreamtapir_2,ruins-2,52,52,Wild,15,100.0,0,15.0,"[{""id"": ""coins"", ""quantity"": 23, ""chanceBP"": 10000}, {""id"": ""echo:dreamtapir"", ""quantity"": 1, ""chanceBP"": 1500}]",5500,null,"[{""id"": ""moonchalk"", ""name"": ""Moon Chalk"", ""quantity"": 1, ""chanceBP"": 2500, ""use"": ""Moonwell wall patterns"", ""status"": ""PLANNED_NOT_LIVE""}]","A drowsy tapir with a pillow-fold back, a long drooping snout and small bubble-like pockets visible beneath its soft belly.",Single supplied pose with transform-based motion; authored frame animation pending.,Supplied PNG integrated; commercial art/motion review pending
moongolem,Cairnkin,Skeletal / undead,Moonwell,Tank,Dedicated undead guard,Tank,Earth,Strength-based,melee,944,24,44.44444444444444,2.25,5.6,12,lastgrove,Last Grove,"Once per battle, survive a hit below 40% HP to gain a 140 HP shield for 6 seconds.",moongolem_0=Moonstone Fortify; moongolem_1=Moonstone Pebble Slam; moongolem_2=Moonstone Bondguard; moongolem_3=Moonstone Boulder Toss; moongolem_4=Moonstone Rallying Ward,moongolem_0; moongolem_1; moongolem_2,ruins-2,54,54,Wild,15,100.0,0,15.0,"[{""id"": ""coins"", ""quantity"": 24, ""chanceBP"": 10000}, {""id"": ""echo:moongolem"", ""quantity"": 1, ""chanceBP"": 1500}]",5700,null,"[{""id"": ""moonchalk"", ""name"": ""Moon Chalk"", ""quantity"": 1, ""chanceBP"": 2500, ""use"": ""Moonwell wall patterns"", ""status"": ""PLANNED_NOT_LIVE""}]","A squat skeletal guardian holds a broad jawbone shield, with thick knucklebone limbs and two shy lights deep in its skull.",Single supplied pose with transform-based motion; authored frame animation pending.,Supplied PNG integrated; commercial art/motion review pending
astralfox,Lunaskein,Elemental / abstract,Moonwell,DPS / Supp,Ranged disruptor,Melee DPS,Wind,Int-Based,magic,592,43,60.60606060606061,1.65,10,12,cinder,Cinder Heart,"After casting an offensive skill, restore 18 HP to yourself. No healing during Overcharge.",astralfox_0=Astral Pounce; astralfox_1=Astral Wild Lunge; astralfox_2=Astral Quickstep; astralfox_3=Astral Moonbeam; astralfox_4=Astral Snowhide,astralfox_0; astralfox_1; astralfox_2,ruins-3,52,52,Wild,15,100.0,0,15.0,"[{""id"": ""coins"", ""quantity"": 23, ""chanceBP"": 10000}, {""id"": ""echo:astralfox"", ""quantity"": 1, ""chanceBP"": 1500}]",5500,null,"[{""id"": ""moonchalk"", ""name"": ""Moon Chalk"", ""quantity"": 1, ""chanceBP"": 2500, ""use"": ""Moonwell wall patterns"", ""status"": ""PLANNED_NOT_LIVE""}]","A floating ribbon forms a long, hollow body around a crescent face; its two tapered ends curl like expressive ears.",Single supplied pose with transform-based motion; authored frame animation pending.,Supplied PNG integrated; commercial art/motion review pending
echochime,Echochime,Haunted object,Moonwell,Supp,Warning-and-cleanse support,Support,Wind,Int-Based,magic,485,22,51.948051948051955,1.9249999999999998,8,27,current,Gentle Current,"When you restore HP to an ally other than yourself, remove their Slow.",echochime_0=Chime Aurora; echochime_1=Chime Guiding Lantern; echochime_2=Chime Fresh Start; echochime_3=Chime Moonbeam; echochime_4=Chime Petal Ward,echochime_0; echochime_1; echochime_2,ruins-3,54,54,Wild,3,100.0,60,15.0,"[{""id"": ""coins"", ""quantity"": 24, ""chanceBP"": 10000}, {""id"": ""echo:echochime"", ""quantity"": 1, ""chanceBP"": 1500}]",5700,null,"[{""id"": ""moonchalk"", ""name"": ""Moon Chalk"", ""quantity"": 1, ""chanceBP"": 2500, ""use"": ""Moonwell wall patterns"", ""status"": ""PLANNED_NOT_LIVE""}]",A small faceless bell floats above a shadow with an expressive round face and soft ears; its body has two tiny side handles.,Single supplied pose with transform-based motion; authored frame animation pending.,Supplied PNG integrated; commercial art/motion review pending
pearlwyrm,Pearlweaver,Invertebrate,Moonwell,DPS,Precision ranged DPS,Ranged DPS,Water,Dex-Based,ranged,553,40,52.63157894736842,1.9000000000000001,8,34,charged,Charged Feathers,Every third basic attack deals 35 extra damage.,pearlwyrm_0=Pearl Frostbolt; pearlwyrm_1=Pearl Riptide; pearlwyrm_2=Pearl Comet; pearlwyrm_3=Pearl Ash Veil; pearlwyrm_4=Pearl Snowfall,pearlwyrm_0; pearlwyrm_1; pearlwyrm_2,ruins-3,56,56,Wild,15,100.0,0,15.0,"[{""id"": ""coins"", ""quantity"": 24, ""chanceBP"": 10000}, {""id"": ""echo:pearlwyrm"", ""quantity"": 1, ""chanceBP"": 1500}]",5900,null,"[{""id"": ""moonchalk"", ""name"": ""Moon Chalk"", ""quantity"": 1, ""chanceBP"": 2500, ""use"": ""Moonwell wall patterns"", ""status"": ""PLANNED_NOT_LIVE""}]","A slender spider carries one large pearl-like abdomen, with two raised front legs and six delicate, sharply bent walking legs.",Single supplied pose with transform-based motion; authored frame animation pending.,Supplied PNG integrated; commercial art/motion review pending
inksprite,Inksprite,Elemental / abstract,Moonwell,DPS / Supp,Debuffing ranged DPS,Ranged DPS,Water,Dex-Based,ranged,561,41,54.05405405405405,1.85,8,34,charged,Charged Feathers,Every third basic attack deals 35 extra damage.,inksprite_0=Ink Crown Hex; inksprite_1=Ink Arc Nova; inksprite_2=Ink Frostbolt; inksprite_3=Ink Bubble Ward; inksprite_4=Ink Moonbeam,inksprite_0; inksprite_1; inksprite_2,ruins-3,58,58,Wild,15,100.0,0,15.0,"[{""id"": ""coins"", ""quantity"": 25, ""chanceBP"": 10000}, {""id"": ""echo:inksprite"", ""quantity"": 1, ""chanceBP"": 1500}]",6100,null,"[{""id"": ""moonchalk"", ""name"": ""Moon Chalk"", ""quantity"": 1, ""chanceBP"": 2500, ""use"": ""Moonwell wall patterns"", ""status"": ""PLANNED_NOT_LIVE""}]","A flat inkblot has a crooked white grin, two long brush-tip arms and a pointed head that folds over like wet paper.",Single supplied pose with transform-based motion; authored frame animation pending.,Supplied PNG integrated; commercial art/motion review pending
galeibex,Hornvault,Skeletal / undead,Windstep,Tank,Mobile barrier tank,Tank,Wind,Int-Based,magic,984,26,44.9438202247191,2.225,5.6,12,shell,Shell Reserve,Begin each battle with a 160 HP shield lasting 12 seconds.,galeibex_0=Gale Antler Rush; galeibex_1=Gale Wildguard; galeibex_2=Gale Fortify; galeibex_3=Gale Headwind; galeibex_4=Gale Rallying Ward,galeibex_0; galeibex_1; galeibex_2,rise-0,62,62,Wild,3,100.0,60,15.0,"[{""id"": ""coins"", ""quantity"": 26, ""chanceBP"": 10000}, {""id"": ""echo:galeibex"", ""quantity"": 1, ""chanceBP"": 1500}]",6500,null,"[{""id"": ""windthread"", ""name"": ""Wind Thread"", ""quantity"": 1, ""chanceBP"": 2500, ""use"": ""Decorative pennants"", ""status"": ""PLANNED_NOT_LIVE""}]",A broad horned skull floats above a ring of pale ribs; little mitten-shaped bones hover beside its softly glowing eyes.,Single supplied pose with transform-based motion; authored frame animation pending.,Supplied PNG integrated; commercial art/motion review pending
cloudfin,Cloudfin,Aquatic,Windstep,Supp,Aerial mobility support,Support,Wind,Int-Based,magic,461,20,51.282051282051285,1.95,8,27,moonward,Moon Ward,Restoring HP to an ally gives them a 40 HP shield for 4 seconds. It never replaces or extends a stronger shield.,cloudfin_0=Cloud Guiding Lantern; cloudfin_1=Cloud Aurora; cloudfin_2=Cloud Bubble Ward; cloudfin_3=Cloud Healing Ripples; cloudfin_4=Cloud Headwind,cloudfin_0; cloudfin_1; cloudfin_2,rise-0,64,64,Wild,3,100.0,60,15.0,"[{""id"": ""coins"", ""quantity"": 27, ""chanceBP"": 10000}, {""id"": ""echo:cloudfin"", ""quantity"": 1, ""chanceBP"": 1500}]",6700,null,"[{""id"": ""windthread"", ""name"": ""Wind Thread"", ""quantity"": 1, ""chanceBP"": 2500, ""use"": ""Decorative pennants"", ""status"": ""PLANNED_NOT_LIVE""}]","A soft, box-shaped fish has two large side air sacs, a tiny smiling face and a translucent sail tail larger than its body.",Single supplied pose with transform-based motion; authored frame animation pending.,Supplied PNG integrated; commercial art/motion review pending
thunderbeetle,Brontobug,Invertebrate,Windstep,Fighter,Impact melee fighter,Tank,Wind,Strength-based,melee,944,24,45.45454545454545,2.2,5.6,12,granite,Granite Hide,"Take 10% less incoming damage, including intercepted damage.",thunderbeetle_0=Thunder Carapace; thunderbeetle_1=Thunder Shell Bash; thunderbeetle_2=Thunder Static Bolt; thunderbeetle_3=Thunder Iron Ward; thunderbeetle_4=Thunder Bondguard,thunderbeetle_0; thunderbeetle_1; thunderbeetle_2,rise-0,66,66,Wild,15,100.0,0,15.0,"[{""id"": ""coins"", ""quantity"": 28, ""chanceBP"": 10000}, {""id"": ""echo:thunderbeetle"", ""quantity"": 1, ""chanceBP"": 1500}]",6900,null,"[{""id"": ""windthread"", ""name"": ""Wind Thread"", ""quantity"": 1, ""chanceBP"": 2500, ""use"": ""Decorative pennants"", ""status"": ""PLANNED_NOT_LIVE""}]","A heavy beetle has a drum-shaped abdomen, thick blocky legs and two short forked antennae over a wide, stubborn face.",Single supplied pose with transform-based motion; authored frame animation pending.,Supplied PNG integrated; commercial art/motion review pending
skyrabbit,Hopgrit,Avian,Windstep,Fighter,Leaping melee fighter,Melee DPS,Wind,Strength-based,melee,592,43,59.70149253731344,1.6749999999999998,10,12,winter,Winter Hunt,Strikes deal 20% more damage to slowed enemies.,skyrabbit_0=Sky Quickstep; skyrabbit_1=Sky Pounce; skyrabbit_2=Sky Wild Lunge; skyrabbit_3=Sky Headwind; skyrabbit_4=Sky Snowhide,skyrabbit_0; skyrabbit_1; skyrabbit_2,rise-1,64,64,Wild,15,100.0,0,15.0,"[{""id"": ""coins"", ""quantity"": 27, ""chanceBP"": 10000}, {""id"": ""echo:skyrabbit"", ""quantity"": 1, ""chanceBP"": 1500}]",6700,null,"[{""id"": ""windthread"", ""name"": ""Wind Thread"", ""quantity"": 1, ""chanceBP"": 2500, ""use"": ""Decorative pennants"", ""status"": ""PLANNED_NOT_LIVE""}]","A broad, flightless bird balances a tiny stern head over enormous bent legs, with short winglets and a stiff paddle tail.",Single supplied pose with transform-based motion; authored frame animation pending.,Supplied PNG integrated; commercial art/motion review pending
razorswift,Razorwing,Invertebrate,Windstep,DPS,Aerial melee DPS,Ranged DPS,Wind,Dex-Based,ranged,545,40,52.63157894736842,1.9000000000000001,8,34,charged,Charged Feathers,Every third basic attack deals 35 extra damage.,razorswift_0=Razor Skyneedle; razorswift_1=Razor Headwind; razorswift_2=Razor Tailwind; razorswift_3=Razor Chain Spark; razorswift_4=Razor Static Bolt,razorswift_0; razorswift_1; razorswift_2,rise-1,66,66,Wild,15,100.0,0,15.0,"[{""id"": ""coins"", ""quantity"": 28, ""chanceBP"": 10000}, {""id"": ""echo:razorswift"", ""quantity"": 1, ""chanceBP"": 1500}]",6900,null,"[{""id"": ""windthread"", ""name"": ""Wind Thread"", ""quantity"": 1, ""chanceBP"": 2500, ""use"": ""Decorative pennants"", ""status"": ""PLANNED_NOT_LIVE""}]","A slender insect has a single crescent gliding membrane, hooked feet and a long tail that splits into two narrow blades.",Single supplied pose with transform-based motion; authored frame animation pending.,Supplied PNG integrated; commercial art/motion review pending
tempestcub,Squallcub,Beast,Windstep,Fighter,Momentum brawler,Melee DPS,Wind,Strength-based,melee,608,44,60.60606060606061,1.65,10,12,cinder,Cinder Heart,"After casting an offensive skill, restore 18 HP to yourself. No healing during Overcharge.",tempestcub_0=Tempest Pounce; tempestcub_1=Tempest Static Bolt; tempestcub_2=Tempest Quickstep; tempestcub_3=Tempest Wild Lunge; tempestcub_4=Tempest Ash Veil,tempestcub_0; tempestcub_1; tempestcub_2,rise-1,68,68,Wild,3,100.0,60,15.0,"[{""id"": ""coins"", ""quantity"": 28, ""chanceBP"": 10000}, {""id"": ""echo:tempestcub"", ""quantity"": 1, ""chanceBP"": 1500}]",7100,null,"[{""id"": ""windthread"", ""name"": ""Wind Thread"", ""quantity"": 1, ""chanceBP"": 2500, ""use"": ""Decorative pennants"", ""status"": ""PLANNED_NOT_LIVE""}]","A compact bear cub has huge forepaws, a small stern face and thick shoulder fur that curls into two wind-swept spirals.",Single supplied pose with transform-based motion; authored frame animation pending.,Supplied PNG integrated; commercial art/motion review pending
bouldereagle,Cragbeak,Avian,Windstep,Tank,Wing-shield tank,Tank,Earth,Dex-Based,ranged,976,26,44.9438202247191,2.225,5.6,12,shell,Shell Reserve,Begin each battle with a 160 HP shield lasting 12 seconds.,bouldereagle_0=Boulder Boulder Toss; bouldereagle_1=Boulder Fortify; bouldereagle_2=Boulder Iron Ward; bouldereagle_3=Boulder Antler Rush; bouldereagle_4=Boulder Wildguard,bouldereagle_0; bouldereagle_1; bouldereagle_2,rise-1,70,70,Wild,15,100.0,0,15.0,"[{""id"": ""coins"", ""quantity"": 29, ""chanceBP"": 10000}, {""id"": ""echo:bouldereagle"", ""quantity"": 1, ""chanceBP"": 1500}]",7300,null,"[{""id"": ""windthread"", ""name"": ""Wind Thread"", ""quantity"": 1, ""chanceBP"": 2500, ""use"": ""Decorative pennants"", ""status"": ""PLANNED_NOT_LIVE""}]","A heavy ground bird has a blunt hooked beak and broad, stone-plated wing knuckles that nearly touch its short feet.",Single supplied pose with transform-based motion; authored frame animation pending.,Supplied PNG integrated; commercial art/motion review pending
whistleweasel,Whistlepod,Plant / fungus,Windstep,Supp,Rhythmic buff support,Support,Wind,Dex-Based,ranged,509,23,51.282051282051285,1.95,8,27,moonward,Moon Ward,Restoring HP to an ally gives them a 40 HP shield for 4 seconds. It never replaces or extends a stronger shield.,whistleweasel_0=Whistle Springstep; whistleweasel_1=Whistle Moondust; whistleweasel_2=Whistle Fresh Start; whistleweasel_3=Whistle Headwind; whistleweasel_4=Whistle Petal Ward,whistleweasel_0; whistleweasel_1; whistleweasel_2,rise-2,68,68,Wild,15,100.0,0,15.0,"[{""id"": ""coins"", ""quantity"": 28, ""chanceBP"": 10000}, {""id"": ""echo:whistleweasel"", ""quantity"": 1, ""chanceBP"": 1500}]",7100,null,"[{""id"": ""windthread"", ""name"": ""Wind Thread"", ""quantity"": 1, ""chanceBP"": 2500, ""use"": ""Decorative pennants"", ""status"": ""PLANNED_NOT_LIVE""}]","A seedpod head with three round openings sits on an accordion stem, above root feet and two tiny leaf-shaped hands.",Single supplied pose with transform-based motion; authored frame animation pending.,Supplied PNG integrated; commercial art/motion review pending
stormstilt,Windlass,Construct,Windstep,Fighter,Spinning melee fighter,Ranged DPS,Wind,Strength-based,melee,521,38,54.05405405405405,1.85,8,34,charged,Charged Feathers,Every third basic attack deals 35 extra damage.,stormstilt_0=Storm Skyneedle; stormstilt_1=Storm Chain Spark; stormstilt_2=Storm Static Bolt; stormstilt_3=Storm Headwind; stormstilt_4=Storm Tailwind,stormstilt_0; stormstilt_1; stormstilt_2,rise-2,70,70,Wild,15,100.0,0,15.0,"[{""id"": ""coins"", ""quantity"": 29, ""chanceBP"": 10000}, {""id"": ""echo:stormstilt"", ""quantity"": 1, ""chanceBP"": 1500}]",7300,null,"[{""id"": ""windthread"", ""name"": ""Wind Thread"", ""quantity"": 1, ""chanceBP"": 2500, ""use"": ""Decorative pennants"", ""status"": ""PLANNED_NOT_LIVE""}]","A thick metal ring surrounds a small bright eye, with two heavy stone arms and three sail-like fins along its rim.",Single supplied pose with transform-based motion; authored frame animation pending.,Supplied PNG integrated; commercial art/motion review pending
kitejelly,Kiteskulk,Afterlife spirit,Windstep,DPS,Aerial skirmish DPS,Support,Wind,Int-Based,magic,469,21,51.948051948051955,1.9249999999999998,8,27,current,Gentle Current,"When you restore HP to an ally other than yourself, remove their Slow.",kitejelly_0=Kite Guiding Lantern; kitejelly_1=Kite Aurora; kitejelly_2=Kite Moonbeam; kitejelly_3=Kite Bubble Ward; kitejelly_4=Kite Springstep,kitejelly_0; kitejelly_1; kitejelly_2,rise-2,72,72,Wild,3,100.0,60,15.0,"[{""id"": ""coins"", ""quantity"": 30, ""chanceBP"": 10000}, {""id"": ""echo:kitejelly"", ""quantity"": 1, ""chanceBP"": 1500}]",7500,null,"[{""id"": ""windthread"", ""name"": ""Wind Thread"", ""quantity"": 1, ""chanceBP"": 2500, ""use"": ""Decorative pennants"", ""status"": ""PLANNED_NOT_LIVE""}]","A folded shroud forms a wide kite-shaped body around a tiny rounded skull face, with two little feet beneath its pointed hem.",Single supplied pose with transform-based motion; authored frame animation pending.,Supplied PNG integrated; commercial art/motion review pending
fluffyak,Fluffyak,Beast,Windstep,Tank / Supp,Protective sustain tank,Tank,Earth,Strength-based,melee,952,24,44.44444444444444,2.25,5.6,12,lastgrove,Last Grove,"Once per battle, survive a hit below 40% HP to gain a 140 HP shield for 6 seconds.",fluffyak_0=Fluff Bondguard; fluffyak_1=Fluff Fortify; fluffyak_2=Fluff Pebble Slam; fluffyak_3=Fluff Lifebud; fluffyak_4=Fluff Rallying Ward,fluffyak_0; fluffyak_1; fluffyak_2,rise-2,74,74,Wild,15,100.0,0,15.0,"[{""id"": ""coins"", ""quantity"": 30, ""chanceBP"": 10000}, {""id"": ""echo:fluffyak"", ""quantity"": 1, ""chanceBP"": 1500}]",7700,null,"[{""id"": ""windthread"", ""name"": ""Wind Thread"", ""quantity"": 1, ""chanceBP"": 2500, ""use"": ""Decorative pennants"", ""status"": ""PLANNED_NOT_LIVE""}]","A short-legged yak with a sweeping wool skirt, wide curled horns and a gentle face almost lost beneath its thick fringe.",Single supplied pose with transform-based motion; authored frame animation pending.,Supplied PNG integrated; commercial art/motion review pending
zephyrlynx,Velvimp,Demon / fiend,Windstep,DPS,Ambush melee DPS,Melee DPS,Wind,Int-Based,magic,600,44,60.60606060606061,1.65,10,12,winter,Winter Hunt,Strikes deal 20% more damage to slowed enemies.,zephyrlynx_0=Zephyr Pounce; zephyrlynx_1=Zephyr Wild Lunge; zephyrlynx_2=Zephyr Quickstep; zephyrlynx_3=Zephyr Frostbite; zephyrlynx_4=Zephyr Headwind,zephyrlynx_0; zephyrlynx_1; zephyrlynx_2,rise-3,72,72,Wild,3,100.0,60,15.0,"[{""id"": ""coins"", ""quantity"": 30, ""chanceBP"": 10000}, {""id"": ""echo:zephyrlynx"", ""quantity"": 1, ""chanceBP"": 1500}]",7500,null,"[{""id"": ""windthread"", ""name"": ""Wind Thread"", ""quantity"": 1, ""chanceBP"": 2500, ""use"": ""Decorative pennants"", ""status"": ""PLANNED_NOT_LIVE""}]","A slender imp folds huge velvet ear-wings around its body, leaving a tiny grin, hooked thumbs and two little feet visible.",Single supplied pose with transform-based motion; authored frame animation pending.,Supplied PNG integrated; commercial art/motion review pending
prismwasp,Prismspear,Construct,Windstep,DPS,Precision ranged DPS,Ranged DPS,Wind,Dex-Based,ranged,553,40,53.333333333333336,1.875,8,34,charged,Charged Feathers,Every third basic attack deals 35 extra damage.,prismwasp_0=Prism Skyneedle; prismwasp_1=Prism Static Bolt; prismwasp_2=Prism Chain Spark; prismwasp_3=Prism Quickstep; prismwasp_4=Prism Moonbeam,prismwasp_0; prismwasp_1; prismwasp_2,rise-3,74,74,Wild,15,100.0,0,15.0,"[{""id"": ""coins"", ""quantity"": 30, ""chanceBP"": 10000}, {""id"": ""echo:prismwasp"", ""quantity"": 1, ""chanceBP"": 1500}]",7700,null,"[{""id"": ""windthread"", ""name"": ""Wind Thread"", ""quantity"": 1, ""chanceBP"": 2500, ""use"": ""Decorative pennants"", ""status"": ""PLANNED_NOT_LIVE""}]","A pointed crystal body holds a tiny dark eye, with three large triangular fins hovering close around its narrow middle.",Single supplied pose with transform-based motion; authored frame animation pending.,Supplied PNG integrated; commercial art/motion review pending
skycorolla,Skycorolla,Plant / fungus,Windstep,DPS,Aerial ranged DPS,Support,Wind,Int-Based,magic,501,23,51.282051282051285,1.95,8,27,moonward,Moon Ward,Restoring HP to an ally gives them a 40 HP shield for 4 seconds. It never replaces or extends a stronger shield.,skycorolla_0=Corolla Grove Renewal; skycorolla_1=Corolla Springstep; skycorolla_2=Corolla Petal Ward; skycorolla_3=Corolla Moonbeam; skycorolla_4=Corolla Fresh Start,skycorolla_0; skycorolla_1; skycorolla_2,rise-3,76,76,Wild,3,100.0,60,15.0,"[{""id"": ""coins"", ""quantity"": 31, ""chanceBP"": 10000}, {""id"": ""echo:skycorolla"", ""quantity"": 1, ""chanceBP"": 1500}]",7900,null,"[{""id"": ""windthread"", ""name"": ""Wind Thread"", ""quantity"": 1, ""chanceBP"": 2500, ""use"": ""Decorative pennants"", ""status"": ""PLANNED_NOT_LIVE""}]","A narrow seed body hangs beneath four large pinwheel petals, with long curved roots trailing behind a tiny pointed face.",Single supplied pose with transform-based motion; authored frame animation pending.,Supplied PNG integrated; commercial art/motion review pending
magmatoad,Crucibulk,Construct,Ashen Reach,Tank,Heat-retaining tank,Tank,Fire,Int-Based,magic,984,26,45.45454545454545,2.2,5.6,12,granite,Granite Hide,"Take 10% less incoming damage, including intercepted damage.",magmatoad_0=Magma Fortify; magmatoad_1=Magma Cinderbite; magmatoad_2=Magma Firefan; magmatoad_3=Magma Bondguard; magmatoad_4=Magma Lifebud,magmatoad_0; magmatoad_1; magmatoad_2,ashen-0,80,80,Wild,15,100.0,0,15.0,"[{""id"": ""coins"", ""quantity"": 32, ""chanceBP"": 10000}, {""id"": ""echo:magmatoad"", ""quantity"": 1, ""chanceBP"": 1500}]",8300,null,"[{""id"": ""coolglass"", ""name"": ""Cooled Glass"", ""quantity"": 1, ""chanceBP"": 2500, ""use"": ""Ashen garden ornaments"", ""status"": ""PLANNED_NOT_LIVE""}]","A broad crucible body rests on two squat legs, with huge ceramic forearms and a small molten face deep inside its rim.",Single supplied pose with transform-based motion; authored frame animation pending.,Supplied PNG integrated; commercial art/motion review pending
obsidianram,Cairnox,Skeletal / undead,Ashen Reach,Fighter / Tank,Bone-arm bruiser,Tank,Earth,Strength-based,melee,936,23,44.9438202247191,2.225,5.6,12,shell,Shell Reserve,Begin each battle with a 160 HP shield lasting 12 seconds.,obsidianram_0=Obsidian Antler Rush; obsidianram_1=Obsidian Bondguard; obsidianram_2=Obsidian Fortify; obsidianram_3=Obsidian Boulder Toss; obsidianram_4=Obsidian Rallying Ward,obsidianram_0; obsidianram_1; obsidianram_2,ashen-0,82,82,Wild,15,100.0,0,15.0,"[{""id"": ""coins"", ""quantity"": 33, ""chanceBP"": 10000}, {""id"": ""echo:obsidianram"", ""quantity"": 1, ""chanceBP"": 1500}]",8500,null,"[{""id"": ""coolglass"", ""name"": ""Cooled Glass"", ""quantity"": 1, ""chanceBP"": 2500, ""use"": ""Ashen garden ornaments"", ""status"": ""PLANNED_NOT_LIVE""}]","A squat heap of rounded bones forms one huge arm and a tiny grinning skull, with a rib cage that sits slightly off-center.",Single supplied pose with transform-based motion; authored frame animation pending.,Supplied PNG integrated; commercial art/motion review pending
pyrewolf,Pyreling,Demon / fiend,Ashen Reach,DPS,Aggressive melee DPS,Melee DPS,Fire,Strength-based,melee,584,43,58.82352941176471,1.7,10,12,kindling,Kindling,Strikes deal 15% more damage to burning enemies.,pyrewolf_0=Pyre Cinderbite; pyrewolf_1=Pyre Pounce; pyrewolf_2=Pyre Wild Lunge; pyrewolf_3=Pyre Quickstep; pyrewolf_4=Pyre Firefan,pyrewolf_0; pyrewolf_1; pyrewolf_2,ashen-0,84,84,Wild,15,100.0,0,15.0,"[{""id"": ""coins"", ""quantity"": 34, ""chanceBP"": 10000}, {""id"": ""echo:pyrewolf"", ""quantity"": 1, ""chanceBP"": 1500}]",8700,null,"[{""id"": ""coolglass"", ""name"": ""Cooled Glass"", ""quantity"": 1, ""chanceBP"": 2500, ""use"": ""Ashen garden ornaments"", ""status"": ""PLANNED_NOT_LIVE""}]","A low-slung fiend has a huge soot-dark mane, short ivory horns and tiny warm eyes above a broad, toothy grin.",Single supplied pose with transform-based motion; authored frame animation pending.,Supplied PNG integrated; commercial art/motion review pending
emberorchid,Emberorchid,Plant / fungus,Ashen Reach,DPS,Close-range burst DPS,Support,Fire,Int-Based,magic,477,21,52.631578947368425,1.9,8,27,tender,Tender Care,All your healing is 15% stronger. You are still a fragile support.,emberorchid_0=Orchid Grove Renewal; emberorchid_1=Orchid Petal Ward; emberorchid_2=Orchid Scorch; emberorchid_3=Orchid Fresh Start; emberorchid_4=Orchid Little Bloom,emberorchid_0; emberorchid_1; emberorchid_2,ashen-0,86,86,Wild,3,100.0,60,15.0,"[{""id"": ""coins"", ""quantity"": 34, ""chanceBP"": 10000}, {""id"": ""echo:emberorchid"", ""quantity"": 1, ""chanceBP"": 1500}]",8900,null,"[{""id"": ""coolglass"", ""name"": ""Cooled Glass"", ""quantity"": 1, ""chanceBP"": 2500, ""use"": ""Ashen garden ornaments"", ""status"": ""PLANNED_NOT_LIVE""}]","A tall orchid stands on four pointed roots, its broad petals folding into a beak-like jaw around a small glowing seed.",Single supplied pose with transform-based motion; authored frame animation pending.,Supplied PNG integrated; commercial art/motion review pending
cindercentipede,Kilncoil,Invertebrate,Ashen Reach,Fighter,Advancing melee fighter,Melee DPS,Fire,Strength-based,melee,600,44,59.70149253731344,1.6749999999999998,10,12,kindling,Kindling,Strikes deal 15% more damage to burning enemies.,cindercentipede_0=Cinder Cinderbite; cindercentipede_1=Cinder Wild Lunge; cindercentipede_2=Cinder Quickstep; cindercentipede_3=Cinder Antler Rush; cindercentipede_4=Cinder Ash Veil,cindercentipede_0; cindercentipede_1; cindercentipede_2,ashen-1,84,84,Wild,15,100.0,0,15.0,"[{""id"": ""coins"", ""quantity"": 34, ""chanceBP"": 10000}, {""id"": ""echo:cindercentipede"", ""quantity"": 1, ""chanceBP"": 1500}]",8700,null,"[{""id"": ""coolglass"", ""name"": ""Cooled Glass"", ""quantity"": 1, ""chanceBP"": 2500, ""use"": ""Ashen garden ornaments"", ""status"": ""PLANNED_NOT_LIVE""}]","A long armored crawler has broad overlapping kiln-like plates, many short gripping feet and a heavy blunt head with tiny eyes.",Single supplied pose with transform-based motion; authored frame animation pending.,Supplied PNG integrated; commercial art/motion review pending
basalturtle,Slagbud,Plant / fungus,Ashen Reach,Tank,Regenerative plant tank,Tank,Earth,Strength-based,melee,968,25,44.44444444444444,2.25,5.6,12,lastgrove,Last Grove,"Once per battle, survive a hit below 40% HP to gain a 140 HP shield for 6 seconds.",basalturtle_0=Basalt Carapace; basalturtle_1=Basalt Shellguard; basalturtle_2=Basalt Shell Bash; basalturtle_3=Basalt Boulder Toss; basalturtle_4=Basalt Iron Ward,basalturtle_0; basalturtle_1; basalturtle_2,ashen-1,86,86,Wild,15,100.0,0,15.0,"[{""id"": ""coins"", ""quantity"": 34, ""chanceBP"": 10000}, {""id"": ""echo:basalturtle"", ""quantity"": 1, ""chanceBP"": 1500}]",8900,null,"[{""id"": ""coolglass"", ""name"": ""Cooled Glass"", ""quantity"": 1, ""chanceBP"": 2500, ""use"": ""Ashen garden ornaments"", ""status"": ""PLANNED_NOT_LIVE""}]","A squat succulent stands on three root feet, with thick basalt-colored leaves cupping a tiny bright face at its center.",Single supplied pose with transform-based motion; authored frame animation pending.,Supplied PNG integrated; commercial art/motion review pending
ashbasilisk,Ashbasilisk,Reptile / amphibian,Ashen Reach,DPS,Ranged attrition DPS,Ranged DPS,Fire,Strength-based,melee,561,41,54.05405405405405,1.85,8,34,kindling,Kindling,Strikes deal 15% more damage to burning enemies.,ashbasilisk_0=Basilisk Scorch; ashbasilisk_1=Basilisk Fireball; ashbasilisk_2=Basilisk Ember Breath; ashbasilisk_3=Basilisk Ash Veil; ashbasilisk_4=Basilisk Crown Hex,ashbasilisk_0; ashbasilisk_1; ashbasilisk_2,ashen-1,88,88,Wild,15,100.0,0,15.0,"[{""id"": ""coins"", ""quantity"": 35, ""chanceBP"": 10000}, {""id"": ""echo:ashbasilisk"", ""quantity"": 1, ""chanceBP"": 1500}]",9100,null,"[{""id"": ""coolglass"", ""name"": ""Cooled Glass"", ""quantity"": 1, ""chanceBP"": 2500, ""use"": ""Ashen garden ornaments"", ""status"": ""PLANNED_NOT_LIVE""}]","A low black lizard has a broad forked crest around its eyes, a tightly curled tail and pale plates beneath its heavy jaw.",Single supplied pose with transform-based motion; authored frame animation pending.,Supplied PNG integrated; commercial art/motion review pending
glassphoenix,Glassphoenix,Mythic,Ashen Reach,DPS,Long-range burst DPS,Ranged DPS,Fire,Int-Based,magic,569,41,53.333333333333336,1.875,8,34,kindling,Kindling,Strikes deal 15% more damage to burning enemies.,glassphoenix_0=Phoenix Fireball; glassphoenix_1=Phoenix Ember Breath; glassphoenix_2=Phoenix Comet; glassphoenix_3=Phoenix Wingdraft; glassphoenix_4=Phoenix Ash Veil,glassphoenix_0; glassphoenix_1; glassphoenix_2,ashen-1,90,90,Wild,3,100.0,60,15.0,"[{""id"": ""coins"", ""quantity"": 36, ""chanceBP"": 10000}, {""id"": ""echo:glassphoenix"", ""quantity"": 1, ""chanceBP"": 1500}]",9300,null,"[{""id"": ""coolglass"", ""name"": ""Cooled Glass"", ""quantity"": 1, ""chanceBP"": 2500, ""use"": ""Ashen garden ornaments"", ""status"": ""PLANNED_NOT_LIVE""}]","A long-necked bird has sweeping wings made from a few large glass plates, their old cracks traced by fine luminous seams.",Single supplied pose with transform-based motion; authored frame animation pending.,Supplied PNG integrated; commercial art/motion review pending
coalbadger,Slagjaw,Construct,Ashen Reach,Tank,Space-holding tank,Tank,Earth,Strength-based,melee,936,23,44.44444444444444,2.25,5.6,12,lastgrove,Last Grove,"Once per battle, survive a hit below 40% HP to gain a 140 HP shield for 6 seconds.",coalbadger_0=Coal Pebble Slam; coalbadger_1=Coal Wildguard; coalbadger_2=Coal Fortify; coalbadger_3=Coal Boulder Toss; coalbadger_4=Coal Lifebud,coalbadger_0; coalbadger_1; coalbadger_2,ashen-2,88,88,Wild,3,100.0,60,15.0,"[{""id"": ""coins"", ""quantity"": 35, ""chanceBP"": 10000}, {""id"": ""echo:coalbadger"", ""quantity"": 1, ""chanceBP"": 1500}]",9100,null,"[{""id"": ""coolglass"", ""name"": ""Cooled Glass"", ""quantity"": 1, ""chanceBP"": 2500, ""use"": ""Ashen garden ornaments"", ""status"": ""PLANNED_NOT_LIVE""}]","A squat black-stone construct with a huge hinged lower jaw, pillar-like arms and two soft amber eyes beneath a heavy brow.",Single supplied pose with transform-based motion; authored frame animation pending.,Supplied PNG integrated; commercial art/motion review pending
steamaxolotl,Steamaxolotl,Reptile / amphibian,Ashen Reach,Supp,Cleansing recovery support,Support,Water,Int-Based,magic,469,21,52.631578947368425,1.9,8,27,tender,Tender Care,All your healing is 15% stronger. You are still a fragile support.,steamaxolotl_0=Steam Springwater; steamaxolotl_1=Steam Healing Ripples; steamaxolotl_2=Steam Bubble Ward; steamaxolotl_3=Steam River Cleanse; steamaxolotl_4=Steam Frostbolt,steamaxolotl_0; steamaxolotl_1; steamaxolotl_2,ashen-2,90,90,Wild,15,100.0,0,15.0,"[{""id"": ""coins"", ""quantity"": 36, ""chanceBP"": 10000}, {""id"": ""echo:steamaxolotl"", ""quantity"": 1, ""chanceBP"": 1500}]",9300,null,"[{""id"": ""coolglass"", ""name"": ""Cooled Glass"", ""quantity"": 1, ""chanceBP"": 2500, ""use"": ""Ashen garden ornaments"", ""status"": ""PLANNED_NOT_LIVE""}]","A round axolotl has tiny mitten feet, a wide gentle mouth and layered feathery gills that curl upward like soft steam plumes.",Single supplied pose with transform-based motion; authored frame animation pending.,Supplied PNG integrated; commercial art/motion review pending
lavaurchin,Cinderwink,Afterlife spirit,Ashen Reach,Supp,Protective recovery support,Ranged DPS,Fire,Int-Based,magic,537,39,53.333333333333336,1.875,8,34,kindling,Kindling,Strikes deal 15% more damage to burning enemies.,lavaurchin_0=Lava Scorch; lavaurchin_1=Lava Boulder Toss; lavaurchin_2=Lava Firefan; lavaurchin_3=Lava Ash Veil; lavaurchin_4=Lava Static Bolt,lavaurchin_0; lavaurchin_1; lavaurchin_2,ashen-2,92,92,Wild,15,100.0,0,15.0,"[{""id"": ""coins"", ""quantity"": 36, ""chanceBP"": 10000}, {""id"": ""echo:lavaurchin"", ""quantity"": 1, ""chanceBP"": 1500}]",9500,null,"[{""id"": ""coolglass"", ""name"": ""Cooled Glass"", ""quantity"": 1, ""chanceBP"": 2500, ""use"": ""Ashen garden ornaments"", ""status"": ""PLANNED_NOT_LIVE""}]",A tiny soot-dark soul has two warm pinprick eyes and soft curled arms that frame a small floating flame above its head.,Single supplied pose with transform-based motion; authored frame animation pending.,Supplied PNG integrated; commercial art/motion review pending
volcanomoth,Mournmantle,Demon / fiend,Ashen Reach,Supp,Regal protective support,Support,Fire,Int-Based,magic,485,22,51.282051282051285,1.95,8,27,moonward,Moon Ward,Restoring HP to an ally gives them a 40 HP shield for 4 seconds. It never replaces or extends a stronger shield.,volcanomoth_0=Volcano Aurora; volcanomoth_1=Volcano Moondust; volcanomoth_2=Volcano Scorch; volcanomoth_3=Volcano Guiding Lantern; volcanomoth_4=Volcano Petal Ward,volcanomoth_0; volcanomoth_1; volcanomoth_2,ashen-2,94,94,Wild,3,100.0,60,15.0,"[{""id"": ""coins"", ""quantity"": 37, ""chanceBP"": 10000}, {""id"": ""echo:volcanomoth"", ""quantity"": 1, ""chanceBP"": 1500}]",9700,null,"[{""id"": ""coolglass"", ""name"": ""Cooled Glass"", ""quantity"": 1, ""chanceBP"": 2500, ""use"": ""Ashen garden ornaments"", ""status"": ""PLANNED_NOT_LIVE""}]","A poised little fiend has long smooth horns and broad wings folded like a mantle, with a small bright face and tiny toes.",Single supplied pose with transform-based motion; authored frame animation pending.,Supplied PNG integrated; commercial art/motion review pending
sootimp,Coalgrub,Invertebrate,Ashen Reach,Fighter,Close-range pressure fighter,Ranged DPS,Fire,Strength-based,melee,553,40,54.05405405405405,1.85,8,34,kindling,Kindling,Strikes deal 15% more damage to burning enemies.,sootimp_0=Soot Crown Hex; sootimp_1=Soot Fireball; sootimp_2=Soot Arc Nova; sootimp_3=Soot Ash Veil; sootimp_4=Soot Scorch,sootimp_0; sootimp_1; sootimp_2,ashen-3,92,92,Wild,15,100.0,0,15.0,"[{""id"": ""coins"", ""quantity"": 36, ""chanceBP"": 10000}, {""id"": ""echo:sootimp"", ""quantity"": 1, ""chanceBP"": 1500}]",9500,null,"[{""id"": ""coolglass"", ""name"": ""Cooled Glass"", ""quantity"": 1, ""chanceBP"": 2500, ""use"": ""Ashen garden ornaments"", ""status"": ""PLANNED_NOT_LIVE""}]","A plump charcoal grub has a huge pale face, six tiny mitten feet and two cheek vents beneath a short bristly crest.",Single supplied pose with transform-based motion; authored frame animation pending.,Supplied PNG integrated; commercial art/motion review pending
moltencoil,Moltencoil,Reptile / amphibian,Ashen Reach,Fighter,Shedding-armor fighter,Melee DPS,Fire,Dex-Based,ranged,616,45,59.70149253731344,1.6749999999999998,10,12,kindling,Kindling,Strikes deal 15% more damage to burning enemies.,moltencoil_0=Molten Cinderbite; moltencoil_1=Molten Wild Lunge; moltencoil_2=Molten Antler Rush; moltencoil_3=Molten Ash Veil; moltencoil_4=Molten Firefan,moltencoil_0; moltencoil_1; moltencoil_2,ashen-3,94,94,Wild,15,100.0,0,15.0,"[{""id"": ""coins"", ""quantity"": 37, ""chanceBP"": 10000}, {""id"": ""echo:moltencoil"", ""quantity"": 1, ""chanceBP"": 1500}]",9700,null,"[{""id"": ""coolglass"", ""name"": ""Cooled Glass"", ""quantity"": 1, ""chanceBP"": 2500, ""use"": ""Ashen garden ornaments"", ""status"": ""PLANNED_NOT_LIVE""}]","A thick serpent wears loose black slag rings around a narrow bright body, with a blunt wedge-shaped head and small hot eyes.",Single supplied pose with transform-based motion; authored frame animation pending.,Supplied PNG integrated; commercial art/motion review pending
auroradrake,Auroradrake,Mythic,Ashen Reach,Fighter / Supp,Sustaining mobile fighter,Ranged DPS,Water,Int-Based,magic,569,41,52.63157894736842,1.9000000000000001,8,34,charged,Charged Feathers,Every third basic attack deals 35 extra damage.,auroradrake_0=Aurora Frostbolt; auroradrake_1=Aurora Snowfall; auroradrake_2=Aurora Comet; auroradrake_3=Aurora Bubble Ward; auroradrake_4=Aurora Wingdraft,auroradrake_0; auroradrake_1; auroradrake_2,ashen-3,96,96,Wild,15,100.0,0,15.0,"[{""id"": ""coins"", ""quantity"": 38, ""chanceBP"": 10000}, {""id"": ""echo:auroradrake"", ""quantity"": 1, ""chanceBP"": 1500}]",9900,null,"[{""id"": ""coolglass"", ""name"": ""Cooled Glass"", ""quantity"": 1, ""chanceBP"": 2500, ""use"": ""Ashen garden ornaments"", ""status"": ""PLANNED_NOT_LIVE""}]","A long, soft-bodied dragon has enormous ribbon gills, stubby hind feet and a translucent belly shaded like the dawn sky.",Single supplied pose with transform-based motion; authored frame animation pending.,Supplied PNG integrated; commercial art/motion review pending
elderroot,Elderroot,Plant / fungus,Mosslight,Tank,Entrenched guardian boss,Tank,Earth,Strength-based,melee,936,23,45.45454545454545,2.2,5.6,12,granite,Granite Hide,"Take 10% less incoming damage, including intercepted damage.",elderroot_0=Ancient Bondguard; elderroot_1=Ancient Rootbind; elderroot_2=Ancient Green Canopy; elderroot_3=Ancient Antler Rush; elderroot_4=Ancient Lifebud,elderroot_0; elderroot_1; elderroot_2,FUTURE GROUP BOSS,,,Boss preview — no rewards,,,,15.0,[],0,"{""id"": ""echo:elderroot"", ""quantity"": 1, ""chanceBP"": 1, ""scope"": ""One group roll per eligible real victory; one selected eligible recipient; practice excluded; no realm copy cap""}",[],"A huge hollow trunk walks on branching root hands, with an arch-shaped torso and a broad face beneath hanging moss brows.",Single supplied pose with transform-based motion; authored frame animation pending.,Supplied PNG integrated; commercial art/motion review pending
tidecrown,Tidecrown,Mythic,Willowbrook,Tank / Supp,Defensive zone boss,Support,Water,Int-Based,magic,469,21,51.948051948051955,1.9249999999999998,8,27,current,Gentle Current,"When you restore HP to an ally other than yourself, remove their Slow.",tidecrown_0=Tidecrown Healing Ripples; tidecrown_1=Tidecrown Springwater; tidecrown_2=Tidecrown River Cleanse; tidecrown_3=Tidecrown Bubble Ward; tidecrown_4=Tidecrown Riptide,tidecrown_0; tidecrown_1; tidecrown_2,FUTURE GROUP BOSS,,,Boss preview — no rewards,,,,15.0,[],0,"{""id"": ""echo:tidecrown"", ""quantity"": 1, ""chanceBP"": 1, ""scope"": ""One group roll per eligible real victory; one selected eligible recipient; practice excluded; no realm copy cap""}",[],"A tall spiral of clear water sits within a floating crown of broad shell plates, with two gentle lights deep in its center.",Single supplied pose with transform-based motion; authored frame animation pending.,Supplied PNG integrated; commercial art/motion review pending
ambercolossus,Ambercolossus,Construct,Amber Hollow,Tank,Monumental guard boss,Tank,Earth,Strength-based,melee,952,24,44.44444444444444,2.25,5.6,12,lastgrove,Last Grove,"Once per battle, survive a hit below 40% HP to gain a 140 HP shield for 6 seconds.",ambercolossus_0=Colossus Fortify; ambercolossus_1=Colossus Boulder Toss; ambercolossus_2=Colossus Pebble Slam; ambercolossus_3=Colossus Bondguard; ambercolossus_4=Colossus Rallying Ward,ambercolossus_0; ambercolossus_1; ambercolossus_2,FUTURE GROUP BOSS,,,Boss preview — no rewards,,,,15.0,[],0,"{""id"": ""echo:ambercolossus"", ""quantity"": 1, ""chanceBP"": 1, ""scope"": ""One group roll per eligible real victory; one selected eligible recipient; practice excluded; no realm copy cap""}",[],"A monumental amber frame surrounds a small bright core, with broad separated arms and a recessed, surprisingly gentle face.",Single supplied pose with transform-based motion; authored frame animation pending.,Supplied PNG integrated; commercial art/motion review pending
moonweaver,Moonweaver,Mythic,Moonwell,DPS / Supp,Web-control boss,Support,Water,Int-Based,magic,485,22,52.631578947368425,1.9,8,27,tender,Tender Care,All your healing is 15% stronger. You are still a fragile support.,moonweaver_0=Moonweave Aurora; moonweaver_1=Moonweave Petal Ward; moonweaver_2=Moonweave Lullaby; moonweaver_3=Moonweave Moonbeam; moonweaver_4=Moonweave Fresh Start,moonweaver_0; moonweaver_1; moonweaver_2,FUTURE GROUP BOSS,,,Boss preview — no rewards,,,,15.0,[],0,"{""id"": ""echo:moonweaver"", ""quantity"": 1, ""chanceBP"": 1, ""scope"": ""One group roll per eligible real victory; one selected eligible recipient; practice excluded; no realm copy cap""}",[],"A great pale weaver has long arching legs, a small veiled face and a crescent frame around its silk-filled abdomen.",Single supplied pose with transform-based motion; authored frame animation pending.,Supplied PNG integrated; commercial art/motion review pending
tempestrook,Tempestrook,Mythic,Windstep,DPS,Aerial boss DPS,Ranged DPS,Wind,Strength-based,melee,553,40,53.333333333333336,1.875,8,34,charged,Charged Feathers,Every third basic attack deals 35 extra damage.,tempestrook_0=Tempest Chain Spark; tempestrook_1=Tempest Skyneedle; tempestrook_2=Tempest Static Bolt; tempestrook_3=Tempest Tailwind; tempestrook_4=Tempest Headwind,tempestrook_0; tempestrook_1; tempestrook_2,FUTURE GROUP BOSS,,,Boss preview — no rewards,,,,15.0,[],0,"{""id"": ""echo:tempestrook"", ""quantity"": 1, ""chanceBP"": 1, ""scope"": ""One group roll per eligible real victory; one selected eligible recipient; practice excluded; no realm copy cap""}",[],"A great dark corvid has three paired layers of blade-shaped wings, a compact crowned head and a long forked tail.",Single supplied pose with transform-based motion; authored frame animation pending.,Supplied PNG integrated; commercial art/motion review pending
cinderempress,Cinderempress,Mythic,Ashen Reach,Fighter,Close-range pressure boss,Melee DPS,Fire,Int-Based,magic,616,45,58.82352941176471,1.7,10,12,kindling,Kindling,Strikes deal 15% more damage to burning enemies.,cinderempress_0=Empress Cinderbite; cinderempress_1=Empress Wild Lunge; cinderempress_2=Empress Ember Breath; cinderempress_3=Empress Ash Veil; cinderempress_4=Empress Firefan,cinderempress_0; cinderempress_1; cinderempress_2,FUTURE GROUP BOSS,,,Boss preview — no rewards,,,,15.0,[],0,"{""id"": ""echo:cinderempress"", ""quantity"": 1, ""chanceBP"": 1, ""scope"": ""One group roll per eligible real victory; one selected eligible recipient; practice excluded; no realm copy cap""}",[],"A regal, low-bodied salamander has a crown-shaped crest and a broad pleated tail that opens into a glowing fan.",Single supplied pose with transform-based motion; authored frame animation pending.,Supplied PNG integrated; commercial art/motion review pending
