Lvl,Mon,Main role,Atk Base,Str,Agi,Dex,Int,Vit,Base HP,Base ATK,Base Def
1,Tuskettle,Tank,Strength-based,9,3,6,2,9,207,18,4
2,Tuskettle,Tank,Strength-based,9,3,6,2,10,232,19,4
3,Tuskettle,Tank,Strength-based,10,3,6,2,11,259,22,4
4,Tuskettle,Tank,Strength-based,10,3,6,2,12,288,23,4
5,Tuskettle,Tank,Strength-based,10,3,6,2,13,318,24,5
6,Tuskettle,Tank,Strength-based,11,3,7,2,13,348,26,5
7,Tuskettle,Tank,Strength-based,11,3,7,2,14,381,27,5
8,Tuskettle,Tank,Strength-based,12,3,8,2,14,413,29,5
9,Tuskettle,Tank,Strength-based,12,3,8,2,15,449,31,6
10,Tuskettle,Tank,Strength-based,12,3,9,2,16,488,32,6
11,Tuskettle,Tank,Strength-based,13,3,9,3,16,524,34,6
12,Tuskettle,Tank,Strength-based,13,3,10,3,17,566,36,7
13,Tuskettle,Tank,Strength-based,14,4,10,3,17,604,38,7
14,Tuskettle,Tank,Strength-based,14,4,11,3,18,649,39,7
15,Tuskettle,Tank,Strength-based,14,4,11,4,19,696,40,7
16,Tuskettle,Tank,Strength-based,15,4,11,4,20,745,42,8
17,Tuskettle,Tank,Strength-based,16,4,11,4,21,796,45,8
18,Tuskettle,Tank,Strength-based,18,4,11,4,21,840,48,8
19,Tuskettle,Tank,Strength-based,18,5,11,4,22,895,49,9
20,Tuskettle,Tank,Strength-based,18,6,11,4,23,952,50,9
21,Tuskettle,Tank,Strength-based,19,6,11,4,24,1010,52,9
22,Tuskettle,Tank,Strength-based,20,6,12,4,24,1061,57,9
23,Tuskettle,Tank,Strength-based,21,6,12,4,25,1123,59,10
24,Tuskettle,Tank,Strength-based,21,6,13,4,26,1188,61,10
25,Tuskettle,Tank,Strength-based,22,6,13,4,27,1254,63,10
26,Tuskettle,Tank,Strength-based,23,6,13,4,28,1322,65,11
27,Tuskettle,Tank,Strength-based,23,6,14,4,29,1393,66,11
28,Tuskettle,Tank,Strength-based,24,6,14,4,30,1466,68,11
29,Tuskettle,Tank,Strength-based,24,7,15,4,31,1541,70,11
30,Tuskettle,Tank,Strength-based,26,7,15,4,31,1607,73,12
31,Tuskettle,Tank,Strength-based,26,7,16,4,32,1685,74,12
32,Tuskettle,Tank,Strength-based,27,7,16,4,33,1767,77,12
33,Tuskettle,Tank,Strength-based,27,7,17,5,34,1851,78,13
34,Tuskettle,Tank,Strength-based,28,7,17,5,35,1938,80,13
35,Tuskettle,Tank,Strength-based,29,8,18,5,35,2012,82,13
36,Tuskettle,Tank,Strength-based,30,8,18,5,36,2102,89,13
37,Tuskettle,Tank,Strength-based,30,8,20,5,37,2196,91,14
38,Tuskettle,Tank,Strength-based,31,8,20,5,38,2292,93,14
39,Tuskettle,Tank,Strength-based,32,8,20,5,39,2390,95,14
40,Tuskettle,Tank,Strength-based,33,8,20,5,40,2490,98,15
41,Tuskettle,Tank,Strength-based,33,8,22,5,41,2594,99,15
42,Tuskettle,Tank,Strength-based,34,8,22,5,42,2700,101,15
43,Tuskettle,Tank,Strength-based,35,8,22,5,43,2809,103,15
44,Tuskettle,Tank,Strength-based,36,8,22,5,44,2921,105,16
45,Tuskettle,Tank,Strength-based,37,9,23,5,44,3013,107,16
46,Tuskettle,Tank,Strength-based,37,10,24,5,45,3130,108,16
47,Tuskettle,Tank,Strength-based,38,10,24,5,46,3249,111,17
48,Tuskettle,Tank,Strength-based,39,10,24,6,47,3372,113,17
49,Tuskettle,Tank,Strength-based,39,11,25,6,48,3497,115,17
50,Tuskettle,Tank,Strength-based,40,11,25,6,49,3623,124,17
51,Tuskettle,Tank,Strength-based,41,11,27,6,49,3729,126,18
52,Tuskettle,Tank,Strength-based,42,11,27,7,50,3862,128,18
53,Tuskettle,Tank,Strength-based,43,11,27,7,51,3998,130,18
54,Tuskettle,Tank,Strength-based,43,12,28,7,52,4137,131,18
55,Tuskettle,Tank,Strength-based,44,12,28,7,53,4279,134,19
56,Tuskettle,Tank,Strength-based,45,12,28,7,54,4422,136,19
57,Tuskettle,Tank,Strength-based,45,12,30,7,55,4570,138,19
58,Tuskettle,Tank,Strength-based,46,12,30,7,56,4722,140,20
59,Tuskettle,Tank,Strength-based,47,12,30,8,57,4876,142,20
60,Tuskettle,Tank,Strength-based,48,13,31,8,57,5002,144,20
61,Tuskettle,Tank,Strength-based,49,14,31,8,58,5160,146,20
62,Tuskettle,Tank,Strength-based,49,15,32,8,59,5323,148,21
63,Tuskettle,Tank,Strength-based,50,15,32,9,60,5489,159,21
64,Tuskettle,Tank,Strength-based,51,15,32,9,61,5659,161,21
65,Tuskettle,Tank,Strength-based,51,16,33,9,62,5832,162,22
66,Tuskettle,Tank,Strength-based,52,16,33,9,63,6008,164,22
67,Tuskettle,Tank,Strength-based,53,16,35,9,63,6148,167,22
68,Tuskettle,Tank,Strength-based,54,16,35,9,64,6330,169,22
69,Tuskettle,Tank,Strength-based,55,17,35,9,65,6515,171,23
70,Tuskettle,Tank,Strength-based,55,18,36,9,66,6704,173,23
71,Tuskettle,Tank,Strength-based,56,18,36,9,67,6897,175,23
72,Tuskettle,Tank,Strength-based,57,19,36,9,68,7092,177,24
73,Tuskettle,Tank,Strength-based,57,19,38,9,69,7290,178,24
74,Tuskettle,Tank,Strength-based,58,19,38,9,70,7493,180,24
75,Tuskettle,Tank,Strength-based,59,20,38,9,71,7700,182,24
76,Tuskettle,Tank,Strength-based,60,21,38,9,72,7910,195,25
77,Tuskettle,Tank,Strength-based,61,21,40,9,72,8077,198,25
78,Tuskettle,Tank,Strength-based,61,21,40,9,74,8341,200,25
79,Tuskettle,Tank,Strength-based,62,21,42,9,74,8512,202,26
80,Tuskettle,Tank,Strength-based,63,21,42,9,75,8736,204,26
81,Tuskettle,Tank,Strength-based,64,21,42,9,76,8963,206,26
82,Tuskettle,Tank,Strength-based,65,21,42,9,77,9195,208,26
83,Tuskettle,Tank,Strength-based,66,21,43,9,78,9430,210,27
84,Tuskettle,Tank,Strength-based,66,21,43,9,80,9723,211,27
85,Tuskettle,Tank,Strength-based,67,21,45,9,80,9912,215,27
86,Tuskettle,Tank,Strength-based,68,21,45,9,81,10157,217,28
87,Tuskettle,Tank,Strength-based,69,21,46,9,82,10408,219,28
88,Tuskettle,Tank,Strength-based,70,21,46,9,83,10663,234,28
89,Tuskettle,Tank,Strength-based,71,21,46,9,84,10922,236,28
90,Tuskettle,Tank,Strength-based,71,21,48,9,85,11185,237,29
91,Tuskettle,Tank,Strength-based,72,21,48,9,86,11452,239,29
92,Tuskettle,Tank,Strength-based,73,21,49,9,87,11723,241,29
93,Tuskettle,Tank,Strength-based,74,21,49,9,88,11996,244,30
94,Tuskettle,Tank,Strength-based,75,21,49,9,89,12275,246,30
95,Tuskettle,Tank,Strength-based,76,21,50,9,90,12559,249,30
96,Tuskettle,Tank,Strength-based,76,21,51,9,91,12846,250,30
97,Tuskettle,Tank,Strength-based,77,21,52,9,92,13138,252,31
98,Tuskettle,Tank,Strength-based,78,21,52,9,93,13434,254,31
99,Tuskettle,Tank,Strength-based,79,21,52,9,94,13735,256,31
100,Tuskettle,Tank,Strength-based,80,21,53,9,95,14040,274,32
1,Wickeep,DPS,Dex-Based,1,8,9,3,8,151,17,1
2,Wickeep,DPS,Dex-Based,1,8,10,3,8,162,20,1
3,Wickeep,DPS,Dex-Based,1,8,11,3,9,176,22,1
4,Wickeep,DPS,Dex-Based,1,8,12,3,9,189,25,1
5,Wickeep,DPS,Dex-Based,1,8,13,3,9,202,27,1
6,Wickeep,DPS,Dex-Based,1,8,14,3,9,216,30,1
7,Wickeep,DPS,Dex-Based,1,9,15,3,9,231,32,1
8,Wickeep,DPS,Dex-Based,1,9,16,3,9,246,35,1
9,Wickeep,DPS,Dex-Based,1,10,17,3,9,262,37,1
10,Wickeep,DPS,Dex-Based,1,10,18,3,9,279,40,2
11,Wickeep,DPS,Dex-Based,1,10,19,3,10,298,42,2
12,Wickeep,DPS,Dex-Based,1,11,19,4,11,318,44,2
13,Wickeep,DPS,Dex-Based,1,11,20,5,11,336,49,2
14,Wickeep,DPS,Dex-Based,1,11,21,6,11,355,52,2
15,Wickeep,DPS,Dex-Based,1,12,21,7,11,375,53,2
16,Wickeep,DPS,Dex-Based,1,13,21,7,12,397,55,2
17,Wickeep,DPS,Dex-Based,1,13,22,8,12,418,57,2
18,Wickeep,DPS,Dex-Based,1,13,23,9,12,440,60,2
19,Wickeep,DPS,Dex-Based,1,14,23,9,13,465,61,3
20,Wickeep,DPS,Dex-Based,1,14,24,10,13,488,64,3
21,Wickeep,DPS,Dex-Based,1,14,25,10,14,516,66,3
22,Wickeep,DPS,Dex-Based,1,15,26,10,14,539,69,3
23,Wickeep,DPS,Dex-Based,1,16,26,10,15,569,70,3
24,Wickeep,DPS,Dex-Based,1,16,28,10,15,594,74,3
25,Wickeep,DPS,Dex-Based,1,17,28,10,16,625,75,3
26,Wickeep,DPS,Dex-Based,1,18,29,11,16,651,78,3
27,Wickeep,DPS,Dex-Based,1,18,30,11,17,685,85,3
28,Wickeep,DPS,Dex-Based,1,19,31,11,17,712,88,4
29,Wickeep,DPS,Dex-Based,1,20,31,11,19,754,89,4
30,Wickeep,DPS,Dex-Based,1,21,32,11,19,784,92,4
31,Wickeep,DPS,Dex-Based,1,21,33,11,20,820,94,4
32,Wickeep,DPS,Dex-Based,1,22,34,11,20,852,97,4
33,Wickeep,DPS,Dex-Based,1,22,35,12,21,891,99,4
34,Wickeep,DPS,Dex-Based,1,23,36,12,21,924,102,4
35,Wickeep,DPS,Dex-Based,1,23,37,12,22,965,104,4
36,Wickeep,DPS,Dex-Based,1,24,38,12,22,999,106,4
37,Wickeep,DPS,Dex-Based,1,25,38,12,23,1041,108,5
38,Wickeep,DPS,Dex-Based,1,26,39,12,24,1086,110,5
39,Wickeep,DPS,Dex-Based,1,27,40,12,24,1123,120,5
40,Wickeep,DPS,Dex-Based,1,27,41,12,25,1170,122,5
41,Wickeep,DPS,Dex-Based,1,28,42,12,25,1207,125,5
42,Wickeep,DPS,Dex-Based,1,29,43,12,26,1256,127,5
43,Wickeep,DPS,Dex-Based,1,29,44,12,27,1305,130,5
44,Wickeep,DPS,Dex-Based,1,30,45,12,27,1346,132,5
45,Wickeep,DPS,Dex-Based,1,31,45,12,29,1409,134,5
46,Wickeep,DPS,Dex-Based,1,32,46,12,29,1452,136,6
47,Wickeep,DPS,Dex-Based,1,32,47,12,31,1518,139,6
48,Wickeep,DPS,Dex-Based,1,33,48,12,31,1562,141,6
49,Wickeep,DPS,Dex-Based,1,34,49,12,31,1608,144,6
50,Wickeep,DPS,Dex-Based,1,35,50,12,31,1654,155,6
51,Wickeep,DPS,Dex-Based,1,36,51,12,32,1713,158,6
52,Wickeep,DPS,Dex-Based,1,36,52,12,33,1774,160,6
53,Wickeep,DPS,Dex-Based,1,37,53,12,33,1822,163,6
54,Wickeep,DPS,Dex-Based,1,38,53,12,35,1899,164,6
55,Wickeep,DPS,Dex-Based,1,39,54,12,35,1950,167,7
56,Wickeep,DPS,Dex-Based,1,40,55,12,35,2002,169,7
57,Wickeep,DPS,Dex-Based,1,41,56,12,36,2068,172,7
58,Wickeep,DPS,Dex-Based,1,41,57,12,37,2137,174,7
59,Wickeep,DPS,Dex-Based,1,42,58,12,37,2192,177,7
60,Wickeep,DPS,Dex-Based,1,42,59,12,39,2279,179,7
61,Wickeep,DPS,Dex-Based,1,43,60,12,39,2335,193,7
62,Wickeep,DPS,Dex-Based,1,44,61,12,39,2392,195,7
63,Wickeep,DPS,Dex-Based,1,45,62,12,40,2468,198,7
64,Wickeep,DPS,Dex-Based,1,45,63,12,41,2545,200,8
65,Wickeep,DPS,Dex-Based,1,46,64,12,41,2604,203,8
66,Wickeep,DPS,Dex-Based,1,48,64,12,42,2683,204,8
67,Wickeep,DPS,Dex-Based,1,48,65,12,43,2765,207,8
68,Wickeep,DPS,Dex-Based,1,49,66,12,43,2827,209,8
69,Wickeep,DPS,Dex-Based,1,50,67,12,44,2911,211,8
70,Wickeep,DPS,Dex-Based,1,51,68,12,44,2976,214,8
71,Wickeep,DPS,Dex-Based,1,51,69,12,46,3083,216,8
72,Wickeep,DPS,Dex-Based,1,52,70,12,46,3150,232,8
73,Wickeep,DPS,Dex-Based,1,53,71,12,46,3219,234,9
74,Wickeep,DPS,Dex-Based,1,53,72,12,48,3332,237,9
75,Wickeep,DPS,Dex-Based,1,54,73,12,48,3402,239,9
76,Wickeep,DPS,Dex-Based,1,55,73,12,50,3520,241,9
77,Wickeep,DPS,Dex-Based,1,56,74,12,50,3594,243,9
78,Wickeep,DPS,Dex-Based,1,57,75,12,50,3667,246,9
79,Wickeep,DPS,Dex-Based,1,58,76,12,51,3765,248,9
80,Wickeep,DPS,Dex-Based,1,59,77,12,51,3841,251,9
81,Wickeep,DPS,Dex-Based,1,59,78,12,52,3944,253,9
82,Wickeep,DPS,Dex-Based,1,60,79,12,53,4048,256,10
83,Wickeep,DPS,Dex-Based,1,61,80,12,53,4126,273,10
84,Wickeep,DPS,Dex-Based,1,62,80,12,55,4260,275,10
85,Wickeep,DPS,Dex-Based,1,63,81,12,55,4343,277,10
86,Wickeep,DPS,Dex-Based,1,63,83,12,55,4425,281,10
87,Wickeep,DPS,Dex-Based,1,65,83,12,56,4536,282,10
88,Wickeep,DPS,Dex-Based,1,65,84,12,57,4650,285,10
89,Wickeep,DPS,Dex-Based,1,66,85,12,57,4736,287,10
90,Wickeep,DPS,Dex-Based,1,67,86,12,58,4853,290,10
91,Wickeep,DPS,Dex-Based,1,67,87,12,59,4971,292,11
92,Wickeep,DPS,Dex-Based,1,68,88,12,60,5092,295,11
93,Wickeep,DPS,Dex-Based,1,69,89,12,60,5184,297,11
94,Wickeep,DPS,Dex-Based,1,71,89,12,61,5308,299,11
95,Wickeep,DPS,Dex-Based,1,71,90,12,62,5433,318,11
96,Wickeep,DPS,Dex-Based,1,72,91,12,62,5527,321,11
97,Wickeep,DPS,Dex-Based,1,73,92,12,63,5657,323,11
98,Wickeep,DPS,Dex-Based,1,73,93,12,64,5789,326,11
99,Wickeep,DPS,Dex-Based,1,74,94,12,64,5885,328,11
100,Wickeep,DPS,Dex-Based,1,75,95,12,65,6022,331,12
1,Lunaskein,DPS / Supp,Int-Based,1,6,4,9,9,158,4,1
2,Lunaskein,DPS / Supp,Int-Based,1,6,4,10,9,170,4,1
3,Lunaskein,DPS / Supp,Int-Based,1,6,4,11,10,184,4,1
4,Lunaskein,DPS / Supp,Int-Based,1,6,4,12,10,198,4,1
5,Lunaskein,DPS / Supp,Int-Based,1,6,4,13,10,212,5,1
6,Lunaskein,DPS / Supp,Int-Based,1,6,4,14,10,226,5,1
7,Lunaskein,DPS / Supp,Int-Based,1,6,4,15,11,244,5,1
8,Lunaskein,DPS / Supp,Int-Based,1,6,4,16,11,260,6,1
9,Lunaskein,DPS / Supp,Int-Based,1,7,4,17,11,277,6,1
10,Lunaskein,DPS / Supp,Int-Based,1,7,4,18,11,294,6,2
11,Lunaskein,DPS / Supp,Int-Based,1,7,4,19,12,314,6,2
12,Lunaskein,DPS / Supp,Int-Based,1,8,4,19,13,336,7,2
13,Lunaskein,DPS / Supp,Int-Based,1,8,5,20,13,355,8,2
14,Lunaskein,DPS / Supp,Int-Based,1,9,5,21,13,376,8,2
15,Lunaskein,DPS / Supp,Int-Based,1,10,5,21,14,400,9,2
16,Lunaskein,DPS / Supp,Int-Based,1,10,6,22,14,420,9,2
17,Lunaskein,DPS / Supp,Int-Based,1,10,6,22,16,451,9,2
18,Lunaskein,DPS / Supp,Int-Based,1,11,6,23,16,473,9,2
19,Lunaskein,DPS / Supp,Int-Based,1,11,7,24,16,496,10,3
20,Lunaskein,DPS / Supp,Int-Based,1,11,7,24,18,529,10,3
21,Lunaskein,DPS / Supp,Int-Based,1,11,7,25,19,559,10,3
22,Lunaskein,DPS / Supp,Int-Based,1,11,7,26,20,590,11,3
23,Lunaskein,DPS / Supp,Int-Based,1,11,7,27,21,623,11,3
24,Lunaskein,DPS / Supp,Int-Based,1,12,7,28,21,649,11,3
25,Lunaskein,DPS / Supp,Int-Based,1,13,7,29,21,678,12,3
26,Lunaskein,DPS / Supp,Int-Based,1,13,7,31,21,707,12,3
27,Lunaskein,DPS / Supp,Int-Based,1,13,7,31,23,749,12,3
28,Lunaskein,DPS / Supp,Int-Based,1,14,7,32,23,779,12,4
29,Lunaskein,DPS / Supp,Int-Based,1,15,7,33,23,810,13,4
30,Lunaskein,DPS / Supp,Int-Based,1,15,7,33,25,856,13,4
31,Lunaskein,DPS / Supp,Int-Based,1,15,7,34,26,897,13,4
32,Lunaskein,DPS / Supp,Int-Based,1,15,7,35,27,938,14,4
33,Lunaskein,DPS / Supp,Int-Based,1,15,7,36,28,980,14,4
34,Lunaskein,DPS / Supp,Int-Based,1,15,7,37,29,1024,14,4
35,Lunaskein,DPS / Supp,Int-Based,1,16,7,38,29,1061,14,4
36,Lunaskein,DPS / Supp,Int-Based,1,16,7,40,29,1099,15,4
37,Lunaskein,DPS / Supp,Int-Based,1,16,8,41,30,1146,15,5
38,Lunaskein,DPS / Supp,Int-Based,1,16,8,42,31,1194,15,5
39,Lunaskein,DPS / Supp,Int-Based,1,17,9,42,32,1243,16,5
40,Lunaskein,DPS / Supp,Int-Based,1,18,9,43,32,1285,16,5
41,Lunaskein,DPS / Supp,Int-Based,1,18,9,44,33,1336,16,5
42,Lunaskein,DPS / Supp,Int-Based,1,18,9,45,34,1389,17,5
43,Lunaskein,DPS / Supp,Int-Based,1,20,9,46,34,1433,17,5
44,Lunaskein,DPS / Supp,Int-Based,1,20,9,47,35,1489,17,5
45,Lunaskein,DPS / Supp,Int-Based,1,20,9,48,36,1546,17,5
46,Lunaskein,DPS / Supp,Int-Based,1,21,10,49,36,1593,19,6
47,Lunaskein,DPS / Supp,Int-Based,1,21,11,50,37,1652,19,6
48,Lunaskein,DPS / Supp,Int-Based,1,21,11,51,38,1713,19,6
49,Lunaskein,DPS / Supp,Int-Based,1,23,11,51,39,1776,20,6
50,Lunaskein,DPS / Supp,Int-Based,1,23,11,52,40,1839,20,6
51,Lunaskein,DPS / Supp,Int-Based,1,23,11,53,41,1904,20,6
52,Lunaskein,DPS / Supp,Int-Based,1,24,12,54,41,1957,20,6
53,Lunaskein,DPS / Supp,Int-Based,1,24,12,55,42,2024,21,6
54,Lunaskein,DPS / Supp,Int-Based,1,24,12,56,43,2094,21,6
55,Lunaskein,DPS / Supp,Int-Based,1,25,12,57,43,2150,21,7
56,Lunaskein,DPS / Supp,Int-Based,1,25,13,58,44,2221,22,7
57,Lunaskein,DPS / Supp,Int-Based,1,27,13,58,45,2295,22,7
58,Lunaskein,DPS / Supp,Int-Based,1,27,13,59,46,2371,22,7
59,Lunaskein,DPS / Supp,Int-Based,1,27,13,61,46,2430,22,7
60,Lunaskein,DPS / Supp,Int-Based,1,29,13,61,47,2509,23,7
61,Lunaskein,DPS / Supp,Int-Based,1,29,13,62,48,2588,23,7
62,Lunaskein,DPS / Supp,Int-Based,1,29,14,63,49,2668,23,7
63,Lunaskein,DPS / Supp,Int-Based,1,29,14,64,50,2752,24,7
64,Lunaskein,DPS / Supp,Int-Based,1,31,14,65,50,2817,24,8
65,Lunaskein,DPS / Supp,Int-Based,1,31,14,66,51,2903,24,8
66,Lunaskein,DPS / Supp,Int-Based,1,31,14,67,52,2989,25,8
67,Lunaskein,DPS / Supp,Int-Based,1,31,15,68,53,3079,26,8
68,Lunaskein,DPS / Supp,Int-Based,1,32,16,69,53,3148,26,8
69,Lunaskein,DPS / Supp,Int-Based,1,32,16,70,54,3241,26,8
70,Lunaskein,DPS / Supp,Int-Based,1,34,16,70,55,3335,27,8
71,Lunaskein,DPS / Supp,Int-Based,1,34,16,71,56,3430,27,8
72,Lunaskein,DPS / Supp,Int-Based,1,34,17,72,57,3527,27,8
73,Lunaskein,DPS / Supp,Int-Based,1,35,18,73,57,3603,28,9
74,Lunaskein,DPS / Supp,Int-Based,1,35,18,74,58,3703,28,9
75,Lunaskein,DPS / Supp,Int-Based,1,35,18,75,59,3806,28,9
76,Lunaskein,DPS / Supp,Int-Based,1,37,18,76,59,3885,28,9
77,Lunaskein,DPS / Supp,Int-Based,1,37,19,77,60,3990,29,9
78,Lunaskein,DPS / Supp,Int-Based,1,37,19,78,61,4097,29,9
79,Lunaskein,DPS / Supp,Int-Based,1,39,19,78,62,4207,29,9
80,Lunaskein,DPS / Supp,Int-Based,1,39,20,79,63,4317,31,9
81,Lunaskein,DPS / Supp,Int-Based,1,39,20,80,64,4429,31,9
82,Lunaskein,DPS / Supp,Int-Based,1,41,20,81,64,4516,31,10
83,Lunaskein,DPS / Supp,Int-Based,1,41,21,82,65,4633,32,10
84,Lunaskein,DPS / Supp,Int-Based,1,41,21,83,66,4750,32,10
85,Lunaskein,DPS / Supp,Int-Based,1,41,21,84,67,4871,32,10
86,Lunaskein,DPS / Supp,Int-Based,1,43,21,85,67,4963,32,10
87,Lunaskein,DPS / Supp,Int-Based,1,43,21,86,68,5087,33,10
88,Lunaskein,DPS / Supp,Int-Based,1,43,22,87,69,5211,33,10
89,Lunaskein,DPS / Supp,Int-Based,1,43,22,88,70,5339,33,10
90,Lunaskein,DPS / Supp,Int-Based,1,45,22,88,71,5468,34,10
91,Lunaskein,DPS / Supp,Int-Based,1,45,23,89,72,5600,34,11
92,Lunaskein,DPS / Supp,Int-Based,1,45,23,91,72,5700,34,11
93,Lunaskein,DPS / Supp,Int-Based,1,47,23,91,73,5835,34,11
94,Lunaskein,DPS / Supp,Int-Based,1,47,23,92,74,5971,35,11
95,Lunaskein,DPS / Supp,Int-Based,1,47,23,93,75,6111,35,11
96,Lunaskein,DPS / Supp,Int-Based,1,47,24,94,76,6253,35,11
97,Lunaskein,DPS / Supp,Int-Based,1,49,24,95,76,6360,36,11
98,Lunaskein,DPS / Supp,Int-Based,1,49,24,96,77,6504,36,11
99,Lunaskein,DPS / Supp,Int-Based,1,49,24,97,78,6651,36,11
100,Lunaskein,DPS / Supp,Int-Based,1,50,24,98,79,6802,37,12
1,Slagjaw,Tank,Strength-based,9,2,6,3,9,207,18,4
2,Slagjaw,Tank,Strength-based,9,2,6,3,10,233,19,4
3,Slagjaw,Tank,Strength-based,10,2,6,3,11,261,22,4
4,Slagjaw,Tank,Strength-based,10,2,6,3,12,292,23,4
5,Slagjaw,Tank,Strength-based,10,2,6,3,13,324,24,5
6,Slagjaw,Tank,Strength-based,11,2,7,3,13,354,27,5
7,Slagjaw,Tank,Strength-based,11,2,7,3,14,389,28,5
8,Slagjaw,Tank,Strength-based,12,2,8,3,14,422,30,6
9,Slagjaw,Tank,Strength-based,12,2,8,3,15,462,31,6
10,Slagjaw,Tank,Strength-based,12,2,9,3,16,502,33,6
11,Slagjaw,Tank,Strength-based,13,2,10,3,16,539,36,7
12,Slagjaw,Tank,Strength-based,13,3,10,3,17,582,37,7
13,Slagjaw,Tank,Strength-based,14,3,11,3,17,623,39,7
14,Slagjaw,Tank,Strength-based,14,3,11,4,18,670,41,8
15,Slagjaw,Tank,Strength-based,14,4,11,4,19,719,42,8
16,Slagjaw,Tank,Strength-based,15,4,11,4,20,770,44,8
17,Slagjaw,Tank,Strength-based,16,4,11,4,21,824,46,9
18,Slagjaw,Tank,Strength-based,18,4,11,4,21,872,49,9
19,Slagjaw,Tank,Strength-based,18,4,11,5,22,928,51,9
20,Slagjaw,Tank,Strength-based,18,5,11,5,23,987,52,10
21,Slagjaw,Tank,Strength-based,19,5,12,5,23,1040,54,10
22,Slagjaw,Tank,Strength-based,20,5,12,5,24,1103,59,10
23,Slagjaw,Tank,Strength-based,21,5,12,5,25,1168,62,11
24,Slagjaw,Tank,Strength-based,21,5,13,5,26,1236,63,11
25,Slagjaw,Tank,Strength-based,22,5,13,5,27,1305,65,11
26,Slagjaw,Tank,Strength-based,22,5,14,5,28,1377,66,12
27,Slagjaw,Tank,Strength-based,23,5,14,5,29,1451,69,12
28,Slagjaw,Tank,Strength-based,24,5,15,6,29,1515,72,12
29,Slagjaw,Tank,Strength-based,24,5,15,6,31,1606,73,13
30,Slagjaw,Tank,Strength-based,25,5,16,6,31,1674,75,13
31,Slagjaw,Tank,Strength-based,26,5,16,6,32,1758,77,13
32,Slagjaw,Tank,Strength-based,26,6,17,6,33,1843,79,14
33,Slagjaw,Tank,Strength-based,27,6,17,6,34,1930,81,14
34,Slagjaw,Tank,Strength-based,28,6,18,7,34,2007,83,14
35,Slagjaw,Tank,Strength-based,29,6,18,7,35,2099,85,14
36,Slagjaw,Tank,Strength-based,29,7,19,7,36,2195,87,15
37,Slagjaw,Tank,Strength-based,30,7,19,7,37,2293,94,15
38,Slagjaw,Tank,Strength-based,31,7,21,7,37,2375,97,15
39,Slagjaw,Tank,Strength-based,31,7,21,7,39,2496,98,16
40,Slagjaw,Tank,Strength-based,32,7,21,7,40,2602,101,16
41,Slagjaw,Tank,Strength-based,33,7,21,8,41,2711,103,16
42,Slagjaw,Tank,Strength-based,34,8,22,8,41,2803,105,17
43,Slagjaw,Tank,Strength-based,35,8,22,8,42,2915,107,17
44,Slagjaw,Tank,Strength-based,35,8,23,8,43,3031,108,17
45,Slagjaw,Tank,Strength-based,36,8,23,8,44,3152,111,18
46,Slagjaw,Tank,Strength-based,37,8,25,8,44,3251,114,18
47,Slagjaw,Tank,Strength-based,38,8,25,8,45,3375,116,18
48,Slagjaw,Tank,Strength-based,38,8,25,8,47,3526,117,19
49,Slagjaw,Tank,Strength-based,39,8,27,8,47,3632,120,19
50,Slagjaw,Tank,Strength-based,40,8,27,8,48,3765,129,19
51,Slagjaw,Tank,Strength-based,41,8,27,9,49,3902,131,20
52,Slagjaw,Tank,Strength-based,42,9,27,9,50,4041,133,20
53,Slagjaw,Tank,Strength-based,42,9,28,10,51,4184,135,20
54,Slagjaw,Tank,Strength-based,43,9,28,10,52,4328,137,21
55,Slagjaw,Tank,Strength-based,43,10,29,10,53,4478,138,21
56,Slagjaw,Tank,Strength-based,44,10,29,11,54,4629,140,21
57,Slagjaw,Tank,Strength-based,45,10,31,11,54,4753,144,22
58,Slagjaw,Tank,Strength-based,46,10,31,11,55,4911,146,22
59,Slagjaw,Tank,Strength-based,47,11,31,11,56,5071,148,22
60,Slagjaw,Tank,Strength-based,47,11,32,11,57,5235,149,23
61,Slagjaw,Tank,Strength-based,48,11,32,12,58,5403,151,23
62,Slagjaw,Tank,Strength-based,49,12,32,12,59,5574,154,23
63,Slagjaw,Tank,Strength-based,49,12,33,13,60,5748,155,24
64,Slagjaw,Tank,Strength-based,50,12,33,13,61,5926,166,24
65,Slagjaw,Tank,Strength-based,51,12,35,13,61,6069,169,24
66,Slagjaw,Tank,Strength-based,52,12,35,13,62,6253,172,25
67,Slagjaw,Tank,Strength-based,53,12,35,14,63,6440,174,25
68,Slagjaw,Tank,Strength-based,53,12,36,14,64,6630,175,25
69,Slagjaw,Tank,Strength-based,54,12,36,14,65,6826,177,25
70,Slagjaw,Tank,Strength-based,55,12,37,14,66,7023,180,26
71,Slagjaw,Tank,Strength-based,56,12,37,14,67,7224,182,26
72,Slagjaw,Tank,Strength-based,56,12,39,14,68,7430,183,26
73,Slagjaw,Tank,Strength-based,57,12,39,14,69,7638,185,27
74,Slagjaw,Tank,Strength-based,58,12,40,14,70,7852,188,27
75,Slagjaw,Tank,Strength-based,59,12,40,14,71,8067,191,27
76,Slagjaw,Tank,Strength-based,60,12,40,14,72,8288,204,28
77,Slagjaw,Tank,Strength-based,61,12,41,14,73,8513,206,28
78,Slagjaw,Tank,Strength-based,62,12,41,14,74,8740,208,28
79,Slagjaw,Tank,Strength-based,62,12,42,14,75,8972,210,29
80,Slagjaw,Tank,Strength-based,63,12,43,14,76,9208,212,29
81,Slagjaw,Tank,Strength-based,64,12,43,14,77,9448,214,29
82,Slagjaw,Tank,Strength-based,65,12,45,14,77,9637,217,30
83,Slagjaw,Tank,Strength-based,66,12,45,14,78,9884,220,30
84,Slagjaw,Tank,Strength-based,66,12,45,14,80,10191,221,30
85,Slagjaw,Tank,Strength-based,67,12,46,14,81,10447,223,31
86,Slagjaw,Tank,Strength-based,68,12,46,14,82,10707,225,31
87,Slagjaw,Tank,Strength-based,70,12,47,14,82,10910,241,31
88,Slagjaw,Tank,Strength-based,70,12,48,14,83,11179,243,32
89,Slagjaw,Tank,Strength-based,71,12,49,14,84,11450,245,32
90,Slagjaw,Tank,Strength-based,72,12,49,14,85,11725,247,32
91,Slagjaw,Tank,Strength-based,72,12,51,14,86,12006,249,33
92,Slagjaw,Tank,Strength-based,73,12,51,14,87,12289,252,33
93,Slagjaw,Tank,Strength-based,74,12,51,14,88,12579,254,33
94,Slagjaw,Tank,Strength-based,75,12,51,14,89,12870,256,34
95,Slagjaw,Tank,Strength-based,76,12,52,14,90,13168,258,34
96,Slagjaw,Tank,Strength-based,76,12,53,14,91,13469,260,34
97,Slagjaw,Tank,Strength-based,77,12,54,14,92,13776,262,35
98,Slagjaw,Tank,Strength-based,78,12,54,14,93,14087,264,35
99,Slagjaw,Tank,Strength-based,79,12,54,14,94,14402,266,35
100,Slagjaw,Tank,Strength-based,80,12,55,14,95,14722,285,36
1,Bellowsnout,Fighter,Strength-based,9,8,5,1,6,174,18,2
2,Bellowsnout,Fighter,Strength-based,9,8,6,1,6,191,19,2
3,Bellowsnout,Fighter,Strength-based,10,9,6,1,6,208,22,2
4,Bellowsnout,Fighter,Strength-based,11,9,6,1,6,227,25,2
5,Bellowsnout,Fighter,Strength-based,11,9,7,1,7,249,26,2
6,Bellowsnout,Fighter,Strength-based,11,10,7,2,7,269,28,2
7,Bellowsnout,Fighter,Strength-based,12,10,7,2,7,291,30,3
8,Bellowsnout,Fighter,Strength-based,12,11,7,2,8,316,32,3
9,Bellowsnout,Fighter,Strength-based,13,11,8,2,8,339,34,3
10,Bellowsnout,Fighter,Strength-based,13,12,8,2,8,362,36,3
11,Bellowsnout,Fighter,Strength-based,13,12,9,2,10,394,37,3
12,Bellowsnout,Fighter,Strength-based,14,12,10,2,10,420,41,4
13,Bellowsnout,Fighter,Strength-based,14,13,10,2,11,450,42,4
14,Bellowsnout,Fighter,Strength-based,15,13,11,2,11,478,45,4
15,Bellowsnout,Fighter,Strength-based,15,14,11,3,11,507,46,4
16,Bellowsnout,Fighter,Strength-based,17,14,11,3,11,537,50,4
17,Bellowsnout,Fighter,Strength-based,17,15,11,3,12,572,51,4
18,Bellowsnout,Fighter,Strength-based,18,15,12,3,12,603,54,5
19,Bellowsnout,Fighter,Strength-based,19,16,12,3,12,635,56,5
20,Bellowsnout,Fighter,Strength-based,19,17,12,3,13,674,58,5
21,Bellowsnout,Fighter,Strength-based,20,17,13,3,13,708,63,5
22,Bellowsnout,Fighter,Strength-based,20,18,13,4,14,750,65,5
23,Bellowsnout,Fighter,Strength-based,21,18,14,4,14,785,67,6
24,Bellowsnout,Fighter,Strength-based,22,19,14,4,14,823,70,6
25,Bellowsnout,Fighter,Strength-based,22,20,14,5,15,868,71,6
26,Bellowsnout,Fighter,Strength-based,23,20,15,5,15,907,75,6
27,Bellowsnout,Fighter,Strength-based,23,21,16,5,16,954,76,6
28,Bellowsnout,Fighter,Strength-based,24,22,16,5,16,996,79,6
29,Bellowsnout,Fighter,Strength-based,25,22,16,5,17,1047,81,7
30,Bellowsnout,Fighter,Strength-based,25,23,17,6,17,1090,83,7
31,Bellowsnout,Fighter,Strength-based,26,23,17,7,18,1143,85,7
32,Bellowsnout,Fighter,Strength-based,27,23,18,8,18,1188,88,7
33,Bellowsnout,Fighter,Strength-based,27,24,18,8,19,1244,89,7
34,Bellowsnout,Fighter,Strength-based,28,25,19,8,19,1292,92,8
35,Bellowsnout,Fighter,Strength-based,29,25,19,8,20,1352,94,8
36,Bellowsnout,Fighter,Strength-based,30,26,20,8,20,1401,102,8
37,Bellowsnout,Fighter,Strength-based,30,27,21,8,21,1464,104,8
38,Bellowsnout,Fighter,Strength-based,31,28,21,8,21,1516,106,8
39,Bellowsnout,Fighter,Strength-based,32,28,22,8,22,1581,109,8
40,Bellowsnout,Fighter,Strength-based,33,29,22,8,22,1636,111,9
41,Bellowsnout,Fighter,Strength-based,33,30,23,8,23,1703,113,9
42,Bellowsnout,Fighter,Strength-based,34,30,23,8,24,1774,115,9
43,Bellowsnout,Fighter,Strength-based,35,31,24,8,24,1832,118,9
44,Bellowsnout,Fighter,Strength-based,35,32,24,8,25,1906,119,9
45,Bellowsnout,Fighter,Strength-based,36,32,25,8,26,1981,123,10
46,Bellowsnout,Fighter,Strength-based,37,33,25,8,26,2042,125,10
47,Bellowsnout,Fighter,Strength-based,38,34,26,8,26,2105,128,10
48,Bellowsnout,Fighter,Strength-based,39,34,26,8,27,2185,130,10
49,Bellowsnout,Fighter,Strength-based,40,35,27,8,27,2250,140,10
50,Bellowsnout,Fighter,Strength-based,40,36,28,8,28,2334,141,10
51,Bellowsnout,Fighter,Strength-based,41,36,29,8,29,2420,144,11
52,Bellowsnout,Fighter,Strength-based,42,37,29,8,29,2488,146,11
53,Bellowsnout,Fighter,Strength-based,43,38,29,8,30,2577,149,11
54,Bellowsnout,Fighter,Strength-based,43,39,30,8,31,2668,151,11
55,Bellowsnout,Fighter,Strength-based,44,39,31,8,31,2741,154,11
56,Bellowsnout,Fighter,Strength-based,45,40,31,8,32,2836,156,12
57,Bellowsnout,Fighter,Strength-based,45,41,32,8,33,2933,158,12
58,Bellowsnout,Fighter,Strength-based,46,42,32,8,33,3009,160,12
59,Bellowsnout,Fighter,Strength-based,47,42,33,8,34,3111,163,12
60,Bellowsnout,Fighter,Strength-based,48,43,33,8,34,3190,165,12
61,Bellowsnout,Fighter,Strength-based,49,44,34,8,34,3269,168,12
62,Bellowsnout,Fighter,Strength-based,50,44,34,8,35,3376,179,13
63,Bellowsnout,Fighter,Strength-based,50,45,35,8,36,3484,182,13
64,Bellowsnout,Fighter,Strength-based,51,46,36,8,36,3568,184,13
65,Bellowsnout,Fighter,Strength-based,52,46,36,8,37,3681,187,13
66,Bellowsnout,Fighter,Strength-based,53,47,37,8,37,3767,189,13
67,Bellowsnout,Fighter,Strength-based,54,48,37,8,38,3884,192,14
68,Bellowsnout,Fighter,Strength-based,54,49,38,8,39,4003,193,14
69,Bellowsnout,Fighter,Strength-based,55,49,39,8,39,4093,195,14
70,Bellowsnout,Fighter,Strength-based,56,50,39,8,40,4216,198,14
71,Bellowsnout,Fighter,Strength-based,57,51,40,8,40,4310,201,14
72,Bellowsnout,Fighter,Strength-based,57,52,41,8,41,4437,203,14
73,Bellowsnout,Fighter,Strength-based,58,52,41,8,42,4566,205,15
74,Bellowsnout,Fighter,Strength-based,59,53,42,8,42,4664,208,15
75,Bellowsnout,Fighter,Strength-based,60,53,43,8,43,4797,221,15
76,Bellowsnout,Fighter,Strength-based,61,54,43,8,43,4899,224,15
77,Bellowsnout,Fighter,Strength-based,62,55,43,8,44,5037,226,15
78,Bellowsnout,Fighter,Strength-based,62,56,44,8,45,5176,228,16
79,Bellowsnout,Fighter,Strength-based,63,57,44,8,45,5282,230,16
80,Bellowsnout,Fighter,Strength-based,64,57,45,8,46,5426,234,16
81,Bellowsnout,Fighter,Strength-based,65,58,45,8,46,5536,236,16
82,Bellowsnout,Fighter,Strength-based,65,59,46,8,47,5684,238,16
83,Bellowsnout,Fighter,Strength-based,66,59,47,8,48,5835,240,16
84,Bellowsnout,Fighter,Strength-based,67,60,48,8,48,5949,243,17
85,Bellowsnout,Fighter,Strength-based,68,61,48,8,49,6104,245,17
86,Bellowsnout,Fighter,Strength-based,69,62,48,8,49,6222,248,17
87,Bellowsnout,Fighter,Strength-based,70,62,49,8,50,6382,263,17
88,Bellowsnout,Fighter,Strength-based,70,63,50,8,51,6544,266,17
89,Bellowsnout,Fighter,Strength-based,71,64,51,8,51,6666,268,18
90,Bellowsnout,Fighter,Strength-based,72,64,51,8,52,6833,271,18
91,Bellowsnout,Fighter,Strength-based,73,65,52,8,52,6958,273,18
92,Bellowsnout,Fighter,Strength-based,74,66,52,8,53,7131,276,18
93,Bellowsnout,Fighter,Strength-based,74,67,53,8,53,7258,277,18
94,Bellowsnout,Fighter,Strength-based,75,68,53,8,54,7436,280,18
95,Bellowsnout,Fighter,Strength-based,76,68,54,8,55,7616,282,19
96,Bellowsnout,Fighter,Strength-based,77,69,54,8,55,7748,285,19
97,Bellowsnout,Fighter,Strength-based,77,70,55,8,56,7934,287,19
98,Bellowsnout,Fighter,Strength-based,78,70,56,8,57,8121,290,19
99,Bellowsnout,Fighter,Strength-based,79,71,57,8,57,8259,292,19
100,Bellowsnout,Fighter,Strength-based,80,72,57,8,58,8453,310,20
1,Dreamtapir,DPS / Supp,Int-Based,1,5,5,9,9,158,5,1
2,Dreamtapir,DPS / Supp,Int-Based,1,5,5,10,9,170,5,1
3,Dreamtapir,DPS / Supp,Int-Based,1,5,5,11,10,185,5,1
4,Dreamtapir,DPS / Supp,Int-Based,1,5,5,12,10,200,5,1
5,Dreamtapir,DPS / Supp,Int-Based,1,5,5,13,10,215,6,1
6,Dreamtapir,DPS / Supp,Int-Based,1,6,5,13,11,233,6,1
7,Dreamtapir,DPS / Supp,Int-Based,1,6,5,14,11,249,6,1
8,Dreamtapir,DPS / Supp,Int-Based,1,7,5,15,11,266,6,1
9,Dreamtapir,DPS / Supp,Int-Based,1,7,5,16,11,284,7,1
10,Dreamtapir,DPS / Supp,Int-Based,1,7,6,16,12,304,7,2
11,Dreamtapir,DPS / Supp,Int-Based,1,8,6,17,12,323,7,2
12,Dreamtapir,DPS / Supp,Int-Based,1,8,7,17,13,345,8,2
13,Dreamtapir,DPS / Supp,Int-Based,1,9,7,18,13,366,8,2
14,Dreamtapir,DPS / Supp,Int-Based,1,9,8,19,13,387,8,2
15,Dreamtapir,DPS / Supp,Int-Based,1,10,8,19,14,412,8,2
16,Dreamtapir,DPS / Supp,Int-Based,1,10,8,20,15,439,9,2
17,Dreamtapir,DPS / Supp,Int-Based,1,10,8,21,16,466,9,2
18,Dreamtapir,DPS / Supp,Int-Based,1,10,8,21,18,499,9,3
19,Dreamtapir,DPS / Supp,Int-Based,1,11,8,22,18,523,9,3
20,Dreamtapir,DPS / Supp,Int-Based,1,11,9,23,18,549,10,3
21,Dreamtapir,DPS / Supp,Int-Based,1,11,9,24,19,580,10,3
22,Dreamtapir,DPS / Supp,Int-Based,1,11,9,25,20,613,10,3
23,Dreamtapir,DPS / Supp,Int-Based,1,11,9,26,21,647,11,3
24,Dreamtapir,DPS / Supp,Int-Based,1,12,9,27,21,676,11,3
25,Dreamtapir,DPS / Supp,Int-Based,1,13,9,27,22,711,11,3
26,Dreamtapir,DPS / Supp,Int-Based,1,13,9,29,22,742,11,4
27,Dreamtapir,DPS / Supp,Int-Based,1,13,9,30,23,779,12,4
28,Dreamtapir,DPS / Supp,Int-Based,1,13,9,31,24,819,12,4
29,Dreamtapir,DPS / Supp,Int-Based,1,13,9,31,26,865,12,4
30,Dreamtapir,DPS / Supp,Int-Based,1,14,9,32,26,900,12,4
31,Dreamtapir,DPS / Supp,Int-Based,1,14,9,33,27,943,13,4
32,Dreamtapir,DPS / Supp,Int-Based,1,14,9,34,28,986,13,4
33,Dreamtapir,DPS / Supp,Int-Based,1,14,9,35,29,1032,13,4
34,Dreamtapir,DPS / Supp,Int-Based,1,14,9,36,30,1079,14,5
35,Dreamtapir,DPS / Supp,Int-Based,1,14,9,37,31,1126,14,5
36,Dreamtapir,DPS / Supp,Int-Based,1,14,9,38,32,1176,14,5
37,Dreamtapir,DPS / Supp,Int-Based,1,14,9,39,33,1226,14,5
38,Dreamtapir,DPS / Supp,Int-Based,1,14,9,41,33,1268,15,5
39,Dreamtapir,DPS / Supp,Int-Based,1,14,9,41,35,1331,15,5
40,Dreamtapir,DPS / Supp,Int-Based,1,14,11,42,35,1375,16,5
41,Dreamtapir,DPS / Supp,Int-Based,1,14,11,43,36,1430,16,5
42,Dreamtapir,DPS / Supp,Int-Based,1,14,11,44,37,1487,17,5
43,Dreamtapir,DPS / Supp,Int-Based,1,14,11,45,38,1546,17,6
44,Dreamtapir,DPS / Supp,Int-Based,1,14,11,46,39,1606,17,6
45,Dreamtapir,DPS / Supp,Int-Based,1,14,11,47,40,1668,18,6
46,Dreamtapir,DPS / Supp,Int-Based,1,14,11,48,41,1731,18,6
47,Dreamtapir,DPS / Supp,Int-Based,1,14,11,49,42,1794,18,6
48,Dreamtapir,DPS / Supp,Int-Based,1,14,11,50,43,1861,18,6
49,Dreamtapir,DPS / Supp,Int-Based,1,14,11,51,44,1929,19,6
50,Dreamtapir,DPS / Supp,Int-Based,1,16,11,52,44,1984,19,6
51,Dreamtapir,DPS / Supp,Int-Based,1,16,11,53,45,2054,19,7
52,Dreamtapir,DPS / Supp,Int-Based,1,16,11,54,46,2125,19,7
53,Dreamtapir,DPS / Supp,Int-Based,1,16,11,55,47,2199,20,7
54,Dreamtapir,DPS / Supp,Int-Based,1,16,11,56,48,2274,20,7
55,Dreamtapir,DPS / Supp,Int-Based,1,17,12,56,49,2351,20,7
56,Dreamtapir,DPS / Supp,Int-Based,1,17,12,57,50,2430,21,7
57,Dreamtapir,DPS / Supp,Int-Based,1,18,12,58,51,2509,21,7
58,Dreamtapir,DPS / Supp,Int-Based,1,18,12,60,51,2574,21,7
59,Dreamtapir,DPS / Supp,Int-Based,1,18,12,61,52,2656,21,8
60,Dreamtapir,DPS / Supp,Int-Based,1,19,13,61,53,2741,22,8
61,Dreamtapir,DPS / Supp,Int-Based,1,19,13,62,54,2828,22,8
62,Dreamtapir,DPS / Supp,Int-Based,1,19,13,63,55,2917,22,8
63,Dreamtapir,DPS / Supp,Int-Based,1,21,13,64,55,2986,22,8
64,Dreamtapir,DPS / Supp,Int-Based,1,21,13,65,56,3077,23,8
65,Dreamtapir,DPS / Supp,Int-Based,1,21,13,66,57,3171,23,8
66,Dreamtapir,DPS / Supp,Int-Based,1,21,14,67,58,3265,23,8
67,Dreamtapir,DPS / Supp,Int-Based,1,21,14,68,59,3362,24,9
68,Dreamtapir,DPS / Supp,Int-Based,1,23,14,68,60,3460,24,9
69,Dreamtapir,DPS / Supp,Int-Based,1,23,15,69,61,3561,25,9
70,Dreamtapir,DPS / Supp,Int-Based,1,23,15,70,62,3662,25,9
71,Dreamtapir,DPS / Supp,Int-Based,1,23,15,71,63,3766,26,9
72,Dreamtapir,DPS / Supp,Int-Based,1,23,15,72,64,3873,26,9
73,Dreamtapir,DPS / Supp,Int-Based,1,24,16,73,64,3957,26,9
74,Dreamtapir,DPS / Supp,Int-Based,1,24,16,74,65,4067,26,9
75,Dreamtapir,DPS / Supp,Int-Based,1,24,16,75,66,4178,27,9
76,Dreamtapir,DPS / Supp,Int-Based,1,26,17,76,66,4264,27,10
77,Dreamtapir,DPS / Supp,Int-Based,1,26,17,77,67,4380,27,10
78,Dreamtapir,DPS / Supp,Int-Based,1,26,17,78,68,4495,28,10
79,Dreamtapir,DPS / Supp,Int-Based,1,26,18,79,69,4615,28,10
80,Dreamtapir,DPS / Supp,Int-Based,1,26,18,80,70,4736,28,10
81,Dreamtapir,DPS / Supp,Int-Based,1,28,19,80,71,4858,28,10
82,Dreamtapir,DPS / Supp,Int-Based,1,28,19,81,72,4982,29,10
83,Dreamtapir,DPS / Supp,Int-Based,1,28,19,82,73,5110,29,10
84,Dreamtapir,DPS / Supp,Int-Based,1,28,19,83,74,5239,29,11
85,Dreamtapir,DPS / Supp,Int-Based,1,28,19,84,75,5369,29,11
86,Dreamtapir,DPS / Supp,Int-Based,1,30,20,85,75,5472,31,11
87,Dreamtapir,DPS / Supp,Int-Based,1,30,20,86,76,5605,31,11
88,Dreamtapir,DPS / Supp,Int-Based,1,30,21,87,77,5743,31,11
89,Dreamtapir,DPS / Supp,Int-Based,1,30,21,88,78,5882,32,11
90,Dreamtapir,DPS / Supp,Int-Based,1,32,21,88,79,6023,32,11
91,Dreamtapir,DPS / Supp,Int-Based,1,32,22,89,80,6166,32,11
92,Dreamtapir,DPS / Supp,Int-Based,1,32,22,90,81,6313,32,12
93,Dreamtapir,DPS / Supp,Int-Based,1,32,23,91,82,6461,33,12
94,Dreamtapir,DPS / Supp,Int-Based,1,32,23,92,83,6609,33,12
95,Dreamtapir,DPS / Supp,Int-Based,1,34,23,93,83,6725,33,12
96,Dreamtapir,DPS / Supp,Int-Based,1,34,23,94,84,6879,33,12
97,Dreamtapir,DPS / Supp,Int-Based,1,34,23,95,85,7035,34,12
98,Dreamtapir,DPS / Supp,Int-Based,1,34,23,96,86,7194,34,12
99,Dreamtapir,DPS / Supp,Int-Based,1,34,23,97,87,7356,34,12
100,Dreamtapir,DPS / Supp,Int-Based,1,35,23,98,88,7520,35,13
1,Inkmarten,DPS,Dex-Based,1,9,9,3,7,149,17,1
2,Inkmarten,DPS,Dex-Based,1,9,10,3,7,160,20,1
3,Inkmarten,DPS,Dex-Based,1,10,11,3,7,172,23,1
4,Inkmarten,DPS,Dex-Based,1,11,11,3,7,185,25,1
5,Inkmarten,DPS,Dex-Based,1,11,12,3,7,197,27,1
6,Inkmarten,DPS,Dex-Based,1,11,13,3,8,213,30,1
7,Inkmarten,DPS,Dex-Based,1,12,13,3,8,227,32,1
8,Inkmarten,DPS,Dex-Based,1,12,14,3,9,245,34,1
9,Inkmarten,DPS,Dex-Based,1,13,14,3,9,260,36,1
10,Inkmarten,DPS,Dex-Based,1,13,15,3,10,279,39,2
11,Inkmarten,DPS,Dex-Based,1,14,15,3,11,298,40,2
12,Inkmarten,DPS,Dex-Based,1,14,16,3,11,316,43,2
13,Inkmarten,DPS,Dex-Based,1,15,17,3,11,334,46,2
14,Inkmarten,DPS,Dex-Based,1,16,18,3,11,352,48,2
15,Inkmarten,DPS,Dex-Based,1,16,19,3,11,371,51,2
16,Inkmarten,DPS,Dex-Based,1,17,20,3,11,390,57,2
17,Inkmarten,DPS,Dex-Based,1,18,21,3,11,411,59,2
18,Inkmarten,DPS,Dex-Based,1,19,22,3,11,431,62,3
19,Inkmarten,DPS,Dex-Based,1,20,23,3,11,452,65,3
20,Inkmarten,DPS,Dex-Based,1,21,23,3,12,479,67,3
21,Inkmarten,DPS,Dex-Based,1,21,24,3,13,506,69,3
22,Inkmarten,DPS,Dex-Based,1,22,24,3,14,534,71,3
23,Inkmarten,DPS,Dex-Based,1,22,25,3,15,563,74,3
24,Inkmarten,DPS,Dex-Based,1,23,25,3,16,592,75,3
25,Inkmarten,DPS,Dex-Based,1,23,26,3,17,623,78,3
26,Inkmarten,DPS,Dex-Based,1,24,27,3,17,650,81,4
27,Inkmarten,DPS,Dex-Based,1,25,28,3,17,677,83,4
28,Inkmarten,DPS,Dex-Based,1,26,29,3,17,705,86,4
29,Inkmarten,DPS,Dex-Based,1,27,30,3,17,733,94,4
30,Inkmarten,DPS,Dex-Based,1,28,31,3,17,761,96,4
31,Inkmarten,DPS,Dex-Based,1,29,32,3,17,790,99,4
32,Inkmarten,DPS,Dex-Based,1,30,33,3,17,821,102,4
33,Inkmarten,DPS,Dex-Based,1,31,34,3,17,851,104,4
34,Inkmarten,DPS,Dex-Based,1,31,35,3,18,890,107,5
35,Inkmarten,DPS,Dex-Based,1,32,36,3,18,922,110,5
36,Inkmarten,DPS,Dex-Based,1,33,37,3,18,954,113,5
37,Inkmarten,DPS,Dex-Based,1,34,38,3,18,987,115,5
38,Inkmarten,DPS,Dex-Based,1,35,39,3,18,1021,118,5
39,Inkmarten,DPS,Dex-Based,1,36,40,3,18,1056,128,5
40,Inkmarten,DPS,Dex-Based,1,36,41,3,19,1099,130,5
41,Inkmarten,DPS,Dex-Based,1,38,41,3,20,1144,132,5
42,Inkmarten,DPS,Dex-Based,1,38,42,3,21,1191,135,5
43,Inkmarten,DPS,Dex-Based,1,39,43,3,21,1229,137,6
44,Inkmarten,DPS,Dex-Based,1,40,44,3,21,1266,140,6
45,Inkmarten,DPS,Dex-Based,1,41,45,3,21,1305,143,6
46,Inkmarten,DPS,Dex-Based,1,41,46,3,23,1367,145,6
47,Inkmarten,DPS,Dex-Based,1,42,47,3,23,1408,148,6
48,Inkmarten,DPS,Dex-Based,1,43,48,3,23,1448,151,6
49,Inkmarten,DPS,Dex-Based,1,44,48,3,24,1502,152,6
50,Inkmarten,DPS,Dex-Based,1,45,49,3,24,1546,155,6
51,Inkmarten,DPS,Dex-Based,1,45,50,3,26,1615,167,7
52,Inkmarten,DPS,Dex-Based,1,46,51,3,26,1659,170,7
53,Inkmarten,DPS,Dex-Based,1,47,52,3,26,1704,172,7
54,Inkmarten,DPS,Dex-Based,1,48,53,3,26,1750,175,7
55,Inkmarten,DPS,Dex-Based,1,49,54,3,26,1796,178,7
56,Inkmarten,DPS,Dex-Based,1,50,54,3,28,1873,179,7
57,Inkmarten,DPS,Dex-Based,1,51,55,3,28,1922,182,7
58,Inkmarten,DPS,Dex-Based,1,52,56,3,28,1971,185,7
59,Inkmarten,DPS,Dex-Based,1,52,57,3,30,2052,187,8
60,Inkmarten,DPS,Dex-Based,1,53,58,3,30,2103,190,8
61,Inkmarten,DPS,Dex-Based,1,54,59,3,30,2155,193,8
62,Inkmarten,DPS,Dex-Based,1,55,60,3,31,2225,206,8
63,Inkmarten,DPS,Dex-Based,1,56,61,3,31,2278,209,8
64,Inkmarten,DPS,Dex-Based,1,56,62,3,32,2350,212,8
65,Inkmarten,DPS,Dex-Based,1,57,63,3,32,2406,214,8
66,Inkmarten,DPS,Dex-Based,1,59,63,3,33,2480,216,8
67,Inkmarten,DPS,Dex-Based,1,59,65,3,33,2537,220,9
68,Inkmarten,DPS,Dex-Based,1,60,65,3,34,2614,222,9
69,Inkmarten,DPS,Dex-Based,1,61,66,3,35,2693,224,9
70,Inkmarten,DPS,Dex-Based,1,62,67,3,35,2752,227,9
71,Inkmarten,DPS,Dex-Based,1,62,68,3,36,2834,230,9
72,Inkmarten,DPS,Dex-Based,1,63,69,3,37,2918,232,9
73,Inkmarten,DPS,Dex-Based,1,64,70,3,37,2979,248,9
74,Inkmarten,DPS,Dex-Based,1,65,71,3,37,3044,251,9
75,Inkmarten,DPS,Dex-Based,1,66,72,3,37,3108,253,9
76,Inkmarten,DPS,Dex-Based,1,66,73,3,39,3219,256,10
77,Inkmarten,DPS,Dex-Based,1,67,74,3,39,3285,259,10
78,Inkmarten,DPS,Dex-Based,1,68,75,3,39,3352,261,10
79,Inkmarten,DPS,Dex-Based,1,70,75,3,40,3445,263,10
80,Inkmarten,DPS,Dex-Based,1,70,76,3,41,3539,266,10
81,Inkmarten,DPS,Dex-Based,1,71,77,3,42,3635,268,10
82,Inkmarten,DPS,Dex-Based,1,72,78,3,42,3706,271,10
83,Inkmarten,DPS,Dex-Based,1,73,79,3,42,3778,274,10
84,Inkmarten,DPS,Dex-Based,1,73,80,3,44,3905,292,11
85,Inkmarten,DPS,Dex-Based,1,74,81,3,44,3980,294,11
86,Inkmarten,DPS,Dex-Based,1,75,82,3,44,4055,297,11
87,Inkmarten,DPS,Dex-Based,1,76,83,3,44,4131,300,11
88,Inkmarten,DPS,Dex-Based,1,76,84,3,46,4266,302,11
89,Inkmarten,DPS,Dex-Based,1,77,85,3,46,4344,305,11
90,Inkmarten,DPS,Dex-Based,1,78,86,3,46,4423,308,11
91,Inkmarten,DPS,Dex-Based,1,80,86,3,47,4534,309,11
92,Inkmarten,DPS,Dex-Based,1,80,88,3,47,4615,313,12
93,Inkmarten,DPS,Dex-Based,1,81,88,3,49,4762,315,12
94,Inkmarten,DPS,Dex-Based,1,82,89,3,49,4845,317,12
95,Inkmarten,DPS,Dex-Based,1,83,90,3,49,4930,337,12
96,Inkmarten,DPS,Dex-Based,1,83,91,3,51,5082,340,12
97,Inkmarten,DPS,Dex-Based,1,84,92,3,51,5168,342,12
98,Inkmarten,DPS,Dex-Based,1,85,93,3,51,5257,345,12
99,Inkmarten,DPS,Dex-Based,1,86,94,3,51,5345,348,12
100,Inkmarten,DPS,Dex-Based,1,87,95,3,52,5472,351,13
1,Brimble,Fighter,Strength-based,9,3,6,2,9,179,18,2
2,Brimble,Fighter,Strength-based,10,3,6,2,9,198,21,2
3,Brimble,Fighter,Strength-based,11,3,6,2,10,220,24,2
4,Brimble,Fighter,Strength-based,12,3,6,2,10,240,26,2
5,Brimble,Fighter,Strength-based,13,3,6,2,10,262,29,2
6,Brimble,Fighter,Strength-based,13,3,7,2,11,287,30,2
7,Brimble,Fighter,Strength-based,14,3,7,2,11,310,33,3
8,Brimble,Fighter,Strength-based,14,4,8,2,11,336,34,3
9,Brimble,Fighter,Strength-based,15,4,9,2,11,360,37,3
10,Brimble,Fighter,Strength-based,15,4,9,2,12,390,38,3
11,Brimble,Fighter,Strength-based,16,4,9,2,13,422,41,3
12,Brimble,Fighter,Strength-based,17,4,10,2,13,450,44,4
13,Brimble,Fighter,Strength-based,17,5,10,2,14,484,46,4
14,Brimble,Fighter,Strength-based,18,5,11,2,14,515,48,4
15,Brimble,Fighter,Strength-based,19,6,11,2,14,547,51,4
16,Brimble,Fighter,Strength-based,20,6,11,2,15,584,57,4
17,Brimble,Fighter,Strength-based,21,6,11,2,16,622,59,4
18,Brimble,Fighter,Strength-based,21,6,12,2,17,663,61,5
19,Brimble,Fighter,Strength-based,22,7,12,2,17,699,63,5
20,Brimble,Fighter,Strength-based,22,7,13,2,18,743,65,5
21,Brimble,Fighter,Strength-based,23,7,13,2,19,788,67,5
22,Brimble,Fighter,Strength-based,24,7,14,2,19,828,70,5
23,Brimble,Fighter,Strength-based,25,7,14,2,20,876,72,6
24,Brimble,Fighter,Strength-based,26,7,14,2,21,925,75,6
25,Brimble,Fighter,Strength-based,26,8,15,3,21,968,77,6
26,Brimble,Fighter,Strength-based,27,8,15,3,22,1021,80,6
27,Brimble,Fighter,Strength-based,28,8,16,3,22,1066,82,6
28,Brimble,Fighter,Strength-based,28,9,17,3,23,1121,84,6
29,Brimble,Fighter,Strength-based,30,9,17,3,23,1169,92,7
30,Brimble,Fighter,Strength-based,30,11,17,3,24,1228,94,7
31,Brimble,Fighter,Strength-based,31,11,18,4,24,1278,97,7
32,Brimble,Fighter,Strength-based,32,11,18,4,25,1340,99,7
33,Brimble,Fighter,Strength-based,32,11,19,5,26,1404,101,7
34,Brimble,Fighter,Strength-based,33,11,19,5,27,1469,103,8
35,Brimble,Fighter,Strength-based,34,11,20,5,27,1525,107,8
36,Brimble,Fighter,Strength-based,35,11,20,6,28,1593,109,8
37,Brimble,Fighter,Strength-based,35,12,21,6,29,1665,111,8
38,Brimble,Fighter,Strength-based,37,12,21,6,29,1724,114,8
39,Brimble,Fighter,Strength-based,37,12,22,7,30,1799,116,8
40,Brimble,Fighter,Strength-based,38,12,22,7,31,1874,118,9
41,Brimble,Fighter,Strength-based,39,13,23,7,31,1938,121,9
42,Brimble,Fighter,Strength-based,40,13,23,7,32,2018,130,9
43,Brimble,Fighter,Strength-based,41,14,24,7,32,2084,133,9
44,Brimble,Fighter,Strength-based,42,14,24,7,33,2167,136,9
45,Brimble,Fighter,Strength-based,42,14,25,8,34,2252,138,10
46,Brimble,Fighter,Strength-based,43,16,25,8,34,2323,141,10
47,Brimble,Fighter,Strength-based,44,16,25,8,35,2412,143,10
48,Brimble,Fighter,Strength-based,44,16,27,8,36,2503,145,10
49,Brimble,Fighter,Strength-based,45,16,27,8,37,2597,147,10
50,Brimble,Fighter,Strength-based,46,17,28,8,37,2674,150,10
51,Brimble,Fighter,Strength-based,47,17,28,9,38,2771,152,11
52,Brimble,Fighter,Strength-based,48,17,28,10,39,2870,155,11
53,Brimble,Fighter,Strength-based,49,18,29,10,39,2950,157,11
54,Brimble,Fighter,Strength-based,50,18,29,10,40,3054,169,11
55,Brimble,Fighter,Strength-based,51,18,30,10,41,3161,172,11
56,Brimble,Fighter,Strength-based,51,19,31,10,42,3268,174,12
57,Brimble,Fighter,Strength-based,52,20,32,10,42,3355,176,12
58,Brimble,Fighter,Strength-based,53,20,32,10,43,3467,179,12
59,Brimble,Fighter,Strength-based,54,20,32,10,44,3582,182,12
60,Brimble,Fighter,Strength-based,55,21,33,10,44,3674,184,12
61,Brimble,Fighter,Strength-based,56,21,33,10,45,3793,187,12
62,Brimble,Fighter,Strength-based,56,22,34,10,46,3914,188,13
63,Brimble,Fighter,Strength-based,57,22,35,10,47,4038,192,13
64,Brimble,Fighter,Strength-based,58,24,35,10,47,4136,194,13
65,Brimble,Fighter,Strength-based,59,24,35,10,48,4263,197,13
66,Brimble,Fighter,Strength-based,60,24,36,10,49,4395,210,13
67,Brimble,Fighter,Strength-based,61,25,37,10,49,4498,213,14
68,Brimble,Fighter,Strength-based,62,25,37,10,50,4633,215,14
69,Brimble,Fighter,Strength-based,62,25,38,10,52,4803,217,14
70,Brimble,Fighter,Strength-based,63,25,39,10,52,4911,219,14
71,Brimble,Fighter,Strength-based,64,26,39,10,53,5055,222,14
72,Brimble,Fighter,Strength-based,65,27,40,10,53,5166,226,14
73,Brimble,Fighter,Strength-based,66,27,40,10,54,5314,228,15
74,Brimble,Fighter,Strength-based,67,27,41,10,55,5465,231,15
75,Brimble,Fighter,Strength-based,68,29,41,10,55,5581,233,15
76,Brimble,Fighter,Strength-based,68,29,43,10,56,5737,235,15
77,Brimble,Fighter,Strength-based,69,29,43,10,57,5895,237,15
78,Brimble,Fighter,Strength-based,71,30,43,10,57,6017,254,16
79,Brimble,Fighter,Strength-based,71,30,45,10,58,6179,256,16
80,Brimble,Fighter,Strength-based,72,30,45,10,59,6345,259,16
81,Brimble,Fighter,Strength-based,73,31,45,10,60,6513,261,16
82,Brimble,Fighter,Strength-based,74,31,45,10,61,6684,264,16
83,Brimble,Fighter,Strength-based,75,32,46,10,61,6816,266,16
84,Brimble,Fighter,Strength-based,76,33,46,10,62,6993,269,17
85,Brimble,Fighter,Strength-based,76,34,47,10,63,7173,270,17
86,Brimble,Fighter,Strength-based,77,35,48,10,63,7310,273,17
87,Brimble,Fighter,Strength-based,78,35,48,10,64,7494,276,17
88,Brimble,Fighter,Strength-based,79,35,49,10,65,7682,278,17
89,Brimble,Fighter,Strength-based,80,35,49,10,66,7873,296,18
90,Brimble,Fighter,Strength-based,81,35,50,10,67,8066,299,18
91,Brimble,Fighter,Strength-based,82,36,51,10,67,8214,302,18
92,Brimble,Fighter,Strength-based,83,36,51,10,68,8413,304,18
93,Brimble,Fighter,Strength-based,83,37,52,10,69,8615,306,18
94,Brimble,Fighter,Strength-based,85,38,52,10,69,8767,309,18
95,Brimble,Fighter,Strength-based,85,39,53,10,70,8976,311,19
96,Brimble,Fighter,Strength-based,86,40,53,10,71,9186,313,19
97,Brimble,Fighter,Strength-based,87,40,54,10,71,9345,316,19
98,Brimble,Fighter,Strength-based,88,40,55,10,72,9561,319,19
99,Brimble,Fighter,Strength-based,89,40,55,10,73,9781,322,19
100,Brimble,Fighter,Strength-based,90,40,56,10,74,10005,342,20
1,Cinderknuckle,Fighter,Int-Based,1,9,2,9,8,178,4,2
2,Cinderknuckle,Fighter,Int-Based,1,9,2,10,8,194,4,2
3,Cinderknuckle,Fighter,Int-Based,1,10,2,11,8,212,4,2
4,Cinderknuckle,Fighter,Int-Based,1,10,2,12,8,231,4,2
5,Cinderknuckle,Fighter,Int-Based,1,10,2,12,9,252,5,2
6,Cinderknuckle,Fighter,Int-Based,1,11,2,13,9,273,5,2
7,Cinderknuckle,Fighter,Int-Based,1,11,2,14,9,294,5,3
8,Cinderknuckle,Fighter,Int-Based,1,12,2,14,10,319,6,3
9,Cinderknuckle,Fighter,Int-Based,1,12,2,15,10,342,6,3
10,Cinderknuckle,Fighter,Int-Based,1,12,2,16,11,369,6,3
11,Cinderknuckle,Fighter,Int-Based,1,13,3,16,11,394,7,3
12,Cinderknuckle,Fighter,Int-Based,1,13,4,16,12,423,7,4
13,Cinderknuckle,Fighter,Int-Based,1,13,5,17,12,450,8,4
14,Cinderknuckle,Fighter,Int-Based,1,14,6,17,12,477,9,4
15,Cinderknuckle,Fighter,Int-Based,1,14,7,18,12,505,9,4
16,Cinderknuckle,Fighter,Int-Based,1,14,7,19,13,539,9,4
17,Cinderknuckle,Fighter,Int-Based,1,15,7,20,13,569,10,4
18,Cinderknuckle,Fighter,Int-Based,1,16,7,20,14,605,10,5
19,Cinderknuckle,Fighter,Int-Based,1,16,7,21,15,644,10,5
20,Cinderknuckle,Fighter,Int-Based,1,17,7,21,16,682,11,5
21,Cinderknuckle,Fighter,Int-Based,1,18,7,22,16,716,11,5
22,Cinderknuckle,Fighter,Int-Based,1,19,7,23,16,751,11,5
23,Cinderknuckle,Fighter,Int-Based,1,19,7,24,17,794,12,6
24,Cinderknuckle,Fighter,Int-Based,1,20,7,25,17,831,12,6
25,Cinderknuckle,Fighter,Int-Based,1,20,7,26,18,877,12,6
26,Cinderknuckle,Fighter,Int-Based,1,21,8,26,19,924,13,6
27,Cinderknuckle,Fighter,Int-Based,1,22,8,27,19,965,13,6
28,Cinderknuckle,Fighter,Int-Based,1,22,8,28,20,1014,13,6
29,Cinderknuckle,Fighter,Int-Based,1,22,9,29,21,1066,14,7
30,Cinderknuckle,Fighter,Int-Based,1,23,9,30,21,1109,14,7
31,Cinderknuckle,Fighter,Int-Based,1,24,9,30,22,1163,14,7
32,Cinderknuckle,Fighter,Int-Based,1,25,10,31,22,1209,16,7
33,Cinderknuckle,Fighter,Int-Based,1,25,10,32,23,1265,16,7
34,Cinderknuckle,Fighter,Int-Based,1,26,10,33,23,1314,16,8
35,Cinderknuckle,Fighter,Int-Based,1,27,10,33,24,1373,16,8
36,Cinderknuckle,Fighter,Int-Based,1,27,11,34,25,1436,17,8
37,Cinderknuckle,Fighter,Int-Based,1,28,11,35,25,1487,17,8
38,Cinderknuckle,Fighter,Int-Based,1,28,11,36,26,1552,17,8
39,Cinderknuckle,Fighter,Int-Based,1,29,12,37,26,1605,18,8
40,Cinderknuckle,Fighter,Int-Based,1,30,12,37,27,1673,18,9
41,Cinderknuckle,Fighter,Int-Based,1,31,12,38,28,1743,18,9
42,Cinderknuckle,Fighter,Int-Based,1,31,12,39,29,1815,19,9
43,Cinderknuckle,Fighter,Int-Based,1,32,13,40,29,1873,19,9
44,Cinderknuckle,Fighter,Int-Based,1,32,13,41,30,1948,19,9
45,Cinderknuckle,Fighter,Int-Based,1,33,14,41,31,2025,20,10
46,Cinderknuckle,Fighter,Int-Based,1,34,14,42,31,2086,20,10
47,Cinderknuckle,Fighter,Int-Based,1,35,15,43,31,2151,21,10
48,Cinderknuckle,Fighter,Int-Based,1,35,15,44,32,2232,22,10
49,Cinderknuckle,Fighter,Int-Based,1,36,15,45,32,2298,22,10
50,Cinderknuckle,Fighter,Int-Based,1,37,16,45,33,2383,22,10
51,Cinderknuckle,Fighter,Int-Based,1,37,16,46,34,2469,23,11
52,Cinderknuckle,Fighter,Int-Based,1,38,16,47,35,2558,23,11
53,Cinderknuckle,Fighter,Int-Based,1,39,16,48,35,2629,23,11
54,Cinderknuckle,Fighter,Int-Based,1,39,16,49,36,2721,24,11
55,Cinderknuckle,Fighter,Int-Based,1,40,16,50,37,2816,24,11
56,Cinderknuckle,Fighter,Int-Based,1,41,16,51,37,2892,24,12
57,Cinderknuckle,Fighter,Int-Based,1,42,16,52,38,2989,25,12
58,Cinderknuckle,Fighter,Int-Based,1,43,16,52,39,3089,25,12
59,Cinderknuckle,Fighter,Int-Based,1,43,16,53,41,3214,25,12
60,Cinderknuckle,Fighter,Int-Based,1,44,16,54,41,3296,26,12
61,Cinderknuckle,Fighter,Int-Based,1,45,16,55,41,3378,26,12
62,Cinderknuckle,Fighter,Int-Based,1,45,16,56,42,3487,26,13
63,Cinderknuckle,Fighter,Int-Based,1,47,16,57,42,3572,27,13
64,Cinderknuckle,Fighter,Int-Based,1,47,16,58,43,3685,27,13
65,Cinderknuckle,Fighter,Int-Based,1,48,16,59,43,3772,27,13
66,Cinderknuckle,Fighter,Int-Based,1,49,16,60,44,3889,28,13
67,Cinderknuckle,Fighter,Int-Based,1,49,16,61,45,4007,28,14
68,Cinderknuckle,Fighter,Int-Based,1,50,16,62,46,4127,28,14
69,Cinderknuckle,Fighter,Int-Based,1,51,16,62,47,4251,28,14
70,Cinderknuckle,Fighter,Int-Based,1,52,16,63,48,4376,29,14
71,Cinderknuckle,Fighter,Int-Based,1,53,16,64,48,4474,29,14
72,Cinderknuckle,Fighter,Int-Based,1,53,16,65,49,4602,29,14
73,Cinderknuckle,Fighter,Int-Based,1,54,16,66,50,4735,30,15
74,Cinderknuckle,Fighter,Int-Based,1,55,16,67,50,4837,30,15
75,Cinderknuckle,Fighter,Int-Based,1,55,16,68,51,4973,30,15
76,Cinderknuckle,Fighter,Int-Based,1,56,16,69,52,5111,31,15
77,Cinderknuckle,Fighter,Int-Based,1,57,16,70,52,5218,31,15
78,Cinderknuckle,Fighter,Int-Based,1,58,16,71,53,5361,31,16
79,Cinderknuckle,Fighter,Int-Based,1,59,16,71,54,5507,32,16
80,Cinderknuckle,Fighter,Int-Based,1,59,16,73,54,5617,32,16
81,Cinderknuckle,Fighter,Int-Based,1,60,16,74,55,5769,32,16
82,Cinderknuckle,Fighter,Int-Based,1,61,16,74,56,5920,33,16
83,Cinderknuckle,Fighter,Int-Based,1,62,16,75,57,6075,33,16
84,Cinderknuckle,Fighter,Int-Based,1,63,16,76,57,6193,33,17
85,Cinderknuckle,Fighter,Int-Based,1,63,16,77,58,6353,34,17
86,Cinderknuckle,Fighter,Int-Based,1,64,16,78,59,6515,34,17
87,Cinderknuckle,Fighter,Int-Based,1,65,16,79,59,6639,34,17
88,Cinderknuckle,Fighter,Int-Based,1,66,16,80,60,6806,35,17
89,Cinderknuckle,Fighter,Int-Based,1,66,16,81,61,6976,35,18
90,Cinderknuckle,Fighter,Int-Based,1,68,16,81,62,7149,35,18
91,Cinderknuckle,Fighter,Int-Based,1,68,16,83,62,7278,36,18
92,Cinderknuckle,Fighter,Int-Based,1,69,16,83,63,7455,36,18
93,Cinderknuckle,Fighter,Int-Based,1,70,16,84,64,7635,36,18
94,Cinderknuckle,Fighter,Int-Based,1,70,16,85,65,7819,37,18
95,Cinderknuckle,Fighter,Int-Based,1,71,16,86,66,8004,37,19
96,Cinderknuckle,Fighter,Int-Based,1,72,16,87,66,8143,37,19
97,Cinderknuckle,Fighter,Int-Based,1,72,16,88,67,8334,38,19
98,Cinderknuckle,Fighter,Int-Based,1,73,16,89,68,8527,38,19
99,Cinderknuckle,Fighter,Int-Based,1,74,16,90,68,8673,38,19
100,Cinderknuckle,Fighter,Int-Based,1,75,16,91,69,8872,39,20
1,Fluffyak,Tank / Supp,Strength-based,7,2,4,7,9,196,15,3
2,Fluffyak,Tank / Supp,Strength-based,7,2,4,7,10,220,16,3
3,Fluffyak,Tank / Supp,Strength-based,7,2,4,8,11,246,17,3
4,Fluffyak,Tank / Supp,Strength-based,7,2,4,8,12,274,18,3
5,Fluffyak,Tank / Supp,Strength-based,7,2,4,8,13,303,20,3
6,Fluffyak,Tank / Supp,Strength-based,8,2,5,8,13,331,23,4
7,Fluffyak,Tank / Supp,Strength-based,8,2,5,8,14,363,24,4
8,Fluffyak,Tank / Supp,Strength-based,9,2,5,9,14,394,26,4
9,Fluffyak,Tank / Supp,Strength-based,9,2,5,10,15,428,28,4
10,Fluffyak,Tank / Supp,Strength-based,9,2,5,10,16,466,29,5
11,Fluffyak,Tank / Supp,Strength-based,10,2,6,11,16,499,32,5
12,Fluffyak,Tank / Supp,Strength-based,11,2,6,11,17,540,35,5
13,Fluffyak,Tank / Supp,Strength-based,11,2,7,11,18,581,36,5
14,Fluffyak,Tank / Supp,Strength-based,11,2,8,12,18,619,37,6
15,Fluffyak,Tank / Supp,Strength-based,11,3,8,12,19,665,38,6
16,Fluffyak,Tank / Supp,Strength-based,12,3,8,13,19,705,41,6
17,Fluffyak,Tank / Supp,Strength-based,12,3,8,13,21,759,42,6
18,Fluffyak,Tank / Supp,Strength-based,13,3,8,14,21,803,44,7
19,Fluffyak,Tank / Supp,Strength-based,13,3,9,14,22,856,46,7
20,Fluffyak,Tank / Supp,Strength-based,14,3,9,15,22,902,48,7
21,Fluffyak,Tank / Supp,Strength-based,14,3,9,16,23,958,49,7
22,Fluffyak,Tank / Supp,Strength-based,15,3,9,16,24,1015,51,8
23,Fluffyak,Tank / Supp,Strength-based,15,3,9,17,25,1075,53,8
24,Fluffyak,Tank / Supp,Strength-based,15,3,10,17,26,1136,55,8
25,Fluffyak,Tank / Supp,Strength-based,16,3,11,18,26,1190,57,8
26,Fluffyak,Tank / Supp,Strength-based,17,3,11,18,27,1256,60,9
27,Fluffyak,Tank / Supp,Strength-based,17,4,11,19,28,1322,61,9
28,Fluffyak,Tank / Supp,Strength-based,17,4,11,20,29,1391,62,9
29,Fluffyak,Tank / Supp,Strength-based,18,4,12,21,29,1452,64,9
30,Fluffyak,Tank / Supp,Strength-based,19,4,12,21,30,1526,67,10
31,Fluffyak,Tank / Supp,Strength-based,19,5,12,22,31,1600,68,10
32,Fluffyak,Tank / Supp,Strength-based,20,5,12,22,32,1679,73,10
33,Fluffyak,Tank / Supp,Strength-based,21,5,13,23,32,1746,76,10
34,Fluffyak,Tank / Supp,Strength-based,21,5,13,24,33,1827,77,11
35,Fluffyak,Tank / Supp,Strength-based,22,5,13,24,34,1912,79,11
36,Fluffyak,Tank / Supp,Strength-based,22,6,14,24,35,1998,80,11
37,Fluffyak,Tank / Supp,Strength-based,22,6,14,25,36,2087,82,11
38,Fluffyak,Tank / Supp,Strength-based,23,6,15,26,36,2162,85,11
39,Fluffyak,Tank / Supp,Strength-based,24,6,15,26,37,2255,87,12
40,Fluffyak,Tank / Supp,Strength-based,24,7,15,27,38,2351,89,12
41,Fluffyak,Tank / Supp,Strength-based,24,8,15,28,39,2449,90,12
42,Fluffyak,Tank / Supp,Strength-based,25,9,15,28,40,2549,92,12
43,Fluffyak,Tank / Supp,Strength-based,26,9,16,29,40,2633,94,13
44,Fluffyak,Tank / Supp,Strength-based,26,10,16,30,41,2739,96,13
45,Fluffyak,Tank / Supp,Strength-based,26,11,17,30,42,2847,97,13
46,Fluffyak,Tank / Supp,Strength-based,27,11,18,31,42,2936,99,13
47,Fluffyak,Tank / Supp,Strength-based,27,11,18,31,44,3070,101,14
48,Fluffyak,Tank / Supp,Strength-based,29,11,18,32,44,3163,104,14
49,Fluffyak,Tank / Supp,Strength-based,29,11,18,33,45,3281,105,14
50,Fluffyak,Tank / Supp,Strength-based,30,11,19,33,46,3401,112,14
51,Fluffyak,Tank / Supp,Strength-based,30,11,19,34,47,3525,114,15
52,Fluffyak,Tank / Supp,Strength-based,31,11,20,34,48,3649,117,15
53,Fluffyak,Tank / Supp,Strength-based,31,11,21,35,49,3778,118,15
54,Fluffyak,Tank / Supp,Strength-based,32,11,22,36,49,3884,120,15
55,Fluffyak,Tank / Supp,Strength-based,32,11,22,37,50,4018,122,16
56,Fluffyak,Tank / Supp,Strength-based,33,11,22,38,51,4154,124,16
57,Fluffyak,Tank / Supp,Strength-based,34,11,22,38,52,4294,126,16
58,Fluffyak,Tank / Supp,Strength-based,34,11,23,39,53,4437,128,16
59,Fluffyak,Tank / Supp,Strength-based,34,11,23,40,54,4581,129,17
60,Fluffyak,Tank / Supp,Strength-based,35,11,24,40,55,4730,131,17
61,Fluffyak,Tank / Supp,Strength-based,37,11,24,41,55,4849,134,17
62,Fluffyak,Tank / Supp,Strength-based,37,11,24,42,56,5004,136,17
63,Fluffyak,Tank / Supp,Strength-based,37,11,25,43,57,5160,138,18
64,Fluffyak,Tank / Supp,Strength-based,38,11,25,43,58,5319,140,18
65,Fluffyak,Tank / Supp,Strength-based,39,11,25,44,59,5483,143,18
66,Fluffyak,Tank / Supp,Strength-based,39,11,25,45,60,5649,144,18
67,Fluffyak,Tank / Supp,Strength-based,40,11,26,45,61,5818,153,19
68,Fluffyak,Tank / Supp,Strength-based,40,11,27,46,62,5990,154,19
69,Fluffyak,Tank / Supp,Strength-based,41,11,28,47,62,6130,157,19
70,Fluffyak,Tank / Supp,Strength-based,41,11,29,48,63,6308,158,19
71,Fluffyak,Tank / Supp,Strength-based,42,11,29,48,64,6489,160,19
72,Fluffyak,Tank / Supp,Strength-based,43,11,29,49,65,6674,163,20
73,Fluffyak,Tank / Supp,Strength-based,43,11,29,50,66,6862,164,20
74,Fluffyak,Tank / Supp,Strength-based,44,11,29,51,67,7054,166,20
75,Fluffyak,Tank / Supp,Strength-based,44,11,31,51,68,7249,168,20
76,Fluffyak,Tank / Supp,Strength-based,46,11,31,52,68,7402,172,21
77,Fluffyak,Tank / Supp,Strength-based,46,11,31,53,69,7603,173,21
78,Fluffyak,Tank / Supp,Strength-based,46,11,32,53,71,7854,174,21
79,Fluffyak,Tank / Supp,Strength-based,47,11,33,54,71,8016,177,21
80,Fluffyak,Tank / Supp,Strength-based,47,11,33,55,72,8228,178,22
81,Fluffyak,Tank / Supp,Strength-based,49,11,33,55,73,8442,181,22
82,Fluffyak,Tank / Supp,Strength-based,49,11,33,56,74,8661,182,22
83,Fluffyak,Tank / Supp,Strength-based,50,11,33,57,75,8884,194,22
84,Fluffyak,Tank / Supp,Strength-based,50,11,33,58,76,9109,195,23
85,Fluffyak,Tank / Supp,Strength-based,51,11,34,59,76,9287,197,23
86,Fluffyak,Tank / Supp,Strength-based,51,11,35,59,78,9572,200,23
87,Fluffyak,Tank / Supp,Strength-based,52,11,35,61,78,9754,202,23
88,Fluffyak,Tank / Supp,Strength-based,53,11,35,61,79,9995,204,24
89,Fluffyak,Tank / Supp,Strength-based,53,11,36,62,80,10238,205,24
90,Fluffyak,Tank / Supp,Strength-based,54,11,37,62,81,10487,208,24
91,Fluffyak,Tank / Supp,Strength-based,54,11,37,63,82,10738,209,24
92,Fluffyak,Tank / Supp,Strength-based,55,11,37,64,83,10992,211,25
93,Fluffyak,Tank / Supp,Strength-based,55,11,37,65,84,11251,213,25
94,Fluffyak,Tank / Supp,Strength-based,56,11,38,65,85,11514,215,25
95,Fluffyak,Tank / Supp,Strength-based,57,11,39,66,85,11719,217,25
96,Fluffyak,Tank / Supp,Strength-based,58,11,39,67,86,11989,219,26
97,Fluffyak,Tank / Supp,Strength-based,58,11,39,68,87,12263,221,26
98,Fluffyak,Tank / Supp,Strength-based,59,11,40,68,88,12541,224,26
99,Fluffyak,Tank / Supp,Strength-based,59,11,41,69,89,12823,225,26
100,Fluffyak,Tank / Supp,Strength-based,60,11,41,70,90,13110,239,27
1,Shardclaw,DPS,Dex-Based,1,9,9,3,7,149,17,1
2,Shardclaw,DPS,Dex-Based,1,9,10,3,7,161,20,1
3,Shardclaw,DPS,Dex-Based,1,9,11,3,8,176,23,1
4,Shardclaw,DPS,Dex-Based,1,9,12,3,8,190,26,1
5,Shardclaw,DPS,Dex-Based,1,9,13,3,8,204,28,1
6,Shardclaw,DPS,Dex-Based,1,9,14,3,8,218,31,1
7,Shardclaw,DPS,Dex-Based,1,10,15,3,8,233,34,1
8,Shardclaw,DPS,Dex-Based,1,10,16,3,8,249,37,1
9,Shardclaw,DPS,Dex-Based,1,11,17,3,8,265,39,2
10,Shardclaw,DPS,Dex-Based,1,11,18,3,8,282,42,2
11,Shardclaw,DPS,Dex-Based,1,11,19,3,9,303,45,2
12,Shardclaw,DPS,Dex-Based,1,12,19,3,10,324,47,2
13,Shardclaw,DPS,Dex-Based,1,12,21,3,10,344,53,2
14,Shardclaw,DPS,Dex-Based,1,13,21,3,11,366,55,2
15,Shardclaw,DPS,Dex-Based,1,13,22,3,11,387,58,2
16,Shardclaw,DPS,Dex-Based,1,14,22,3,12,412,60,2
17,Shardclaw,DPS,Dex-Based,1,15,23,3,12,433,62,3
18,Shardclaw,DPS,Dex-Based,1,15,24,4,12,455,65,3
19,Shardclaw,DPS,Dex-Based,1,16,24,4,13,483,67,3
20,Shardclaw,DPS,Dex-Based,1,16,25,5,13,507,70,3
21,Shardclaw,DPS,Dex-Based,1,17,26,5,13,531,72,3
22,Shardclaw,DPS,Dex-Based,1,17,27,5,14,560,75,3
23,Shardclaw,DPS,Dex-Based,1,18,28,5,14,587,78,3
24,Shardclaw,DPS,Dex-Based,1,19,28,5,15,618,79,4
25,Shardclaw,DPS,Dex-Based,1,20,29,5,15,646,82,4
26,Shardclaw,DPS,Dex-Based,1,20,30,6,16,679,90,4
27,Shardclaw,DPS,Dex-Based,1,21,31,6,16,708,93,4
28,Shardclaw,DPS,Dex-Based,1,21,32,6,17,744,95,4
29,Shardclaw,DPS,Dex-Based,1,22,32,6,18,781,97,4
30,Shardclaw,DPS,Dex-Based,1,23,33,6,18,811,100,4
31,Shardclaw,DPS,Dex-Based,1,23,34,6,19,850,103,4
32,Shardclaw,DPS,Dex-Based,1,24,35,6,19,884,105,5
33,Shardclaw,DPS,Dex-Based,1,25,35,6,21,932,107,5
34,Shardclaw,DPS,Dex-Based,1,25,37,6,21,966,111,5
35,Shardclaw,DPS,Dex-Based,1,26,38,6,21,1001,114,5
36,Shardclaw,DPS,Dex-Based,1,27,38,6,22,1046,115,5
37,Shardclaw,DPS,Dex-Based,1,28,39,6,22,1083,118,5
38,Shardclaw,DPS,Dex-Based,1,29,40,6,23,1129,128,5
39,Shardclaw,DPS,Dex-Based,1,30,41,6,23,1167,131,5
40,Shardclaw,DPS,Dex-Based,1,30,42,6,24,1216,133,6
41,Shardclaw,DPS,Dex-Based,1,31,43,6,24,1256,136,6
42,Shardclaw,DPS,Dex-Based,1,32,43,6,26,1317,138,6
43,Shardclaw,DPS,Dex-Based,1,33,44,6,26,1359,140,6
44,Shardclaw,DPS,Dex-Based,1,34,45,6,26,1402,143,6
45,Shardclaw,DPS,Dex-Based,1,34,46,6,27,1456,146,6
46,Shardclaw,DPS,Dex-Based,1,35,47,6,27,1501,149,6
47,Shardclaw,DPS,Dex-Based,1,35,48,6,29,1569,151,7
48,Shardclaw,DPS,Dex-Based,1,36,49,6,29,1616,154,7
49,Shardclaw,DPS,Dex-Based,1,37,50,6,29,1664,166,7
50,Shardclaw,DPS,Dex-Based,1,38,51,6,29,1711,169,7
51,Shardclaw,DPS,Dex-Based,1,39,52,6,30,1773,171,7
52,Shardclaw,DPS,Dex-Based,1,40,52,6,31,1836,173,7
53,Shardclaw,DPS,Dex-Based,1,41,53,6,32,1902,176,7
54,Shardclaw,DPS,Dex-Based,1,42,54,6,32,1953,179,7
55,Shardclaw,DPS,Dex-Based,1,42,55,6,33,2020,181,8
56,Shardclaw,DPS,Dex-Based,1,43,56,6,33,2073,184,8
57,Shardclaw,DPS,Dex-Based,1,43,57,6,34,2144,187,8
58,Shardclaw,DPS,Dex-Based,1,44,58,6,35,2215,190,8
59,Shardclaw,DPS,Dex-Based,1,45,59,6,35,2272,192,8
60,Shardclaw,DPS,Dex-Based,1,46,59,6,36,2346,194,8
61,Shardclaw,DPS,Dex-Based,1,47,60,6,37,2422,208,8
62,Shardclaw,DPS,Dex-Based,1,48,61,6,37,2481,210,9
63,Shardclaw,DPS,Dex-Based,1,48,62,6,39,2578,213,9
64,Shardclaw,DPS,Dex-Based,1,49,63,6,39,2639,216,9
65,Shardclaw,DPS,Dex-Based,1,50,64,6,39,2702,219,9
66,Shardclaw,DPS,Dex-Based,1,51,65,6,39,2766,221,9
67,Shardclaw,DPS,Dex-Based,1,52,66,6,40,2850,224,9
68,Shardclaw,DPS,Dex-Based,1,53,66,6,41,2935,226,9
69,Shardclaw,DPS,Dex-Based,1,53,68,6,41,3001,230,9
70,Shardclaw,DPS,Dex-Based,1,55,68,6,42,3091,231,10
71,Shardclaw,DPS,Dex-Based,1,55,69,6,43,3181,234,10
72,Shardclaw,DPS,Dex-Based,1,56,70,6,43,3250,250,10
73,Shardclaw,DPS,Dex-Based,1,57,71,6,44,3345,253,10
74,Shardclaw,DPS,Dex-Based,1,58,72,6,44,3415,255,10
75,Shardclaw,DPS,Dex-Based,1,58,73,6,45,3511,258,10
76,Shardclaw,DPS,Dex-Based,1,59,74,6,46,3610,261,10
77,Shardclaw,DPS,Dex-Based,1,60,75,6,46,3685,264,10
78,Shardclaw,DPS,Dex-Based,1,61,75,6,48,3812,265,11
79,Shardclaw,DPS,Dex-Based,1,62,76,6,48,3890,268,11
80,Shardclaw,DPS,Dex-Based,1,63,77,6,48,3967,271,11
81,Shardclaw,DPS,Dex-Based,1,63,78,6,50,4102,273,11
82,Shardclaw,DPS,Dex-Based,1,64,79,6,50,4183,276,11
83,Shardclaw,DPS,Dex-Based,1,65,80,6,50,4264,294,11
84,Shardclaw,DPS,Dex-Based,1,66,81,6,51,4375,297,11
85,Shardclaw,DPS,Dex-Based,1,67,82,6,51,4460,299,12
86,Shardclaw,DPS,Dex-Based,1,68,82,6,53,4605,301,12
87,Shardclaw,DPS,Dex-Based,1,69,83,6,53,4690,304,12
88,Shardclaw,DPS,Dex-Based,1,70,84,6,53,4778,307,12
89,Shardclaw,DPS,Dex-Based,1,70,85,6,55,4930,309,12
90,Shardclaw,DPS,Dex-Based,1,71,86,6,55,5020,312,12
91,Shardclaw,DPS,Dex-Based,1,72,87,6,55,5111,315,12
92,Shardclaw,DPS,Dex-Based,1,73,88,6,55,5203,318,12
93,Shardclaw,DPS,Dex-Based,1,74,89,6,56,5330,320,13
94,Shardclaw,DPS,Dex-Based,1,74,90,6,57,5458,340,13
95,Shardclaw,DPS,Dex-Based,1,75,91,6,58,5590,343,13
96,Shardclaw,DPS,Dex-Based,1,76,92,6,58,5686,346,13
97,Shardclaw,DPS,Dex-Based,1,77,92,6,60,5857,347,13
98,Shardclaw,DPS,Dex-Based,1,78,93,6,60,5956,350,13
99,Shardclaw,DPS,Dex-Based,1,79,94,6,60,6057,353,13
100,Shardclaw,DPS,Dex-Based,1,80,95,6,61,6198,356,14
1,Hornvault,Fighter,Int-Based,1,7,3,9,9,179,4,3
2,Hornvault,Fighter,Int-Based,1,7,3,10,9,198,4,3
3,Hornvault,Fighter,Int-Based,1,7,3,11,10,220,4,3
4,Hornvault,Fighter,Int-Based,1,7,3,12,10,239,5,3
5,Hornvault,Fighter,Int-Based,1,7,3,12,11,264,5,3
6,Hornvault,Fighter,Int-Based,1,8,3,13,11,286,5,4
7,Hornvault,Fighter,Int-Based,1,8,3,13,12,312,6,4
8,Hornvault,Fighter,Int-Based,1,9,3,14,12,337,6,4
9,Hornvault,Fighter,Int-Based,1,9,3,15,12,362,6,4
10,Hornvault,Fighter,Int-Based,1,9,4,15,13,392,7,4
11,Hornvault,Fighter,Int-Based,1,10,4,16,13,420,7,5
12,Hornvault,Fighter,Int-Based,1,11,4,16,14,452,7,5
13,Hornvault,Fighter,Int-Based,1,11,5,17,14,482,9,5
14,Hornvault,Fighter,Int-Based,1,11,6,17,15,516,9,5
15,Hornvault,Fighter,Int-Based,1,11,7,18,15,548,9,5
16,Hornvault,Fighter,Int-Based,1,11,7,19,16,585,10,6
17,Hornvault,Fighter,Int-Based,1,11,7,20,17,624,10,6
18,Hornvault,Fighter,Int-Based,1,11,7,21,18,665,11,6
19,Hornvault,Fighter,Int-Based,1,11,7,21,20,712,11,6
20,Hornvault,Fighter,Int-Based,1,11,8,22,20,751,11,7
21,Hornvault,Fighter,Int-Based,1,12,8,23,20,789,12,7
22,Hornvault,Fighter,Int-Based,1,12,8,24,21,836,12,7
23,Hornvault,Fighter,Int-Based,1,13,8,25,21,877,12,7
24,Hornvault,Fighter,Int-Based,1,14,8,25,22,925,13,7
25,Hornvault,Fighter,Int-Based,1,15,8,26,22,969,13,8
26,Hornvault,Fighter,Int-Based,1,15,8,27,23,1022,13,8
27,Hornvault,Fighter,Int-Based,1,15,8,28,24,1076,14,8
28,Hornvault,Fighter,Int-Based,1,15,8,29,25,1132,14,8
29,Hornvault,Fighter,Int-Based,1,15,8,30,26,1189,14,8
30,Hornvault,Fighter,Int-Based,1,16,8,31,26,1238,15,9
31,Hornvault,Fighter,Int-Based,1,18,8,31,27,1299,15,9
32,Hornvault,Fighter,Int-Based,1,18,8,32,28,1361,15,9
33,Hornvault,Fighter,Int-Based,1,18,8,33,29,1426,16,9
34,Hornvault,Fighter,Int-Based,1,18,8,34,30,1493,16,10
35,Hornvault,Fighter,Int-Based,1,19,8,35,30,1549,17,10
36,Hornvault,Fighter,Int-Based,1,21,8,35,31,1619,17,10
37,Hornvault,Fighter,Int-Based,1,21,8,36,32,1690,17,10
38,Hornvault,Fighter,Int-Based,1,21,8,37,33,1763,18,10
39,Hornvault,Fighter,Int-Based,1,22,9,38,33,1826,18,11
40,Hornvault,Fighter,Int-Based,1,22,9,39,34,1902,18,11
41,Hornvault,Fighter,Int-Based,1,23,10,40,34,1967,20,11
42,Hornvault,Fighter,Int-Based,1,23,10,41,35,2047,20,11
43,Hornvault,Fighter,Int-Based,1,24,11,41,36,2129,20,11
44,Hornvault,Fighter,Int-Based,1,24,11,42,37,2215,21,12
45,Hornvault,Fighter,Int-Based,1,25,11,43,37,2285,21,12
46,Hornvault,Fighter,Int-Based,1,25,12,44,38,2373,21,12
47,Hornvault,Fighter,Int-Based,1,26,13,44,39,2464,22,12
48,Hornvault,Fighter,Int-Based,1,26,13,45,40,2556,22,12
49,Hornvault,Fighter,Int-Based,1,27,14,46,40,2632,22,13
50,Hornvault,Fighter,Int-Based,1,28,14,46,41,2729,23,13
51,Hornvault,Fighter,Int-Based,1,29,14,47,42,2827,23,13
52,Hornvault,Fighter,Int-Based,1,29,14,48,43,2928,24,13
53,Hornvault,Fighter,Int-Based,1,31,14,49,43,3011,24,14
54,Hornvault,Fighter,Int-Based,1,31,14,50,44,3116,24,14
55,Hornvault,Fighter,Int-Based,1,31,14,51,45,3223,25,14
56,Hornvault,Fighter,Int-Based,1,32,14,52,45,3310,25,14
57,Hornvault,Fighter,Int-Based,1,33,14,53,46,3420,25,14
58,Hornvault,Fighter,Int-Based,1,33,14,54,47,3535,26,15
59,Hornvault,Fighter,Int-Based,1,34,14,54,48,3651,26,15
60,Hornvault,Fighter,Int-Based,1,35,14,55,49,3769,26,15
61,Hornvault,Fighter,Int-Based,1,35,14,56,50,3891,27,15
62,Hornvault,Fighter,Int-Based,1,37,14,57,50,3988,27,15
63,Hornvault,Fighter,Int-Based,1,37,14,58,51,4113,27,16
64,Hornvault,Fighter,Int-Based,1,37,14,59,52,4240,28,16
65,Hornvault,Fighter,Int-Based,1,39,14,60,52,4342,28,16
66,Hornvault,Fighter,Int-Based,1,39,14,61,53,4475,28,16
67,Hornvault,Fighter,Int-Based,1,39,14,62,54,4610,29,17
68,Hornvault,Fighter,Int-Based,1,40,14,63,55,4747,29,17
69,Hornvault,Fighter,Int-Based,1,41,14,63,56,4887,30,17
70,Hornvault,Fighter,Int-Based,1,41,14,64,57,5030,30,17
71,Hornvault,Fighter,Int-Based,1,42,14,65,58,5176,30,17
72,Hornvault,Fighter,Int-Based,1,43,14,66,58,5289,31,18
73,Hornvault,Fighter,Int-Based,1,44,14,67,59,5439,31,18
74,Hornvault,Fighter,Int-Based,1,44,14,68,60,5593,31,18
75,Hornvault,Fighter,Int-Based,1,46,14,68,61,5747,32,18
76,Hornvault,Fighter,Int-Based,1,46,14,69,62,5906,32,18
77,Hornvault,Fighter,Int-Based,1,46,14,71,62,6031,32,19
78,Hornvault,Fighter,Int-Based,1,47,14,71,64,6232,33,19
79,Hornvault,Fighter,Int-Based,1,48,14,72,64,6359,33,19
80,Hornvault,Fighter,Int-Based,1,48,14,73,65,6529,33,19
81,Hornvault,Fighter,Int-Based,1,49,14,74,66,6699,34,19
82,Hornvault,Fighter,Int-Based,1,50,14,75,66,6834,34,20
83,Hornvault,Fighter,Int-Based,1,51,14,76,67,7010,34,20
84,Hornvault,Fighter,Int-Based,1,51,14,77,68,7190,35,20
85,Hornvault,Fighter,Int-Based,1,52,14,77,69,7373,35,20
86,Hornvault,Fighter,Int-Based,1,53,14,78,70,7558,36,21
87,Hornvault,Fighter,Int-Based,1,53,14,79,71,7748,36,21
88,Hornvault,Fighter,Int-Based,1,54,14,80,72,7939,36,21
89,Hornvault,Fighter,Int-Based,1,55,14,81,72,8087,37,21
90,Hornvault,Fighter,Int-Based,1,55,14,82,73,8284,37,21
91,Hornvault,Fighter,Int-Based,1,56,14,83,74,8484,37,22
92,Hornvault,Fighter,Int-Based,1,57,14,84,74,8637,38,22
93,Hornvault,Fighter,Int-Based,1,58,14,84,76,8895,38,22
94,Hornvault,Fighter,Int-Based,1,59,14,85,76,9051,38,22
95,Hornvault,Fighter,Int-Based,1,59,14,86,77,9264,39,22
96,Hornvault,Fighter,Int-Based,1,60,14,87,78,9480,39,23
97,Hornvault,Fighter,Int-Based,1,61,14,88,78,9644,39,23
98,Hornvault,Fighter,Int-Based,1,62,14,89,79,9864,40,23
99,Hornvault,Fighter,Int-Based,1,62,14,90,80,10089,40,23
100,Hornvault,Fighter,Int-Based,1,63,14,91,81,10317,41,24
1,Lilydeer,DPS / Supp,Int-Based,1,6,4,9,9,158,4,1
2,Lilydeer,DPS / Supp,Int-Based,1,6,4,10,9,170,4,1
3,Lilydeer,DPS / Supp,Int-Based,1,6,4,11,10,184,4,1
4,Lilydeer,DPS / Supp,Int-Based,1,6,4,12,10,199,4,1
5,Lilydeer,DPS / Supp,Int-Based,1,6,4,13,10,213,5,1
6,Lilydeer,DPS / Supp,Int-Based,1,6,4,14,10,228,5,1
7,Lilydeer,DPS / Supp,Int-Based,1,6,4,15,11,246,5,1
8,Lilydeer,DPS / Supp,Int-Based,1,6,4,16,11,263,5,1
9,Lilydeer,DPS / Supp,Int-Based,1,6,5,17,11,280,7,1
10,Lilydeer,DPS / Supp,Int-Based,1,6,5,17,12,301,7,1
11,Lilydeer,DPS / Supp,Int-Based,1,6,5,18,13,322,7,2
12,Lilydeer,DPS / Supp,Int-Based,1,7,5,19,13,341,8,2
13,Lilydeer,DPS / Supp,Int-Based,1,8,5,20,13,361,8,2
14,Lilydeer,DPS / Supp,Int-Based,1,8,6,20,14,385,8,2
15,Lilydeer,DPS / Supp,Int-Based,1,9,6,21,14,405,8,2
16,Lilydeer,DPS / Supp,Int-Based,1,9,6,21,16,436,9,2
17,Lilydeer,DPS / Supp,Int-Based,1,10,6,22,16,458,9,2
18,Lilydeer,DPS / Supp,Int-Based,1,10,7,23,16,481,9,2
19,Lilydeer,DPS / Supp,Int-Based,1,10,7,23,18,514,9,2
20,Lilydeer,DPS / Supp,Int-Based,1,11,7,24,18,540,10,2
21,Lilydeer,DPS / Supp,Int-Based,1,11,7,25,19,570,10,3
22,Lilydeer,DPS / Supp,Int-Based,1,11,7,26,20,602,10,3
23,Lilydeer,DPS / Supp,Int-Based,1,11,7,27,21,635,11,3
24,Lilydeer,DPS / Supp,Int-Based,1,12,7,28,21,663,11,3
25,Lilydeer,DPS / Supp,Int-Based,1,13,7,29,21,692,11,3
26,Lilydeer,DPS / Supp,Int-Based,1,13,7,30,22,728,11,3
27,Lilydeer,DPS / Supp,Int-Based,1,13,7,31,23,765,12,3
28,Lilydeer,DPS / Supp,Int-Based,1,13,7,31,25,808,12,3
29,Lilydeer,DPS / Supp,Int-Based,1,13,8,32,25,841,12,3
30,Lilydeer,DPS / Supp,Int-Based,1,13,8,33,26,882,12,3
31,Lilydeer,DPS / Supp,Int-Based,1,13,8,34,27,923,13,4
32,Lilydeer,DPS / Supp,Int-Based,1,13,8,35,28,966,13,4
33,Lilydeer,DPS / Supp,Int-Based,1,13,8,36,29,1010,13,4
34,Lilydeer,DPS / Supp,Int-Based,1,13,8,37,30,1055,14,4
35,Lilydeer,DPS / Supp,Int-Based,1,13,8,38,31,1101,14,4
36,Lilydeer,DPS / Supp,Int-Based,1,13,8,40,31,1141,14,4
37,Lilydeer,DPS / Supp,Int-Based,1,13,8,41,32,1190,14,4
38,Lilydeer,DPS / Supp,Int-Based,1,14,8,42,32,1231,15,4
39,Lilydeer,DPS / Supp,Int-Based,1,14,8,43,33,1282,15,4
40,Lilydeer,DPS / Supp,Int-Based,1,15,9,43,34,1334,15,4
41,Lilydeer,DPS / Supp,Int-Based,1,15,9,44,35,1389,15,5
42,Lilydeer,DPS / Supp,Int-Based,1,15,9,45,36,1444,16,5
43,Lilydeer,DPS / Supp,Int-Based,1,16,10,46,36,1489,17,5
44,Lilydeer,DPS / Supp,Int-Based,1,16,10,47,37,1548,17,5
45,Lilydeer,DPS / Supp,Int-Based,1,16,10,48,38,1606,18,5
46,Lilydeer,DPS / Supp,Int-Based,1,18,10,48,39,1668,18,5
47,Lilydeer,DPS / Supp,Int-Based,1,18,10,50,39,1716,18,5
48,Lilydeer,DPS / Supp,Int-Based,1,18,11,51,40,1780,18,5
49,Lilydeer,DPS / Supp,Int-Based,1,18,11,52,41,1845,19,5
50,Lilydeer,DPS / Supp,Int-Based,1,20,11,52,42,1911,19,5
51,Lilydeer,DPS / Supp,Int-Based,1,20,11,53,43,1979,19,6
52,Lilydeer,DPS / Supp,Int-Based,1,20,11,54,44,2047,19,6
53,Lilydeer,DPS / Supp,Int-Based,1,21,12,55,44,2103,20,6
54,Lilydeer,DPS / Supp,Int-Based,1,21,12,56,45,2176,20,6
55,Lilydeer,DPS / Supp,Int-Based,1,21,12,57,46,2249,20,6
56,Lilydeer,DPS / Supp,Int-Based,1,22,13,58,46,2309,21,6
57,Lilydeer,DPS / Supp,Int-Based,1,22,13,59,47,2385,21,6
58,Lilydeer,DPS / Supp,Int-Based,1,22,13,60,48,2462,21,6
59,Lilydeer,DPS / Supp,Int-Based,1,23,13,60,50,2560,21,6
60,Lilydeer,DPS / Supp,Int-Based,1,24,14,61,50,2623,22,6
61,Lilydeer,DPS / Supp,Int-Based,1,24,14,62,51,2707,22,7
62,Lilydeer,DPS / Supp,Int-Based,1,24,14,63,52,2792,22,7
63,Lilydeer,DPS / Supp,Int-Based,1,26,14,64,52,2859,22,7
64,Lilydeer,DPS / Supp,Int-Based,1,26,14,65,53,2946,23,7
65,Lilydeer,DPS / Supp,Int-Based,1,26,14,66,54,3035,23,7
66,Lilydeer,DPS / Supp,Int-Based,1,26,14,67,55,3126,23,7
67,Lilydeer,DPS / Supp,Int-Based,1,27,15,68,55,3199,25,7
68,Lilydeer,DPS / Supp,Int-Based,1,27,16,69,56,3293,25,7
69,Lilydeer,DPS / Supp,Int-Based,1,27,16,70,57,3388,25,7
70,Lilydeer,DPS / Supp,Int-Based,1,29,16,70,58,3485,25,7
71,Lilydeer,DPS / Supp,Int-Based,1,29,17,71,59,3585,26,8
72,Lilydeer,DPS / Supp,Int-Based,1,29,17,72,60,3686,26,8
73,Lilydeer,DPS / Supp,Int-Based,1,29,18,73,61,3789,26,8
74,Lilydeer,DPS / Supp,Int-Based,1,31,18,74,61,3870,26,8
75,Lilydeer,DPS / Supp,Int-Based,1,31,18,75,62,3977,27,8
76,Lilydeer,DPS / Supp,Int-Based,1,31,18,76,63,4084,27,8
77,Lilydeer,DPS / Supp,Int-Based,1,31,18,77,64,4195,27,8
78,Lilydeer,DPS / Supp,Int-Based,1,32,20,78,64,4282,29,8
79,Lilydeer,DPS / Supp,Int-Based,1,32,20,79,65,4395,29,8
80,Lilydeer,DPS / Supp,Int-Based,1,34,20,79,66,4510,29,8
81,Lilydeer,DPS / Supp,Int-Based,1,34,21,80,67,4627,29,9
82,Lilydeer,DPS / Supp,Int-Based,1,34,21,81,68,4747,30,9
83,Lilydeer,DPS / Supp,Int-Based,1,34,21,82,69,4868,30,9
84,Lilydeer,DPS / Supp,Int-Based,1,36,21,83,69,4961,30,9
85,Lilydeer,DPS / Supp,Int-Based,1,36,21,84,70,5088,30,9
86,Lilydeer,DPS / Supp,Int-Based,1,36,22,85,71,5213,31,9
87,Lilydeer,DPS / Supp,Int-Based,1,36,22,86,72,5344,31,9
88,Lilydeer,DPS / Supp,Int-Based,1,36,22,87,73,5473,31,9
89,Lilydeer,DPS / Supp,Int-Based,1,38,22,88,73,5575,32,9
90,Lilydeer,DPS / Supp,Int-Based,1,38,23,89,74,5710,32,9
91,Lilydeer,DPS / Supp,Int-Based,1,38,23,90,75,5846,32,10
92,Lilydeer,DPS / Supp,Int-Based,1,39,23,90,77,6019,32,10
93,Lilydeer,DPS / Supp,Int-Based,1,39,23,92,77,6125,33,10
94,Lilydeer,DPS / Supp,Int-Based,1,40,24,92,78,6269,33,10
95,Lilydeer,DPS / Supp,Int-Based,1,40,25,93,79,6415,34,10
96,Lilydeer,DPS / Supp,Int-Based,1,42,25,94,79,6526,34,10
97,Lilydeer,DPS / Supp,Int-Based,1,42,25,95,80,6674,35,10
98,Lilydeer,DPS / Supp,Int-Based,1,42,25,96,81,6827,35,10
99,Lilydeer,DPS / Supp,Int-Based,1,42,25,97,82,6979,35,10
100,Lilydeer,DPS / Supp,Int-Based,1,43,25,98,83,7137,36,11
1,Pillowisp,Supp,Int-Based,1,5,5,9,9,163,5,1
2,Pillowisp,Supp,Int-Based,1,5,5,10,9,174,5,1
3,Pillowisp,Supp,Int-Based,1,5,5,11,10,189,5,1
4,Pillowisp,Supp,Int-Based,1,5,5,12,10,202,5,1
5,Pillowisp,Supp,Int-Based,1,5,5,13,10,215,5,1
6,Pillowisp,Supp,Int-Based,1,6,5,13,11,231,6,1
7,Pillowisp,Supp,Int-Based,1,6,5,14,11,246,6,1
8,Pillowisp,Supp,Int-Based,1,7,5,15,11,261,6,1
9,Pillowisp,Supp,Int-Based,1,7,5,16,11,277,6,1
10,Pillowisp,Supp,Int-Based,1,7,6,16,12,296,7,1
11,Pillowisp,Supp,Int-Based,1,8,6,17,12,314,7,1
12,Pillowisp,Supp,Int-Based,1,8,7,17,13,334,7,1
13,Pillowisp,Supp,Int-Based,1,9,7,18,13,353,7,1
14,Pillowisp,Supp,Int-Based,1,9,8,19,13,372,7,2
15,Pillowisp,Supp,Int-Based,1,10,8,19,14,395,8,2
16,Pillowisp,Supp,Int-Based,1,10,8,20,15,419,8,2
17,Pillowisp,Supp,Int-Based,1,10,8,21,16,444,8,2
18,Pillowisp,Supp,Int-Based,1,10,8,21,18,474,8,2
19,Pillowisp,Supp,Int-Based,1,11,8,22,18,496,9,2
20,Pillowisp,Supp,Int-Based,1,11,9,23,18,520,9,2
21,Pillowisp,Supp,Int-Based,1,11,9,24,19,549,9,2
22,Pillowisp,Supp,Int-Based,1,11,9,25,20,578,9,2
23,Pillowisp,Supp,Int-Based,1,11,9,26,21,609,9,2
24,Pillowisp,Supp,Int-Based,1,12,9,27,21,636,10,2
25,Pillowisp,Supp,Int-Based,1,13,9,27,22,668,10,2
26,Pillowisp,Supp,Int-Based,1,13,9,29,22,696,10,3
27,Pillowisp,Supp,Int-Based,1,13,9,30,23,730,10,3
28,Pillowisp,Supp,Int-Based,1,13,9,31,24,766,11,3
29,Pillowisp,Supp,Int-Based,1,13,9,31,26,808,11,3
30,Pillowisp,Supp,Int-Based,1,14,9,32,26,840,11,3
31,Pillowisp,Supp,Int-Based,1,14,9,33,27,880,11,3
32,Pillowisp,Supp,Int-Based,1,14,9,34,28,920,11,3
33,Pillowisp,Supp,Int-Based,1,14,9,35,29,961,12,3
34,Pillowisp,Supp,Int-Based,1,14,9,36,30,1003,12,3
35,Pillowisp,Supp,Int-Based,1,14,9,37,31,1046,12,3
36,Pillowisp,Supp,Int-Based,1,14,9,38,32,1091,12,3
37,Pillowisp,Supp,Int-Based,1,14,9,39,33,1137,13,3
38,Pillowisp,Supp,Int-Based,1,14,9,41,33,1175,13,3
39,Pillowisp,Supp,Int-Based,1,14,9,41,35,1232,13,4
40,Pillowisp,Supp,Int-Based,1,14,11,42,35,1273,14,4
41,Pillowisp,Supp,Int-Based,1,14,11,43,36,1324,14,4
42,Pillowisp,Supp,Int-Based,1,14,11,44,37,1376,15,4
43,Pillowisp,Supp,Int-Based,1,14,11,45,38,1429,15,4
44,Pillowisp,Supp,Int-Based,1,14,11,46,39,1484,15,4
45,Pillowisp,Supp,Int-Based,1,14,11,47,40,1540,15,4
46,Pillowisp,Supp,Int-Based,1,14,11,48,41,1597,16,4
47,Pillowisp,Supp,Int-Based,1,14,11,49,42,1655,16,4
48,Pillowisp,Supp,Int-Based,1,14,11,50,43,1716,16,4
49,Pillowisp,Supp,Int-Based,1,14,11,51,44,1778,16,4
50,Pillowisp,Supp,Int-Based,1,16,11,52,44,1827,16,4
51,Pillowisp,Supp,Int-Based,1,16,11,53,45,1892,17,5
52,Pillowisp,Supp,Int-Based,1,16,11,54,46,1957,17,5
53,Pillowisp,Supp,Int-Based,1,16,11,55,47,2024,17,5
54,Pillowisp,Supp,Int-Based,1,16,11,56,48,2092,17,5
55,Pillowisp,Supp,Int-Based,1,17,12,56,49,2161,18,5
56,Pillowisp,Supp,Int-Based,1,17,12,57,50,2233,18,5
57,Pillowisp,Supp,Int-Based,1,18,12,58,51,2305,18,5
58,Pillowisp,Supp,Int-Based,1,18,12,60,51,2364,18,5
59,Pillowisp,Supp,Int-Based,1,18,12,61,52,2441,18,5
60,Pillowisp,Supp,Int-Based,1,19,13,61,53,2516,19,5
61,Pillowisp,Supp,Int-Based,1,19,13,62,54,2596,19,5
62,Pillowisp,Supp,Int-Based,1,19,13,63,55,2676,19,5
63,Pillowisp,Supp,Int-Based,1,21,13,64,55,2740,19,6
64,Pillowisp,Supp,Int-Based,1,21,13,65,56,2823,20,6
65,Pillowisp,Supp,Int-Based,1,21,13,66,57,2907,20,6
66,Pillowisp,Supp,Int-Based,1,21,14,67,58,2994,20,6
67,Pillowisp,Supp,Int-Based,1,21,14,68,59,3081,20,6
68,Pillowisp,Supp,Int-Based,1,23,14,68,60,3171,20,6
69,Pillowisp,Supp,Int-Based,1,23,15,69,61,3263,22,6
70,Pillowisp,Supp,Int-Based,1,23,15,70,62,3355,22,6
71,Pillowisp,Supp,Int-Based,1,23,15,71,63,3450,22,6
72,Pillowisp,Supp,Int-Based,1,23,15,72,64,3547,22,6
73,Pillowisp,Supp,Int-Based,1,24,16,73,64,3622,23,6
74,Pillowisp,Supp,Int-Based,1,24,16,74,65,3722,23,6
75,Pillowisp,Supp,Int-Based,1,24,16,75,66,3822,23,6
76,Pillowisp,Supp,Int-Based,1,26,17,76,66,3902,23,7
77,Pillowisp,Supp,Int-Based,1,26,17,77,67,4006,23,7
78,Pillowisp,Supp,Int-Based,1,26,17,78,68,4112,24,7
79,Pillowisp,Supp,Int-Based,1,26,18,79,69,4221,24,7
80,Pillowisp,Supp,Int-Based,1,26,18,80,70,4329,24,7
81,Pillowisp,Supp,Int-Based,1,28,19,80,71,4442,24,7
82,Pillowisp,Supp,Int-Based,1,28,19,81,72,4556,25,7
83,Pillowisp,Supp,Int-Based,1,28,19,82,73,4671,25,7
84,Pillowisp,Supp,Int-Based,1,28,19,83,74,4788,25,7
85,Pillowisp,Supp,Int-Based,1,28,19,84,75,4907,25,7
86,Pillowisp,Supp,Int-Based,1,30,20,85,75,4999,26,7
87,Pillowisp,Supp,Int-Based,1,30,20,86,76,5121,27,7
88,Pillowisp,Supp,Int-Based,1,30,21,87,77,5246,27,8
89,Pillowisp,Supp,Int-Based,1,30,21,88,78,5373,27,8
90,Pillowisp,Supp,Int-Based,1,32,21,88,79,5500,27,8
91,Pillowisp,Supp,Int-Based,1,32,22,89,80,5632,28,8
92,Pillowisp,Supp,Int-Based,1,32,22,90,81,5764,28,8
93,Pillowisp,Supp,Int-Based,1,32,23,91,82,5898,28,8
94,Pillowisp,Supp,Int-Based,1,32,23,92,83,6035,28,8
95,Pillowisp,Supp,Int-Based,1,34,23,93,83,6139,28,8
96,Pillowisp,Supp,Int-Based,1,34,23,94,84,6279,29,8
97,Pillowisp,Supp,Int-Based,1,34,23,95,85,6421,29,8
98,Pillowisp,Supp,Int-Based,1,34,23,96,86,6565,29,8
99,Pillowisp,Supp,Int-Based,1,34,23,97,87,6713,29,8
100,Pillowisp,Supp,Int-Based,1,35,23,98,88,6862,30,9
1,Burrowlug,Tank,Strength-based,9,3,6,2,9,207,18,3
2,Burrowlug,Tank,Strength-based,9,3,6,2,10,234,19,3
3,Burrowlug,Tank,Strength-based,9,3,7,2,11,264,20,3
4,Burrowlug,Tank,Strength-based,9,3,7,2,12,296,21,3
5,Burrowlug,Tank,Strength-based,9,3,7,2,13,329,22,4
6,Burrowlug,Tank,Strength-based,9,3,7,2,14,364,23,4
7,Burrowlug,Tank,Strength-based,10,3,7,2,15,402,26,4
8,Burrowlug,Tank,Strength-based,10,3,7,2,16,440,27,4
9,Burrowlug,Tank,Strength-based,11,3,7,2,17,482,29,5
10,Burrowlug,Tank,Strength-based,11,3,9,2,17,519,30,5
11,Burrowlug,Tank,Strength-based,11,4,9,2,18,564,31,5
12,Burrowlug,Tank,Strength-based,12,4,10,2,18,605,34,5
13,Burrowlug,Tank,Strength-based,12,4,10,3,19,653,35,6
14,Burrowlug,Tank,Strength-based,12,4,11,3,20,703,37,6
15,Burrowlug,Tank,Strength-based,13,5,11,3,20,750,39,6
16,Burrowlug,Tank,Strength-based,14,5,11,3,21,803,41,6
17,Burrowlug,Tank,Strength-based,14,5,11,4,22,858,42,7
18,Burrowlug,Tank,Strength-based,14,6,11,4,23,917,43,7
19,Burrowlug,Tank,Strength-based,16,6,11,4,23,969,46,7
20,Burrowlug,Tank,Strength-based,16,7,11,4,24,1031,47,7
21,Burrowlug,Tank,Strength-based,16,7,12,4,25,1096,48,8
22,Burrowlug,Tank,Strength-based,17,7,12,4,26,1162,50,8
23,Burrowlug,Tank,Strength-based,17,7,13,4,27,1231,51,8
24,Burrowlug,Tank,Strength-based,18,7,13,4,28,1303,53,8
25,Burrowlug,Tank,Strength-based,19,7,13,4,29,1376,55,9
26,Burrowlug,Tank,Strength-based,19,7,14,4,30,1453,57,9
27,Burrowlug,Tank,Strength-based,20,7,14,5,31,1531,62,9
28,Burrowlug,Tank,Strength-based,21,8,15,5,31,1600,65,9
29,Burrowlug,Tank,Strength-based,21,8,16,5,32,1683,66,10
30,Burrowlug,Tank,Strength-based,21,8,17,5,33,1768,67,10
31,Burrowlug,Tank,Strength-based,22,8,17,5,34,1857,69,10
32,Burrowlug,Tank,Strength-based,23,8,17,5,35,1948,71,10
33,Burrowlug,Tank,Strength-based,24,8,17,5,36,2041,73,11
34,Burrowlug,Tank,Strength-based,24,8,18,5,37,2137,74,11
35,Burrowlug,Tank,Strength-based,25,8,18,5,38,2235,76,11
36,Burrowlug,Tank,Strength-based,26,8,20,5,38,2321,79,11
37,Burrowlug,Tank,Strength-based,26,8,20,5,40,2441,80,12
38,Burrowlug,Tank,Strength-based,27,9,20,5,41,2549,82,12
39,Burrowlug,Tank,Strength-based,28,10,21,5,41,2639,85,12
40,Burrowlug,Tank,Strength-based,29,10,21,5,42,2751,87,12
41,Burrowlug,Tank,Strength-based,29,11,22,5,43,2867,88,13
42,Burrowlug,Tank,Strength-based,30,11,22,5,44,2985,95,13
43,Burrowlug,Tank,Strength-based,31,11,22,6,45,3105,97,13
44,Burrowlug,Tank,Strength-based,31,11,23,6,46,3229,98,13
45,Burrowlug,Tank,Strength-based,32,11,23,6,47,3357,100,14
46,Burrowlug,Tank,Strength-based,32,12,24,6,48,3486,101,14
47,Burrowlug,Tank,Strength-based,33,12,24,6,49,3619,103,14
48,Burrowlug,Tank,Strength-based,34,12,26,6,49,3730,106,14
49,Burrowlug,Tank,Strength-based,34,12,26,6,51,3895,107,15
50,Burrowlug,Tank,Strength-based,35,12,26,6,52,4037,109,15
51,Burrowlug,Tank,Strength-based,36,12,28,6,52,4155,112,15
52,Burrowlug,Tank,Strength-based,37,12,28,6,53,4303,114,15
53,Burrowlug,Tank,Strength-based,37,12,28,6,55,4484,115,16
54,Burrowlug,Tank,Strength-based,38,13,29,6,55,4611,117,16
55,Burrowlug,Tank,Strength-based,39,13,29,7,56,4768,119,16
56,Burrowlug,Tank,Strength-based,39,14,30,7,57,4929,121,16
57,Burrowlug,Tank,Strength-based,40,14,30,8,58,5095,130,17
58,Burrowlug,Tank,Strength-based,40,15,31,8,59,5262,131,17
59,Burrowlug,Tank,Strength-based,41,15,31,9,60,5435,133,17
60,Burrowlug,Tank,Strength-based,42,15,31,9,61,5610,135,17
61,Burrowlug,Tank,Strength-based,42,16,32,9,62,5789,136,18
62,Burrowlug,Tank,Strength-based,43,17,33,9,62,5935,138,18
63,Burrowlug,Tank,Strength-based,44,17,33,10,63,6120,141,18
64,Burrowlug,Tank,Strength-based,44,17,34,11,64,6309,142,18
65,Burrowlug,Tank,Strength-based,45,17,34,11,65,6501,144,19
66,Burrowlug,Tank,Strength-based,46,18,34,11,66,6698,146,19
67,Burrowlug,Tank,Strength-based,46,19,35,11,67,6897,148,19
68,Burrowlug,Tank,Strength-based,47,19,35,11,68,7101,150,19
69,Burrowlug,Tank,Strength-based,47,19,37,11,69,7307,151,20
70,Burrowlug,Tank,Strength-based,48,19,37,11,70,7519,153,20
71,Burrowlug,Tank,Strength-based,49,19,38,11,71,7734,155,20
72,Burrowlug,Tank,Strength-based,50,19,38,11,72,7953,166,20
73,Burrowlug,Tank,Strength-based,51,20,38,11,73,8175,168,21
74,Burrowlug,Tank,Strength-based,51,21,39,11,74,8404,169,21
75,Burrowlug,Tank,Strength-based,52,21,41,11,74,8585,172,21
76,Burrowlug,Tank,Strength-based,53,21,41,12,75,8818,175,21
77,Burrowlug,Tank,Strength-based,53,21,41,12,77,9108,176,22
78,Burrowlug,Tank,Strength-based,54,21,41,12,78,9350,178,22
79,Burrowlug,Tank,Strength-based,55,21,43,12,78,9544,180,22
80,Burrowlug,Tank,Strength-based,55,21,43,12,80,9849,181,22
81,Burrowlug,Tank,Strength-based,56,22,43,12,81,10105,183,23
82,Burrowlug,Tank,Strength-based,57,22,45,12,81,10307,186,23
83,Burrowlug,Tank,Strength-based,58,22,45,12,82,10570,188,23
84,Burrowlug,Tank,Strength-based,59,23,45,12,83,10837,190,23
85,Burrowlug,Tank,Strength-based,59,23,46,13,84,11108,191,24
86,Burrowlug,Tank,Strength-based,60,23,46,13,85,11384,204,24
87,Burrowlug,Tank,Strength-based,61,23,47,13,86,11664,206,24
88,Burrowlug,Tank,Strength-based,61,24,48,13,87,11949,208,24
89,Burrowlug,Tank,Strength-based,62,24,48,13,88,12238,210,25
90,Burrowlug,Tank,Strength-based,63,25,48,13,89,12532,212,25
91,Burrowlug,Tank,Strength-based,63,26,49,13,90,12830,213,25
92,Burrowlug,Tank,Strength-based,64,27,49,13,91,13133,215,25
93,Burrowlug,Tank,Strength-based,64,28,50,13,92,13440,217,26
94,Burrowlug,Tank,Strength-based,65,28,50,13,93,13751,219,26
95,Burrowlug,Tank,Strength-based,67,28,51,13,93,13994,222,26
96,Burrowlug,Tank,Strength-based,67,28,51,13,95,14389,223,26
97,Burrowlug,Tank,Strength-based,67,28,52,13,96,14713,224,27
98,Burrowlug,Tank,Strength-based,68,28,53,13,97,15044,226,27
99,Burrowlug,Tank,Strength-based,69,28,53,13,98,15380,228,27
100,Burrowlug,Tank,Strength-based,70,28,54,13,99,15721,244,28
1,Cairnox,Fighter / Tank,Strength-based,9,3,6,2,9,196,18,3
2,Cairnox,Fighter / Tank,Strength-based,10,3,6,2,9,216,21,3
3,Cairnox,Fighter / Tank,Strength-based,11,3,6,2,10,240,24,3
4,Cairnox,Fighter / Tank,Strength-based,12,3,6,2,10,265,26,3
5,Cairnox,Fighter / Tank,Strength-based,12,3,6,2,11,291,28,4
6,Cairnox,Fighter / Tank,Strength-based,13,3,7,2,11,317,30,4
7,Cairnox,Fighter / Tank,Strength-based,13,3,7,2,12,347,32,4
8,Cairnox,Fighter / Tank,Strength-based,14,3,8,2,12,374,35,4
9,Cairnox,Fighter / Tank,Strength-based,14,3,8,2,13,406,36,5
10,Cairnox,Fighter / Tank,Strength-based,15,3,9,2,13,437,39,5
11,Cairnox,Fighter / Tank,Strength-based,16,3,10,2,13,467,42,5
12,Cairnox,Fighter / Tank,Strength-based,16,4,10,2,14,505,44,5
13,Cairnox,Fighter / Tank,Strength-based,17,4,11,2,14,538,47,6
14,Cairnox,Fighter / Tank,Strength-based,17,4,11,3,15,577,48,6
15,Cairnox,Fighter / Tank,Strength-based,18,5,11,3,15,612,51,6
16,Cairnox,Fighter / Tank,Strength-based,19,5,11,3,16,655,53,6
17,Cairnox,Fighter / Tank,Strength-based,20,5,11,3,17,699,59,7
18,Cairnox,Fighter / Tank,Strength-based,21,5,11,3,18,745,61,7
19,Cairnox,Fighter / Tank,Strength-based,21,5,12,3,19,793,63,7
20,Cairnox,Fighter / Tank,Strength-based,22,5,12,4,19,835,66,7
21,Cairnox,Fighter / Tank,Strength-based,23,5,12,4,20,886,68,8
22,Cairnox,Fighter / Tank,Strength-based,23,5,13,4,21,938,70,8
23,Cairnox,Fighter / Tank,Strength-based,24,5,13,4,22,993,72,8
24,Cairnox,Fighter / Tank,Strength-based,25,5,14,4,22,1040,75,9
25,Cairnox,Fighter / Tank,Strength-based,26,5,15,4,22,1089,79,9
26,Cairnox,Fighter / Tank,Strength-based,27,5,15,4,23,1148,81,9
27,Cairnox,Fighter / Tank,Strength-based,28,5,15,4,24,1210,84,9
28,Cairnox,Fighter / Tank,Strength-based,28,5,16,4,25,1273,85,10
29,Cairnox,Fighter / Tank,Strength-based,29,5,16,4,26,1339,88,10
30,Cairnox,Fighter / Tank,Strength-based,30,6,17,4,26,1394,95,10
31,Cairnox,Fighter / Tank,Strength-based,31,6,17,4,27,1464,98,10
32,Cairnox,Fighter / Tank,Strength-based,31,6,19,4,28,1534,100,11
33,Cairnox,Fighter / Tank,Strength-based,32,6,19,4,29,1607,102,11
34,Cairnox,Fighter / Tank,Strength-based,33,6,19,4,30,1682,105,11
35,Cairnox,Fighter / Tank,Strength-based,34,6,20,4,30,1745,108,11
36,Cairnox,Fighter / Tank,Strength-based,35,7,20,4,31,1824,111,12
37,Cairnox,Fighter / Tank,Strength-based,35,8,21,4,32,1906,113,12
38,Cairnox,Fighter / Tank,Strength-based,37,8,21,4,32,1974,116,12
39,Cairnox,Fighter / Tank,Strength-based,37,8,22,4,33,2058,118,12
40,Cairnox,Fighter / Tank,Strength-based,38,8,22,4,34,2146,120,13
41,Cairnox,Fighter / Tank,Strength-based,39,9,23,4,34,2219,123,13
42,Cairnox,Fighter / Tank,Strength-based,40,10,23,4,35,2309,133,13
43,Cairnox,Fighter / Tank,Strength-based,40,10,24,5,36,2403,134,14
44,Cairnox,Fighter / Tank,Strength-based,41,10,24,5,37,2500,137,14
45,Cairnox,Fighter / Tank,Strength-based,42,11,25,5,37,2578,140,14
46,Cairnox,Fighter / Tank,Strength-based,43,11,25,5,38,2678,143,14
47,Cairnox,Fighter / Tank,Strength-based,44,11,25,6,39,2781,145,15
48,Cairnox,Fighter / Tank,Strength-based,44,12,26,6,40,2886,147,15
49,Cairnox,Fighter / Tank,Strength-based,45,12,27,7,40,2972,150,15
50,Cairnox,Fighter / Tank,Strength-based,46,12,27,7,41,3082,152,15
51,Cairnox,Fighter / Tank,Strength-based,47,12,27,8,42,3193,155,16
52,Cairnox,Fighter / Tank,Strength-based,48,13,28,8,42,3284,157,16
53,Cairnox,Fighter / Tank,Strength-based,48,14,29,8,43,3400,159,16
54,Cairnox,Fighter / Tank,Strength-based,49,14,29,8,44,3519,162,16
55,Cairnox,Fighter / Tank,Strength-based,50,14,31,8,44,3615,174,17
56,Cairnox,Fighter / Tank,Strength-based,51,14,31,9,45,3739,177,17
57,Cairnox,Fighter / Tank,Strength-based,52,14,31,9,46,3866,179,17
58,Cairnox,Fighter / Tank,Strength-based,53,14,31,10,47,3993,182,17
59,Cairnox,Fighter / Tank,Strength-based,53,15,32,10,48,4126,183,18
60,Cairnox,Fighter / Tank,Strength-based,54,15,32,10,49,4259,186,18
61,Cairnox,Fighter / Tank,Strength-based,55,16,33,10,49,4368,189,18
62,Cairnox,Fighter / Tank,Strength-based,56,17,33,10,50,4507,191,19
63,Cairnox,Fighter / Tank,Strength-based,56,18,34,10,51,4649,193,19
64,Cairnox,Fighter / Tank,Strength-based,58,18,34,11,51,4762,196,19
65,Cairnox,Fighter / Tank,Strength-based,58,19,35,11,52,4909,199,19
66,Cairnox,Fighter / Tank,Strength-based,59,19,35,11,53,5059,202,20
67,Cairnox,Fighter / Tank,Strength-based,60,19,37,11,53,5177,215,20
68,Cairnox,Fighter / Tank,Strength-based,61,20,37,11,54,5333,218,20
69,Cairnox,Fighter / Tank,Strength-based,62,20,37,11,55,5490,220,20
70,Cairnox,Fighter / Tank,Strength-based,62,20,39,11,56,5651,222,21
71,Cairnox,Fighter / Tank,Strength-based,63,20,39,11,57,5815,225,21
72,Cairnox,Fighter / Tank,Strength-based,64,21,39,11,58,5981,227,21
73,Cairnox,Fighter / Tank,Strength-based,65,21,41,11,58,6113,231,21
74,Cairnox,Fighter / Tank,Strength-based,66,21,41,11,59,6285,233,22
75,Cairnox,Fighter / Tank,Strength-based,67,22,41,11,60,6460,236,22
76,Cairnox,Fighter / Tank,Strength-based,68,22,41,11,61,6638,238,22
77,Cairnox,Fighter / Tank,Strength-based,69,22,43,11,61,6778,241,22
78,Cairnox,Fighter / Tank,Strength-based,70,22,43,11,62,6962,257,23
79,Cairnox,Fighter / Tank,Strength-based,71,23,43,11,63,7149,259,23
80,Cairnox,Fighter / Tank,Strength-based,71,24,44,11,64,7339,261,23
81,Cairnox,Fighter / Tank,Strength-based,72,24,44,11,65,7532,263,24
82,Cairnox,Fighter / Tank,Strength-based,73,24,46,11,65,7684,267,24
83,Cairnox,Fighter / Tank,Strength-based,74,24,46,11,66,7883,270,24
84,Cairnox,Fighter / Tank,Strength-based,75,25,46,11,67,8084,272,24
85,Cairnox,Fighter / Tank,Strength-based,76,25,46,11,68,8290,275,25
86,Cairnox,Fighter / Tank,Strength-based,77,25,47,11,69,8500,277,25
87,Cairnox,Fighter / Tank,Strength-based,78,25,47,11,70,8714,280,25
88,Cairnox,Fighter / Tank,Strength-based,79,25,48,11,71,8929,282,25
89,Cairnox,Fighter / Tank,Strength-based,80,26,49,11,71,9095,300,26
90,Cairnox,Fighter / Tank,Strength-based,80,26,51,11,72,9318,303,26
91,Cairnox,Fighter / Tank,Strength-based,81,26,51,11,73,9544,305,26
92,Cairnox,Fighter / Tank,Strength-based,82,26,51,11,74,9773,308,26
93,Cairnox,Fighter / Tank,Strength-based,83,26,52,11,75,10006,310,27
94,Cairnox,Fighter / Tank,Strength-based,84,26,52,11,76,10243,313,27
95,Cairnox,Fighter / Tank,Strength-based,85,26,53,11,76,10422,316,27
96,Cairnox,Fighter / Tank,Strength-based,86,26,54,11,77,10666,318,27
97,Cairnox,Fighter / Tank,Strength-based,87,26,54,11,78,10913,321,28
98,Cairnox,Fighter / Tank,Strength-based,88,26,55,11,79,11162,324,28
99,Cairnox,Fighter / Tank,Strength-based,89,26,55,11,80,11415,327,28
100,Cairnox,Fighter / Tank,Strength-based,90,26,56,11,81,11674,347,29
1,Pebblepup,Fighter,Strength-based,9,7,5,1,7,176,18,2
2,Pebblepup,Fighter,Strength-based,10,7,5,1,7,193,21,2
3,Pebblepup,Fighter,Strength-based,10,8,5,1,8,212,22,2
4,Pebblepup,Fighter,Strength-based,11,8,5,1,8,232,25,2
5,Pebblepup,Fighter,Strength-based,11,9,6,1,8,251,26,2
6,Pebblepup,Fighter,Strength-based,11,9,6,2,9,274,28,2
7,Pebblepup,Fighter,Strength-based,12,9,6,2,9,296,30,3
8,Pebblepup,Fighter,Strength-based,12,10,6,2,10,322,32,3
9,Pebblepup,Fighter,Strength-based,13,10,7,2,10,345,34,3
10,Pebblepup,Fighter,Strength-based,13,11,7,2,11,372,35,3
11,Pebblepup,Fighter,Strength-based,14,11,8,2,11,398,38,3
12,Pebblepup,Fighter,Strength-based,14,12,9,2,11,424,39,4
13,Pebblepup,Fighter,Strength-based,14,12,9,3,12,454,41,4
14,Pebblepup,Fighter,Strength-based,15,12,10,3,12,482,44,4
15,Pebblepup,Fighter,Strength-based,15,13,11,3,12,511,46,4
16,Pebblepup,Fighter,Strength-based,16,13,11,3,13,546,48,4
17,Pebblepup,Fighter,Strength-based,17,14,11,3,13,577,50,5
18,Pebblepup,Fighter,Strength-based,18,14,11,3,14,614,53,5
19,Pebblepup,Fighter,Strength-based,18,15,11,3,15,652,54,5
20,Pebblepup,Fighter,Strength-based,19,16,11,3,15,686,57,5
21,Pebblepup,Fighter,Strength-based,20,16,11,3,16,727,62,5
22,Pebblepup,Fighter,Strength-based,21,16,12,4,16,763,65,6
23,Pebblepup,Fighter,Strength-based,21,17,12,4,17,806,66,6
24,Pebblepup,Fighter,Strength-based,22,18,12,4,17,844,68,6
25,Pebblepup,Fighter,Strength-based,22,18,13,5,18,890,70,6
26,Pebblepup,Fighter,Strength-based,23,19,13,5,18,931,72,6
27,Pebblepup,Fighter,Strength-based,24,19,13,6,19,979,75,6
28,Pebblepup,Fighter,Strength-based,24,20,14,7,19,1022,76,7
29,Pebblepup,Fighter,Strength-based,25,20,14,7,20,1074,79,7
30,Pebblepup,Fighter,Strength-based,25,21,15,7,21,1127,81,7
31,Pebblepup,Fighter,Strength-based,26,22,15,7,21,1172,84,7
32,Pebblepup,Fighter,Strength-based,27,22,15,8,22,1228,86,7
33,Pebblepup,Fighter,Strength-based,27,23,16,9,22,1276,87,8
34,Pebblepup,Fighter,Strength-based,28,23,16,9,23,1335,90,8
35,Pebblepup,Fighter,Strength-based,29,24,16,10,23,1386,92,8
36,Pebblepup,Fighter,Strength-based,29,24,18,10,24,1448,94,8
37,Pebblepup,Fighter,Strength-based,30,25,18,11,24,1500,101,8
38,Pebblepup,Fighter,Strength-based,31,25,18,11,25,1566,104,9
39,Pebblepup,Fighter,Strength-based,32,26,19,11,25,1620,106,9
40,Pebblepup,Fighter,Strength-based,32,27,19,11,26,1689,107,9
41,Pebblepup,Fighter,Strength-based,33,27,20,11,27,1758,111,9
42,Pebblepup,Fighter,Strength-based,34,28,21,11,27,1817,113,9
43,Pebblepup,Fighter,Strength-based,34,29,21,11,28,1891,115,10
44,Pebblepup,Fighter,Strength-based,35,30,21,11,29,1967,117,10
45,Pebblepup,Fighter,Strength-based,36,30,21,11,30,2044,120,10
46,Pebblepup,Fighter,Strength-based,37,31,22,11,30,2107,122,10
47,Pebblepup,Fighter,Strength-based,38,32,22,11,31,2189,124,10
48,Pebblepup,Fighter,Strength-based,38,32,23,11,32,2271,126,11
49,Pebblepup,Fighter,Strength-based,39,33,24,11,32,2339,128,11
50,Pebblepup,Fighter,Strength-based,40,33,24,11,33,2425,138,11
51,Pebblepup,Fighter,Strength-based,41,34,24,11,34,2513,140,11
52,Pebblepup,Fighter,Strength-based,41,35,25,11,35,2604,143,11
53,Pebblepup,Fighter,Strength-based,42,35,26,11,35,2677,145,11
54,Pebblepup,Fighter,Strength-based,43,36,26,11,36,2770,148,12
55,Pebblepup,Fighter,Strength-based,44,37,26,11,36,2846,150,12
56,Pebblepup,Fighter,Strength-based,45,37,27,11,37,2944,152,12
57,Pebblepup,Fighter,Strength-based,45,38,28,11,38,3044,154,12
58,Pebblepup,Fighter,Strength-based,46,39,29,11,38,3122,156,12
59,Pebblepup,Fighter,Strength-based,47,39,29,11,39,3227,159,13
60,Pebblepup,Fighter,Strength-based,48,40,29,11,40,3333,161,13
61,Pebblepup,Fighter,Strength-based,49,41,30,11,40,3416,165,13
62,Pebblepup,Fighter,Strength-based,49,42,31,11,41,3526,166,13
63,Pebblepup,Fighter,Strength-based,50,42,31,11,42,3638,177,13
64,Pebblepup,Fighter,Strength-based,51,43,32,11,42,3726,180,14
65,Pebblepup,Fighter,Strength-based,52,43,32,11,43,3842,182,14
66,Pebblepup,Fighter,Strength-based,53,44,32,11,44,3960,185,14
67,Pebblepup,Fighter,Strength-based,53,45,33,11,45,4081,186,14
68,Pebblepup,Fighter,Strength-based,54,46,33,11,45,4176,189,14
69,Pebblepup,Fighter,Strength-based,55,46,34,11,46,4299,191,15
70,Pebblepup,Fighter,Strength-based,56,47,34,11,46,4397,193,15
71,Pebblepup,Fighter,Strength-based,56,48,35,11,47,4526,196,15
72,Pebblepup,Fighter,Strength-based,57,48,36,11,48,4657,198,15
73,Pebblepup,Fighter,Strength-based,58,49,36,11,49,4791,201,15
74,Pebblepup,Fighter,Strength-based,59,50,37,11,49,4894,203,16
75,Pebblepup,Fighter,Strength-based,60,50,37,11,50,5032,217,16
76,Pebblepup,Fighter,Strength-based,61,51,38,11,50,5139,219,16
77,Pebblepup,Fighter,Strength-based,62,52,38,11,51,5281,222,16
78,Pebblepup,Fighter,Strength-based,62,53,39,11,52,5426,223,16
79,Pebblepup,Fighter,Strength-based,63,53,39,11,53,5573,225,16
80,Pebblepup,Fighter,Strength-based,64,54,40,11,53,5687,229,17
81,Pebblepup,Fighter,Strength-based,64,55,41,11,54,5839,230,17
82,Pebblepup,Fighter,Strength-based,65,55,41,11,55,5993,233,17
83,Pebblepup,Fighter,Strength-based,66,56,42,11,55,6111,235,17
84,Pebblepup,Fighter,Strength-based,67,57,42,11,56,6271,238,17
85,Pebblepup,Fighter,Strength-based,68,57,43,11,56,6391,240,18
86,Pebblepup,Fighter,Strength-based,69,58,43,11,57,6556,242,18
87,Pebblepup,Fighter,Strength-based,69,59,44,11,58,6722,244,18
88,Pebblepup,Fighter,Strength-based,70,60,44,11,59,6891,259,18
89,Pebblepup,Fighter,Strength-based,71,60,45,11,60,7064,263,18
90,Pebblepup,Fighter,Strength-based,72,61,45,11,60,7193,265,19
91,Pebblepup,Fighter,Strength-based,72,62,46,11,61,7370,267,19
92,Pebblepup,Fighter,Strength-based,73,63,46,11,62,7550,269,19
93,Pebblepup,Fighter,Strength-based,74,63,48,11,62,7685,271,19
94,Pebblepup,Fighter,Strength-based,75,63,48,11,63,7871,274,19
95,Pebblepup,Fighter,Strength-based,76,64,48,11,64,8058,276,20
96,Pebblepup,Fighter,Strength-based,77,65,48,11,64,8198,279,20
97,Pebblepup,Fighter,Strength-based,77,66,49,11,65,8391,280,20
98,Pebblepup,Fighter,Strength-based,78,66,50,11,66,8587,284,20
99,Pebblepup,Fighter,Strength-based,79,67,51,11,66,8733,286,20
100,Pebblepup,Fighter,Strength-based,80,68,51,11,67,8934,304,21
1,Pyreling,DPS,Strength-based,9,5,7,2,6,148,18,1
2,Pyreling,DPS,Strength-based,10,5,7,2,6,162,21,1
3,Pyreling,DPS,Strength-based,11,5,8,2,6,177,24,1
4,Pyreling,DPS,Strength-based,12,5,8,2,6,192,27,1
5,Pyreling,DPS,Strength-based,13,5,8,2,6,209,30,1
6,Pyreling,DPS,Strength-based,14,5,8,2,6,226,33,1
7,Pyreling,DPS,Strength-based,14,5,9,2,7,247,35,1
8,Pyreling,DPS,Strength-based,15,6,9,2,7,265,37,1
9,Pyreling,DPS,Strength-based,15,6,10,2,8,288,40,2
10,Pyreling,DPS,Strength-based,16,6,10,2,8,307,43,2
11,Pyreling,DPS,Strength-based,17,6,10,2,9,332,46,2
12,Pyreling,DPS,Strength-based,17,7,11,2,10,357,48,2
13,Pyreling,DPS,Strength-based,18,8,11,2,10,379,51,2
14,Pyreling,DPS,Strength-based,19,8,11,2,11,406,53,2
15,Pyreling,DPS,Strength-based,19,9,12,2,11,430,55,2
16,Pyreling,DPS,Strength-based,21,9,12,2,11,456,62,3
17,Pyreling,DPS,Strength-based,21,9,13,2,12,486,64,3
18,Pyreling,DPS,Strength-based,22,10,13,2,12,512,67,3
19,Pyreling,DPS,Strength-based,23,11,13,2,12,539,70,3
20,Pyreling,DPS,Strength-based,23,11,14,2,13,572,71,3
21,Pyreling,DPS,Strength-based,24,11,15,2,13,602,75,3
22,Pyreling,DPS,Strength-based,25,11,15,2,14,637,78,3
23,Pyreling,DPS,Strength-based,26,11,16,2,14,668,81,4
24,Pyreling,DPS,Strength-based,26,12,16,2,15,704,83,4
25,Pyreling,DPS,Strength-based,27,12,17,2,15,738,86,4
26,Pyreling,DPS,Strength-based,28,13,17,3,15,770,88,4
27,Pyreling,DPS,Strength-based,29,13,17,3,16,812,91,4
28,Pyreling,DPS,Strength-based,30,13,18,4,16,846,99,4
29,Pyreling,DPS,Strength-based,30,14,18,5,17,890,101,4
30,Pyreling,DPS,Strength-based,31,14,19,5,17,926,104,5
31,Pyreling,DPS,Strength-based,31,15,20,5,18,972,107,5
32,Pyreling,DPS,Strength-based,33,15,20,5,18,1010,110,5
33,Pyreling,DPS,Strength-based,33,16,21,5,19,1059,112,5
34,Pyreling,DPS,Strength-based,34,16,21,5,20,1108,115,5
35,Pyreling,DPS,Strength-based,35,16,22,5,20,1149,118,5
36,Pyreling,DPS,Strength-based,36,17,22,5,21,1201,121,5
37,Pyreling,DPS,Strength-based,36,19,23,5,21,1245,123,6
38,Pyreling,DPS,Strength-based,37,19,23,5,22,1299,126,6
39,Pyreling,DPS,Strength-based,38,19,24,6,22,1344,128,6
40,Pyreling,DPS,Strength-based,39,19,24,6,23,1402,131,6
41,Pyreling,DPS,Strength-based,40,20,25,6,23,1448,142,6
42,Pyreling,DPS,Strength-based,41,20,25,7,24,1509,145,6
43,Pyreling,DPS,Strength-based,41,21,26,7,25,1570,147,6
44,Pyreling,DPS,Strength-based,42,21,27,7,25,1621,150,7
45,Pyreling,DPS,Strength-based,43,22,27,8,25,1671,152,7
46,Pyreling,DPS,Strength-based,43,23,28,8,26,1737,154,7
47,Pyreling,DPS,Strength-based,45,23,28,8,26,1790,158,7
48,Pyreling,DPS,Strength-based,45,24,29,8,27,1858,160,7
49,Pyreling,DPS,Strength-based,46,24,29,9,28,1928,163,7
50,Pyreling,DPS,Strength-based,47,24,30,10,28,1985,167,7
51,Pyreling,DPS,Strength-based,48,25,30,10,28,2041,169,8
52,Pyreling,DPS,Strength-based,49,25,31,10,29,2115,172,8
53,Pyreling,DPS,Strength-based,49,26,32,10,30,2191,174,8
54,Pyreling,DPS,Strength-based,50,27,32,10,31,2270,186,8
55,Pyreling,DPS,Strength-based,51,27,33,10,31,2331,189,8
56,Pyreling,DPS,Strength-based,52,28,33,10,32,2411,192,8
57,Pyreling,DPS,Strength-based,53,28,34,10,32,2476,194,8
58,Pyreling,DPS,Strength-based,54,29,34,10,33,2560,197,9
59,Pyreling,DPS,Strength-based,54,30,35,10,34,2645,200,9
60,Pyreling,DPS,Strength-based,55,30,36,10,34,2712,203,9
61,Pyreling,DPS,Strength-based,56,31,36,10,35,2801,206,9
62,Pyreling,DPS,Strength-based,57,32,37,10,35,2871,209,9
63,Pyreling,DPS,Strength-based,58,32,37,10,36,2963,211,9
64,Pyreling,DPS,Strength-based,59,33,38,10,36,3035,214,9
65,Pyreling,DPS,Strength-based,59,34,39,10,37,3130,216,10
66,Pyreling,DPS,Strength-based,61,34,39,10,37,3204,231,10
67,Pyreling,DPS,Strength-based,62,34,40,10,38,3303,235,10
68,Pyreling,DPS,Strength-based,62,35,41,10,39,3404,237,10
69,Pyreling,DPS,Strength-based,63,36,41,10,40,3507,240,10
70,Pyreling,DPS,Strength-based,64,36,42,10,40,3585,242,10
71,Pyreling,DPS,Strength-based,65,37,42,10,41,3691,245,10
72,Pyreling,DPS,Strength-based,66,37,43,10,41,3773,248,11
73,Pyreling,DPS,Strength-based,67,38,43,10,42,3882,251,11
74,Pyreling,DPS,Strength-based,67,39,44,10,43,3995,253,11
75,Pyreling,DPS,Strength-based,68,40,45,10,43,4079,257,11
76,Pyreling,DPS,Strength-based,69,40,45,10,44,4194,259,11
77,Pyreling,DPS,Strength-based,70,41,46,10,44,4282,275,11
78,Pyreling,DPS,Strength-based,71,41,47,10,45,4402,278,11
79,Pyreling,DPS,Strength-based,72,42,47,10,45,4492,281,12
80,Pyreling,DPS,Strength-based,73,42,48,10,46,4615,284,12
81,Pyreling,DPS,Strength-based,73,43,49,10,47,4739,286,12
82,Pyreling,DPS,Strength-based,74,44,49,10,48,4866,288,12
83,Pyreling,DPS,Strength-based,75,44,50,10,48,4962,292,12
84,Pyreling,DPS,Strength-based,76,45,50,10,49,5092,295,12
85,Pyreling,DPS,Strength-based,77,45,51,10,50,5226,298,12
86,Pyreling,DPS,Strength-based,78,46,51,10,50,5326,301,13
87,Pyreling,DPS,Strength-based,79,46,52,10,51,5463,304,13
88,Pyreling,DPS,Strength-based,80,47,53,10,51,5565,321,13
89,Pyreling,DPS,Strength-based,80,48,54,10,52,5707,323,13
90,Pyreling,DPS,Strength-based,81,48,54,10,53,5850,326,13
91,Pyreling,DPS,Strength-based,82,49,55,10,53,5956,330,13
92,Pyreling,DPS,Strength-based,83,50,55,10,54,6104,333,13
93,Pyreling,DPS,Strength-based,84,51,55,10,54,6213,336,14
94,Pyreling,DPS,Strength-based,85,51,56,10,55,6364,338,14
95,Pyreling,DPS,Strength-based,85,52,57,10,56,6519,340,14
96,Pyreling,DPS,Strength-based,86,53,58,10,56,6633,343,14
97,Pyreling,DPS,Strength-based,87,53,58,10,57,6790,346,14
98,Pyreling,DPS,Strength-based,88,54,59,10,57,6906,349,14
99,Pyreling,DPS,Strength-based,89,55,59,10,58,7068,352,14
100,Pyreling,DPS,Strength-based,90,55,60,10,59,7234,373,15
1,Pluvault,Tank / Supp,Int-Based,1,5,5,9,9,196,5,3
2,Pluvault,Tank / Supp,Int-Based,1,5,5,9,10,220,5,3
3,Pluvault,Tank / Supp,Int-Based,1,5,5,10,11,246,5,3
4,Pluvault,Tank / Supp,Int-Based,1,5,5,11,11,271,5,3
5,Pluvault,Tank / Supp,Int-Based,1,5,5,11,12,301,6,3
6,Pluvault,Tank / Supp,Int-Based,1,6,5,11,13,331,6,4
7,Pluvault,Tank / Supp,Int-Based,1,6,5,12,13,360,6,4
8,Pluvault,Tank / Supp,Int-Based,1,6,6,12,14,394,7,4
9,Pluvault,Tank / Supp,Int-Based,1,6,6,13,14,425,7,4
10,Pluvault,Tank / Supp,Int-Based,1,7,6,13,15,462,7,5
11,Pluvault,Tank / Supp,Int-Based,1,7,7,14,15,495,7,5
12,Pluvault,Tank / Supp,Int-Based,1,8,7,14,16,535,8,5
13,Pluvault,Tank / Supp,Int-Based,1,9,7,15,16,571,8,5
14,Pluvault,Tank / Supp,Int-Based,1,9,8,15,17,614,8,6
15,Pluvault,Tank / Supp,Int-Based,1,10,8,16,17,654,9,6
16,Pluvault,Tank / Supp,Int-Based,1,10,8,17,18,699,9,6
17,Pluvault,Tank / Supp,Int-Based,1,10,8,17,20,753,9,6
18,Pluvault,Tank / Supp,Int-Based,1,10,8,18,21,803,9,6
19,Pluvault,Tank / Supp,Int-Based,1,10,8,20,21,849,10,7
20,Pluvault,Tank / Supp,Int-Based,1,10,9,20,22,902,10,7
21,Pluvault,Tank / Supp,Int-Based,1,10,9,21,23,958,10,7
22,Pluvault,Tank / Supp,Int-Based,1,11,9,22,23,1007,11,7
23,Pluvault,Tank / Supp,Int-Based,1,11,9,22,25,1075,11,8
24,Pluvault,Tank / Supp,Int-Based,1,12,9,23,25,1127,11,8
25,Pluvault,Tank / Supp,Int-Based,1,13,9,23,26,1190,12,8
26,Pluvault,Tank / Supp,Int-Based,1,13,9,24,27,1256,12,8
27,Pluvault,Tank / Supp,Int-Based,1,13,9,25,28,1322,12,9
28,Pluvault,Tank / Supp,Int-Based,1,13,9,26,29,1391,12,9
29,Pluvault,Tank / Supp,Int-Based,1,13,9,27,30,1463,13,9
30,Pluvault,Tank / Supp,Int-Based,1,13,9,28,31,1537,13,9
31,Pluvault,Tank / Supp,Int-Based,1,13,9,29,32,1613,13,9
32,Pluvault,Tank / Supp,Int-Based,1,13,9,30,33,1691,14,10
33,Pluvault,Tank / Supp,Int-Based,1,13,9,31,34,1772,14,10
34,Pluvault,Tank / Supp,Int-Based,1,14,9,32,34,1841,14,10
35,Pluvault,Tank / Supp,Int-Based,1,14,9,33,35,1926,14,10
36,Pluvault,Tank / Supp,Int-Based,1,14,9,34,36,2012,15,11
37,Pluvault,Tank / Supp,Int-Based,1,14,9,35,37,2102,15,11
38,Pluvault,Tank / Supp,Int-Based,1,14,9,36,38,2194,15,11
39,Pluvault,Tank / Supp,Int-Based,1,14,9,36,40,2304,16,11
40,Pluvault,Tank / Supp,Int-Based,1,14,9,37,41,2402,16,12
41,Pluvault,Tank / Supp,Int-Based,1,14,9,39,41,2484,16,12
42,Pluvault,Tank / Supp,Int-Based,1,14,9,40,42,2585,17,12
43,Pluvault,Tank / Supp,Int-Based,1,14,9,41,43,2689,17,12
44,Pluvault,Tank / Supp,Int-Based,1,14,9,41,45,2817,17,12
45,Pluvault,Tank / Supp,Int-Based,1,15,10,42,45,2907,18,13
46,Pluvault,Tank / Supp,Int-Based,1,15,10,43,46,3019,19,13
47,Pluvault,Tank / Supp,Int-Based,1,15,10,44,47,3134,19,13
48,Pluvault,Tank / Supp,Int-Based,1,15,10,45,48,3251,19,13
49,Pluvault,Tank / Supp,Int-Based,1,15,10,46,49,3371,20,14
50,Pluvault,Tank / Supp,Int-Based,1,15,10,47,50,3495,20,14
51,Pluvault,Tank / Supp,Int-Based,1,15,10,48,51,3620,20,14
52,Pluvault,Tank / Supp,Int-Based,1,15,10,49,52,3748,20,14
53,Pluvault,Tank / Supp,Int-Based,1,15,10,50,53,3880,21,15
54,Pluvault,Tank / Supp,Int-Based,1,15,10,51,54,4014,21,15
55,Pluvault,Tank / Supp,Int-Based,1,15,10,52,55,4152,21,15
56,Pluvault,Tank / Supp,Int-Based,1,15,10,53,56,4291,22,15
57,Pluvault,Tank / Supp,Int-Based,1,16,11,53,57,4435,22,16
58,Pluvault,Tank / Supp,Int-Based,1,16,11,54,58,4582,22,16
59,Pluvault,Tank / Supp,Int-Based,1,16,11,55,59,4730,22,16
60,Pluvault,Tank / Supp,Int-Based,1,16,11,56,60,4883,23,16
61,Pluvault,Tank / Supp,Int-Based,1,17,11,57,61,5037,23,16
62,Pluvault,Tank / Supp,Int-Based,1,17,11,58,62,5196,23,17
63,Pluvault,Tank / Supp,Int-Based,1,18,12,58,63,5357,24,17
64,Pluvault,Tank / Supp,Int-Based,1,18,12,59,64,5521,24,17
65,Pluvault,Tank / Supp,Int-Based,1,18,12,60,65,5690,24,17
66,Pluvault,Tank / Supp,Int-Based,1,20,13,61,65,5826,25,18
67,Pluvault,Tank / Supp,Int-Based,1,20,13,62,66,5999,25,18
68,Pluvault,Tank / Supp,Int-Based,1,20,13,63,67,6175,25,18
69,Pluvault,Tank / Supp,Int-Based,1,20,13,64,68,6357,25,18
70,Pluvault,Tank / Supp,Int-Based,1,20,13,65,69,6540,26,19
71,Pluvault,Tank / Supp,Int-Based,1,22,14,65,70,6726,26,19
72,Pluvault,Tank / Supp,Int-Based,1,22,14,66,71,6916,26,19
73,Pluvault,Tank / Supp,Int-Based,1,22,14,67,72,7110,27,19
74,Pluvault,Tank / Supp,Int-Based,1,22,14,68,73,7307,27,19
75,Pluvault,Tank / Supp,Int-Based,1,22,14,69,74,7508,27,20
76,Pluvault,Tank / Supp,Int-Based,1,23,16,70,74,7666,28,20
77,Pluvault,Tank / Supp,Int-Based,1,23,16,71,75,7873,29,20
78,Pluvault,Tank / Supp,Int-Based,1,23,16,72,76,8083,29,20
79,Pluvault,Tank / Supp,Int-Based,1,25,17,72,77,8297,29,21
80,Pluvault,Tank / Supp,Int-Based,1,25,17,73,78,8515,30,21
81,Pluvault,Tank / Supp,Int-Based,1,25,17,74,79,8735,30,21
82,Pluvault,Tank / Supp,Int-Based,1,25,17,75,80,8960,30,21
83,Pluvault,Tank / Supp,Int-Based,1,25,18,76,81,9189,31,22
84,Pluvault,Tank / Supp,Int-Based,1,25,18,77,82,9420,31,22
85,Pluvault,Tank / Supp,Int-Based,1,27,18,77,83,9656,31,22
86,Pluvault,Tank / Supp,Int-Based,1,27,18,78,84,9895,31,22
87,Pluvault,Tank / Supp,Int-Based,1,27,19,79,85,10138,32,22
88,Pluvault,Tank / Supp,Int-Based,1,27,19,80,86,10386,32,23
89,Pluvault,Tank / Supp,Int-Based,1,27,19,81,87,10636,32,23
90,Pluvault,Tank / Supp,Int-Based,1,29,20,82,87,10834,34,23
91,Pluvault,Tank / Supp,Int-Based,1,29,20,83,88,11092,34,23
92,Pluvault,Tank / Supp,Int-Based,1,29,21,84,89,11353,34,24
93,Pluvault,Tank / Supp,Int-Based,1,29,21,85,90,11618,34,24
94,Pluvault,Tank / Supp,Int-Based,1,29,21,86,91,11887,35,24
95,Pluvault,Tank / Supp,Int-Based,1,31,22,86,92,12163,35,24
96,Pluvault,Tank / Supp,Int-Based,1,31,22,87,93,12440,35,25
97,Pluvault,Tank / Supp,Int-Based,1,31,22,88,94,12722,36,25
98,Pluvault,Tank / Supp,Int-Based,1,31,22,89,95,13008,36,25
99,Pluvault,Tank / Supp,Int-Based,1,31,22,90,96,13298,36,25
100,Pluvault,Tank / Supp,Int-Based,1,32,22,91,97,13593,37,26
1,Rillblade,DPS,Dex-Based,1,9,9,1,9,152,17,1
2,Rillblade,DPS,Dex-Based,1,10,9,1,9,163,18,1
3,Rillblade,DPS,Dex-Based,1,11,10,1,9,175,22,1
4,Rillblade,DPS,Dex-Based,1,11,11,1,9,188,24,1
5,Rillblade,DPS,Dex-Based,1,12,11,1,9,201,26,1
6,Rillblade,DPS,Dex-Based,1,12,12,1,10,216,28,1
7,Rillblade,DPS,Dex-Based,1,13,12,1,10,231,30,1
8,Rillblade,DPS,Dex-Based,1,13,13,1,11,248,33,1
9,Rillblade,DPS,Dex-Based,1,14,13,1,11,264,34,1
10,Rillblade,DPS,Dex-Based,1,14,14,1,11,279,37,1
11,Rillblade,DPS,Dex-Based,1,15,15,1,11,296,39,2
12,Rillblade,DPS,Dex-Based,1,16,16,1,11,314,42,2
13,Rillblade,DPS,Dex-Based,1,17,16,1,11,331,44,2
14,Rillblade,DPS,Dex-Based,1,18,17,1,11,349,46,2
15,Rillblade,DPS,Dex-Based,1,19,18,1,11,368,49,2
16,Rillblade,DPS,Dex-Based,1,20,19,1,11,387,51,2
17,Rillblade,DPS,Dex-Based,1,21,20,1,11,407,57,2
18,Rillblade,DPS,Dex-Based,1,21,21,1,12,432,59,2
19,Rillblade,DPS,Dex-Based,1,22,21,1,12,452,61,2
20,Rillblade,DPS,Dex-Based,1,23,22,1,12,474,64,2
21,Rillblade,DPS,Dex-Based,1,23,23,1,13,501,66,3
22,Rillblade,DPS,Dex-Based,1,24,23,1,14,528,68,3
23,Rillblade,DPS,Dex-Based,1,24,24,1,15,557,70,3
24,Rillblade,DPS,Dex-Based,1,25,24,1,16,586,72,3
25,Rillblade,DPS,Dex-Based,1,25,25,1,17,617,75,3
26,Rillblade,DPS,Dex-Based,1,26,26,1,17,643,77,3
27,Rillblade,DPS,Dex-Based,1,27,27,1,17,670,80,3
28,Rillblade,DPS,Dex-Based,1,28,28,1,17,697,82,3
29,Rillblade,DPS,Dex-Based,1,29,29,1,17,725,85,3
30,Rillblade,DPS,Dex-Based,1,30,30,1,17,753,92,3
31,Rillblade,DPS,Dex-Based,1,31,31,1,17,782,95,4
32,Rillblade,DPS,Dex-Based,1,32,32,1,17,811,98,4
33,Rillblade,DPS,Dex-Based,1,33,32,1,18,849,99,4
34,Rillblade,DPS,Dex-Based,1,34,33,1,18,880,102,4
35,Rillblade,DPS,Dex-Based,1,34,34,1,19,918,104,4
36,Rillblade,DPS,Dex-Based,1,35,35,1,19,952,107,4
37,Rillblade,DPS,Dex-Based,1,36,36,1,19,984,110,4
38,Rillblade,DPS,Dex-Based,1,37,37,1,19,1017,112,4
39,Rillblade,DPS,Dex-Based,1,38,38,1,19,1051,115,4
40,Rillblade,DPS,Dex-Based,1,39,38,1,21,1104,116,4
41,Rillblade,DPS,Dex-Based,1,40,39,1,21,1141,119,5
42,Rillblade,DPS,Dex-Based,1,41,40,1,21,1177,129,5
43,Rillblade,DPS,Dex-Based,1,42,41,1,21,1213,131,5
44,Rillblade,DPS,Dex-Based,1,42,42,1,22,1261,134,5
45,Rillblade,DPS,Dex-Based,1,43,43,1,22,1300,136,5
46,Rillblade,DPS,Dex-Based,1,44,43,1,24,1361,138,5
47,Rillblade,DPS,Dex-Based,1,45,44,1,24,1401,140,5
48,Rillblade,DPS,Dex-Based,1,46,45,1,24,1442,143,5
49,Rillblade,DPS,Dex-Based,1,47,46,1,24,1484,146,5
50,Rillblade,DPS,Dex-Based,1,48,46,1,25,1538,147,5
51,Rillblade,DPS,Dex-Based,1,49,47,1,25,1581,150,6
52,Rillblade,DPS,Dex-Based,1,50,48,1,26,1638,152,6
53,Rillblade,DPS,Dex-Based,1,51,49,1,26,1682,155,6
54,Rillblade,DPS,Dex-Based,1,51,50,1,28,1754,167,6
55,Rillblade,DPS,Dex-Based,1,52,51,1,28,1802,169,6
56,Rillblade,DPS,Dex-Based,1,53,52,1,28,1849,172,6
57,Rillblade,DPS,Dex-Based,1,54,52,1,29,1911,173,6
58,Rillblade,DPS,Dex-Based,1,55,53,1,29,1960,176,6
59,Rillblade,DPS,Dex-Based,1,55,54,1,31,2040,178,6
60,Rillblade,DPS,Dex-Based,1,56,55,1,31,2092,181,6
61,Rillblade,DPS,Dex-Based,1,57,56,1,31,2143,184,7
62,Rillblade,DPS,Dex-Based,1,58,57,1,31,2195,186,7
63,Rillblade,DPS,Dex-Based,1,59,58,1,32,2265,189,7
64,Rillblade,DPS,Dex-Based,1,60,59,1,32,2319,191,7
65,Rillblade,DPS,Dex-Based,1,61,59,1,33,2391,193,7
66,Rillblade,DPS,Dex-Based,1,62,60,1,34,2465,207,7
67,Rillblade,DPS,Dex-Based,1,63,61,1,34,2521,209,7
68,Rillblade,DPS,Dex-Based,1,63,62,1,35,2598,212,7
69,Rillblade,DPS,Dex-Based,1,64,63,1,35,2656,214,7
70,Rillblade,DPS,Dex-Based,1,65,64,1,35,2716,217,7
71,Rillblade,DPS,Dex-Based,1,66,65,1,36,2796,220,8
72,Rillblade,DPS,Dex-Based,1,67,65,1,37,2878,221,8
73,Rillblade,DPS,Dex-Based,1,68,66,1,38,2961,224,8
74,Rillblade,DPS,Dex-Based,1,69,67,1,38,3024,226,8
75,Rillblade,DPS,Dex-Based,1,70,68,1,38,3088,229,8
76,Rillblade,DPS,Dex-Based,1,70,69,1,40,3197,231,8
77,Rillblade,DPS,Dex-Based,1,71,70,1,40,3264,247,8
78,Rillblade,DPS,Dex-Based,1,72,71,1,41,3354,250,8
79,Rillblade,DPS,Dex-Based,1,73,72,1,41,3422,252,8
80,Rillblade,DPS,Dex-Based,1,74,72,1,42,3515,254,8
81,Rillblade,DPS,Dex-Based,1,75,73,1,42,3585,256,9
82,Rillblade,DPS,Dex-Based,1,76,74,1,42,3655,259,9
83,Rillblade,DPS,Dex-Based,1,77,75,1,43,3752,262,9
84,Rillblade,DPS,Dex-Based,1,77,76,1,44,3852,264,9
85,Rillblade,DPS,Dex-Based,1,78,77,1,44,3925,267,9
86,Rillblade,DPS,Dex-Based,1,79,78,1,45,4026,269,9
87,Rillblade,DPS,Dex-Based,1,80,79,1,45,4102,272,9
88,Rillblade,DPS,Dex-Based,1,81,79,1,47,4236,273,9
89,Rillblade,DPS,Dex-Based,1,82,80,1,47,4314,291,9
90,Rillblade,DPS,Dex-Based,1,83,81,1,47,4392,294,9
91,Rillblade,DPS,Dex-Based,1,84,82,1,47,4471,296,10
92,Rillblade,DPS,Dex-Based,1,85,83,1,48,4583,299,10
93,Rillblade,DPS,Dex-Based,1,85,84,1,49,4696,301,10
94,Rillblade,DPS,Dex-Based,1,86,85,1,50,4810,304,10
95,Rillblade,DPS,Dex-Based,1,87,86,1,50,4894,307,10
96,Rillblade,DPS,Dex-Based,1,88,86,1,52,5044,308,10
97,Rillblade,DPS,Dex-Based,1,89,87,1,52,5131,311,10
98,Rillblade,DPS,Dex-Based,1,90,88,1,52,5218,313,10
99,Rillblade,DPS,Dex-Based,1,91,89,1,52,5306,316,10
100,Rillblade,DPS,Dex-Based,1,92,90,1,53,5431,336,11
1,Seedskit,DPS,Strength-based,9,8,6,2,4,145,18,1
2,Seedskit,DPS,Strength-based,10,8,6,2,4,157,21,1
3,Seedskit,DPS,Strength-based,11,8,7,2,4,169,24,1
4,Seedskit,DPS,Strength-based,12,8,7,2,4,182,27,1
5,Seedskit,DPS,Strength-based,12,9,7,2,4,195,28,1
6,Seedskit,DPS,Strength-based,13,9,8,2,4,209,31,1
7,Seedskit,DPS,Strength-based,13,10,8,2,5,225,33,1
8,Seedskit,DPS,Strength-based,14,10,8,2,5,241,36,1
9,Seedskit,DPS,Strength-based,15,11,8,2,5,257,38,1
10,Seedskit,DPS,Strength-based,15,11,10,2,5,273,41,1
11,Seedskit,DPS,Strength-based,16,11,10,2,6,293,44,1
12,Seedskit,DPS,Strength-based,16,12,11,2,6,310,46,2
13,Seedskit,DPS,Strength-based,17,12,11,2,7,331,48,2
14,Seedskit,DPS,Strength-based,17,13,11,3,7,350,50,2
15,Seedskit,DPS,Strength-based,18,13,11,3,8,373,53,2
16,Seedskit,DPS,Strength-based,19,14,11,3,8,394,56,2
17,Seedskit,DPS,Strength-based,20,14,12,3,8,414,61,2
18,Seedskit,DPS,Strength-based,21,15,12,3,8,436,64,2
19,Seedskit,DPS,Strength-based,21,16,13,3,8,457,66,2
20,Seedskit,DPS,Strength-based,22,16,13,3,9,485,69,2
21,Seedskit,DPS,Strength-based,23,16,14,3,9,507,71,2
22,Seedskit,DPS,Strength-based,24,17,14,3,9,531,74,2
23,Seedskit,DPS,Strength-based,24,18,15,3,9,555,77,3
24,Seedskit,DPS,Strength-based,25,19,15,3,9,580,79,3
25,Seedskit,DPS,Strength-based,26,19,16,3,9,606,82,3
26,Seedskit,DPS,Strength-based,27,20,16,3,10,638,85,3
27,Seedskit,DPS,Strength-based,27,21,17,3,11,671,87,3
28,Seedskit,DPS,Strength-based,28,21,18,3,11,699,89,3
29,Seedskit,DPS,Strength-based,29,22,18,3,11,727,92,3
30,Seedskit,DPS,Strength-based,30,22,18,4,12,762,100,3
31,Seedskit,DPS,Strength-based,31,22,19,5,12,791,103,3
32,Seedskit,DPS,Strength-based,31,23,20,5,12,823,105,3
33,Seedskit,DPS,Strength-based,32,24,20,5,12,853,108,3
34,Seedskit,DPS,Strength-based,33,24,21,5,13,892,111,4
35,Seedskit,DPS,Strength-based,34,25,21,5,13,925,114,4
36,Seedskit,DPS,Strength-based,34,26,22,5,13,958,115,4
37,Seedskit,DPS,Strength-based,35,27,22,5,14,1000,118,4
38,Seedskit,DPS,Strength-based,36,27,23,5,14,1035,121,4
39,Seedskit,DPS,Strength-based,37,28,23,5,14,1069,124,4
40,Seedskit,DPS,Strength-based,38,28,24,5,15,1115,126,4
41,Seedskit,DPS,Strength-based,39,29,24,5,15,1151,129,4
42,Seedskit,DPS,Strength-based,39,30,25,5,16,1199,132,4
43,Seedskit,DPS,Strength-based,40,31,26,5,16,1236,141,4
44,Seedskit,DPS,Strength-based,41,31,26,5,18,1298,144,4
45,Seedskit,DPS,Strength-based,42,32,26,5,18,1338,147,5
46,Seedskit,DPS,Strength-based,43,32,27,5,18,1378,150,5
47,Seedskit,DPS,Strength-based,43,34,28,5,18,1419,151,5
48,Seedskit,DPS,Strength-based,45,34,28,5,18,1460,155,5
49,Seedskit,DPS,Strength-based,45,35,29,5,19,1516,157,5
50,Seedskit,DPS,Strength-based,46,35,30,5,19,1560,161,5
51,Seedskit,DPS,Strength-based,47,36,30,5,20,1617,163,5
52,Seedskit,DPS,Strength-based,48,36,31,5,21,1675,166,5
53,Seedskit,DPS,Strength-based,49,37,31,5,21,1721,169,5
54,Seedskit,DPS,Strength-based,50,38,32,5,21,1769,181,5
55,Seedskit,DPS,Strength-based,51,38,32,5,22,1831,183,5
56,Seedskit,DPS,Strength-based,52,39,33,5,22,1878,186,6
57,Seedskit,DPS,Strength-based,52,40,34,5,23,1943,188,6
58,Seedskit,DPS,Strength-based,53,41,34,5,23,1993,191,6
59,Seedskit,DPS,Strength-based,54,41,35,5,24,2060,194,6
60,Seedskit,DPS,Strength-based,55,42,35,5,24,2112,197,6
61,Seedskit,DPS,Strength-based,56,42,36,5,25,2182,200,6
62,Seedskit,DPS,Strength-based,56,43,37,5,26,2254,201,6
63,Seedskit,DPS,Strength-based,57,44,37,5,26,2308,204,6
64,Seedskit,DPS,Strength-based,58,44,39,5,26,2363,207,6
65,Seedskit,DPS,Strength-based,59,45,39,5,26,2419,210,6
66,Seedskit,DPS,Strength-based,60,46,39,5,27,2495,223,6
67,Seedskit,DPS,Strength-based,61,46,40,5,28,2572,227,7
68,Seedskit,DPS,Strength-based,62,47,40,5,28,2631,230,7
69,Seedskit,DPS,Strength-based,63,48,41,5,28,2690,233,7
70,Seedskit,DPS,Strength-based,63,49,42,5,29,2772,234,7
71,Seedskit,DPS,Strength-based,64,50,42,5,29,2834,237,7
72,Seedskit,DPS,Strength-based,65,50,43,5,30,2918,240,7
73,Seedskit,DPS,Strength-based,66,51,43,5,31,3003,243,7
74,Seedskit,DPS,Strength-based,67,51,44,5,31,3068,245,7
75,Seedskit,DPS,Strength-based,68,52,45,5,31,3133,249,7
76,Seedskit,DPS,Strength-based,69,53,45,5,31,3199,252,7
77,Seedskit,DPS,Strength-based,70,53,46,5,32,3289,268,7
78,Seedskit,DPS,Strength-based,71,54,46,5,33,3382,270,8
79,Seedskit,DPS,Strength-based,71,55,47,5,34,3477,272,8
80,Seedskit,DPS,Strength-based,72,56,47,5,34,3546,275,8
81,Seedskit,DPS,Strength-based,73,56,49,5,34,3618,277,8
82,Seedskit,DPS,Strength-based,74,57,49,5,34,3689,280,8
83,Seedskit,DPS,Strength-based,75,58,49,5,35,3789,283,8
84,Seedskit,DPS,Strength-based,76,58,50,5,36,3890,287,8
85,Seedskit,DPS,Strength-based,76,59,51,5,37,3994,288,8
86,Seedskit,DPS,Strength-based,77,60,51,5,38,4099,291,8
87,Seedskit,DPS,Strength-based,78,60,52,5,38,4177,294,8
88,Seedskit,DPS,Strength-based,79,61,53,5,38,4254,297,8
89,Seedskit,DPS,Strength-based,80,62,53,5,38,4333,314,9
90,Seedskit,DPS,Strength-based,81,63,54,5,38,4411,317,9
91,Seedskit,DPS,Strength-based,82,64,54,5,38,4491,320,9
92,Seedskit,DPS,Strength-based,83,64,55,5,39,4605,324,9
93,Seedskit,DPS,Strength-based,84,65,55,5,40,4720,326,9
94,Seedskit,DPS,Strength-based,84,66,56,5,41,4839,328,9
95,Seedskit,DPS,Strength-based,85,66,57,5,41,4923,331,9
96,Seedskit,DPS,Strength-based,86,67,58,5,41,5008,334,9
97,Seedskit,DPS,Strength-based,87,68,58,5,42,5130,336,9
98,Seedskit,DPS,Strength-based,88,68,59,5,42,5218,339,9
99,Seedskit,DPS,Strength-based,89,69,59,5,43,5343,342,9
100,Seedskit,DPS,Strength-based,90,70,60,5,43,5434,363,10
1,Rattlebit,Fighter,Strength-based,9,4,6,2,8,178,18,2
2,Rattlebit,Fighter,Strength-based,10,4,6,2,8,196,21,2
3,Rattlebit,Fighter,Strength-based,11,4,6,2,9,216,23,2
4,Rattlebit,Fighter,Strength-based,11,5,6,2,9,237,25,2
5,Rattlebit,Fighter,Strength-based,11,5,7,2,10,260,26,2
6,Rattlebit,Fighter,Strength-based,12,5,7,2,10,282,29,3
7,Rattlebit,Fighter,Strength-based,12,5,8,2,11,308,30,3
8,Rattlebit,Fighter,Strength-based,13,6,8,2,11,333,33,3
9,Rattlebit,Fighter,Strength-based,13,6,8,2,12,361,34,3
10,Rattlebit,Fighter,Strength-based,14,6,9,2,12,387,36,3
11,Rattlebit,Fighter,Strength-based,14,7,9,2,13,418,38,4
12,Rattlebit,Fighter,Strength-based,15,7,10,2,13,446,41,4
13,Rattlebit,Fighter,Strength-based,16,8,10,2,13,474,44,4
14,Rattlebit,Fighter,Strength-based,16,8,11,2,14,509,45,4
15,Rattlebit,Fighter,Strength-based,17,9,11,2,14,540,48,4
16,Rattlebit,Fighter,Strength-based,17,9,12,2,15,577,49,5
17,Rattlebit,Fighter,Strength-based,18,9,12,2,16,615,51,5
18,Rattlebit,Fighter,Strength-based,19,10,12,2,16,649,54,5
19,Rattlebit,Fighter,Strength-based,19,10,13,2,17,691,55,5
20,Rattlebit,Fighter,Strength-based,20,11,13,3,17,727,61,6
21,Rattlebit,Fighter,Strength-based,21,11,13,3,18,771,63,6
22,Rattlebit,Fighter,Strength-based,21,12,14,4,18,809,65,6
23,Rattlebit,Fighter,Strength-based,22,12,14,4,19,856,67,6
24,Rattlebit,Fighter,Strength-based,22,12,15,4,20,904,69,6
25,Rattlebit,Fighter,Strength-based,23,13,15,4,20,946,72,7
26,Rattlebit,Fighter,Strength-based,24,13,15,5,21,998,74,7
27,Rattlebit,Fighter,Strength-based,24,14,16,6,21,1041,76,7
28,Rattlebit,Fighter,Strength-based,25,14,16,6,22,1096,78,7
29,Rattlebit,Fighter,Strength-based,26,14,17,6,22,1143,81,7
30,Rattlebit,Fighter,Strength-based,26,15,17,7,23,1200,82,8
31,Rattlebit,Fighter,Strength-based,27,15,18,8,23,1249,85,8
32,Rattlebit,Fighter,Strength-based,28,15,18,8,24,1309,87,8
33,Rattlebit,Fighter,Strength-based,28,16,19,8,25,1372,88,8
34,Rattlebit,Fighter,Strength-based,29,17,19,9,25,1425,91,9
35,Rattlebit,Fighter,Strength-based,30,17,20,10,25,1477,99,9
36,Rattlebit,Fighter,Strength-based,30,18,21,10,26,1544,101,9
37,Rattlebit,Fighter,Strength-based,31,18,21,11,27,1614,103,9
38,Rattlebit,Fighter,Strength-based,32,19,21,11,27,1671,106,9
39,Rattlebit,Fighter,Strength-based,32,20,22,11,28,1743,107,10
40,Rattlebit,Fighter,Strength-based,33,20,22,11,29,1817,109,10
41,Rattlebit,Fighter,Strength-based,34,20,23,11,30,1892,112,10
42,Rattlebit,Fighter,Strength-based,35,21,23,12,30,1955,114,10
43,Rattlebit,Fighter,Strength-based,35,21,24,12,31,2035,116,10
44,Rattlebit,Fighter,Strength-based,36,22,24,12,32,2117,118,11
45,Rattlebit,Fighter,Strength-based,37,22,25,12,32,2183,122,11
46,Rattlebit,Fighter,Strength-based,38,23,25,12,33,2268,124,11
47,Rattlebit,Fighter,Strength-based,38,24,27,12,33,2338,125,11
48,Rattlebit,Fighter,Strength-based,39,24,27,12,34,2426,128,11
49,Rattlebit,Fighter,Strength-based,40,25,27,12,35,2517,137,12
50,Rattlebit,Fighter,Strength-based,41,25,28,12,35,2592,140,12
51,Rattlebit,Fighter,Strength-based,42,26,28,12,36,2686,142,12
52,Rattlebit,Fighter,Strength-based,42,27,29,12,37,2782,144,12
53,Rattlebit,Fighter,Strength-based,43,28,30,12,37,2860,147,13
54,Rattlebit,Fighter,Strength-based,44,28,30,12,38,2961,150,13
55,Rattlebit,Fighter,Strength-based,44,29,31,12,39,3063,151,13
56,Rattlebit,Fighter,Strength-based,45,29,32,12,40,3169,153,13
57,Rattlebit,Fighter,Strength-based,46,31,32,12,40,3253,156,13
58,Rattlebit,Fighter,Strength-based,47,31,32,12,41,3362,158,14
59,Rattlebit,Fighter,Strength-based,48,31,33,12,42,3473,161,14
60,Rattlebit,Fighter,Strength-based,48,32,33,12,43,3587,162,14
61,Rattlebit,Fighter,Strength-based,50,32,34,12,43,3677,175,14
62,Rattlebit,Fighter,Strength-based,50,33,35,12,44,3795,177,14
63,Rattlebit,Fighter,Strength-based,51,33,35,12,45,3916,179,15
64,Rattlebit,Fighter,Strength-based,52,34,36,12,45,4010,182,15
65,Rattlebit,Fighter,Strength-based,52,35,37,12,46,4136,183,15
66,Rattlebit,Fighter,Strength-based,53,35,37,12,47,4263,186,15
67,Rattlebit,Fighter,Strength-based,54,36,38,12,47,4362,188,16
68,Rattlebit,Fighter,Strength-based,55,37,38,12,48,4494,191,16
69,Rattlebit,Fighter,Strength-based,55,38,39,12,49,4627,192,16
70,Rattlebit,Fighter,Strength-based,56,38,39,12,50,4764,194,16
71,Rattlebit,Fighter,Strength-based,57,39,40,12,50,4872,198,16
72,Rattlebit,Fighter,Strength-based,58,39,41,12,51,5011,200,17
73,Rattlebit,Fighter,Strength-based,59,40,41,12,52,5155,203,17
74,Rattlebit,Fighter,Strength-based,59,41,43,12,52,5266,204,17
75,Rattlebit,Fighter,Strength-based,60,41,43,12,53,5416,218,17
76,Rattlebit,Fighter,Strength-based,61,42,43,12,54,5567,220,17
77,Rattlebit,Fighter,Strength-based,62,43,43,12,54,5682,223,18
78,Rattlebit,Fighter,Strength-based,63,43,44,12,55,5838,225,18
79,Rattlebit,Fighter,Strength-based,63,44,45,12,56,5996,227,18
80,Rattlebit,Fighter,Strength-based,64,44,45,12,57,6157,230,18
81,Rattlebit,Fighter,Strength-based,65,45,46,12,57,6281,232,18
82,Rattlebit,Fighter,Strength-based,66,46,46,12,58,6447,235,19
83,Rattlebit,Fighter,Strength-based,66,47,47,12,59,6617,236,19
84,Rattlebit,Fighter,Strength-based,67,48,48,12,59,6746,239,19
85,Rattlebit,Fighter,Strength-based,68,48,48,12,60,6920,241,19
86,Rattlebit,Fighter,Strength-based,69,48,49,12,61,7096,243,20
87,Rattlebit,Fighter,Strength-based,70,49,49,12,62,7275,259,20
88,Rattlebit,Fighter,Strength-based,71,50,50,12,62,7413,262,20
89,Rattlebit,Fighter,Strength-based,71,51,51,12,63,7597,264,20
90,Rattlebit,Fighter,Strength-based,72,51,51,12,64,7785,266,20
91,Rattlebit,Fighter,Strength-based,73,52,52,12,64,7927,269,21
92,Rattlebit,Fighter,Strength-based,74,52,52,12,65,8119,271,21
93,Rattlebit,Fighter,Strength-based,74,53,53,12,66,8314,272,21
94,Rattlebit,Fighter,Strength-based,75,54,53,12,67,8513,275,21
95,Rattlebit,Fighter,Strength-based,76,55,54,12,67,8663,277,21
96,Rattlebit,Fighter,Strength-based,77,55,54,12,68,8868,280,22
97,Rattlebit,Fighter,Strength-based,77,56,55,12,69,9075,282,22
98,Rattlebit,Fighter,Strength-based,78,57,56,12,69,9232,285,22
99,Rattlebit,Fighter,Strength-based,79,57,57,12,70,9445,287,22
100,Rattlebit,Fighter,Strength-based,80,58,57,12,71,9661,305,23
1,Squallcub,Fighter,Strength-based,9,3,7,2,8,178,18,2
2,Squallcub,Fighter,Strength-based,10,3,7,2,8,195,21,2
3,Squallcub,Fighter,Strength-based,11,3,7,2,9,216,24,2
4,Squallcub,Fighter,Strength-based,12,3,7,2,9,236,26,2
5,Squallcub,Fighter,Strength-based,13,3,7,2,9,258,29,2
6,Squallcub,Fighter,Strength-based,13,4,7,2,10,282,30,2
7,Squallcub,Fighter,Strength-based,14,4,7,2,10,304,33,3
8,Squallcub,Fighter,Strength-based,14,4,8,2,11,331,35,3
9,Squallcub,Fighter,Strength-based,15,4,9,2,11,356,37,3
10,Squallcub,Fighter,Strength-based,15,4,9,2,12,385,39,3
11,Squallcub,Fighter,Strength-based,16,4,10,2,12,412,42,3
12,Squallcub,Fighter,Strength-based,17,4,10,2,13,444,45,3
13,Squallcub,Fighter,Strength-based,18,5,10,2,13,472,48,4
14,Squallcub,Fighter,Strength-based,18,5,11,2,14,506,49,4
15,Squallcub,Fighter,Strength-based,19,6,11,2,14,536,52,4
16,Squallcub,Fighter,Strength-based,20,6,12,2,14,568,57,4
17,Squallcub,Fighter,Strength-based,21,6,12,2,15,606,60,4
18,Squallcub,Fighter,Strength-based,21,6,13,2,16,646,61,4
19,Squallcub,Fighter,Strength-based,22,7,13,2,16,680,64,5
20,Squallcub,Fighter,Strength-based,22,7,14,2,17,723,66,5
21,Squallcub,Fighter,Strength-based,23,7,14,2,18,765,68,5
22,Squallcub,Fighter,Strength-based,24,8,14,2,18,804,71,5
23,Squallcub,Fighter,Strength-based,25,8,14,2,19,850,73,5
24,Squallcub,Fighter,Strength-based,26,8,15,2,19,891,77,5
25,Squallcub,Fighter,Strength-based,26,9,16,2,20,939,79,6
26,Squallcub,Fighter,Strength-based,27,9,16,2,21,990,81,6
27,Squallcub,Fighter,Strength-based,28,10,17,2,21,1034,84,6
28,Squallcub,Fighter,Strength-based,29,10,17,2,22,1088,86,6
29,Squallcub,Fighter,Strength-based,30,10,18,2,22,1134,94,6
30,Squallcub,Fighter,Strength-based,31,10,18,2,23,1191,96,6
31,Squallcub,Fighter,Strength-based,31,11,19,2,24,1249,98,7
32,Squallcub,Fighter,Strength-based,32,11,20,3,24,1299,102,7
33,Squallcub,Fighter,Strength-based,33,11,20,3,25,1361,104,7
34,Squallcub,Fighter,Strength-based,34,12,20,3,25,1413,107,7
35,Squallcub,Fighter,Strength-based,34,13,21,3,26,1477,108,7
36,Squallcub,Fighter,Strength-based,35,13,21,3,27,1544,111,8
37,Squallcub,Fighter,Strength-based,36,13,22,4,27,1600,114,8
38,Squallcub,Fighter,Strength-based,37,13,22,4,28,1670,116,8
39,Squallcub,Fighter,Strength-based,37,14,23,4,29,1742,118,8
40,Squallcub,Fighter,Strength-based,38,14,23,4,30,1816,120,8
41,Squallcub,Fighter,Strength-based,39,15,24,4,30,1877,123,8
42,Squallcub,Fighter,Strength-based,40,15,24,5,31,1954,133,9
43,Squallcub,Fighter,Strength-based,41,15,25,6,31,2018,136,9
44,Squallcub,Fighter,Strength-based,42,15,25,6,32,2098,139,9
45,Squallcub,Fighter,Strength-based,42,16,27,6,32,2166,140,9
46,Squallcub,Fighter,Strength-based,43,16,27,6,33,2250,143,9
47,Squallcub,Fighter,Strength-based,44,16,27,7,34,2335,145,9
48,Squallcub,Fighter,Strength-based,45,18,27,7,34,2406,148,10
49,Squallcub,Fighter,Strength-based,45,19,28,7,35,2496,150,10
50,Squallcub,Fighter,Strength-based,46,19,28,7,36,2589,152,10
51,Squallcub,Fighter,Strength-based,47,19,30,7,36,2662,156,10
52,Squallcub,Fighter,Strength-based,48,19,30,8,37,2759,158,10
53,Squallcub,Fighter,Strength-based,49,19,30,9,38,2857,161,10
54,Squallcub,Fighter,Strength-based,50,20,31,9,38,2936,173,11
55,Squallcub,Fighter,Strength-based,51,20,31,10,39,3038,175,11
56,Squallcub,Fighter,Strength-based,51,21,32,10,40,3143,177,11
57,Squallcub,Fighter,Strength-based,52,21,32,11,41,3248,179,11
58,Squallcub,Fighter,Strength-based,53,21,33,11,41,3333,182,11
59,Squallcub,Fighter,Strength-based,54,22,33,11,42,3444,184,11
60,Squallcub,Fighter,Strength-based,55,22,34,11,42,3531,187,12
61,Squallcub,Fighter,Strength-based,55,23,35,11,43,3646,190,12
62,Squallcub,Fighter,Strength-based,56,24,35,11,44,3764,192,12
63,Squallcub,Fighter,Strength-based,57,24,36,11,44,3856,195,12
64,Squallcub,Fighter,Strength-based,58,24,37,11,45,3977,197,12
65,Squallcub,Fighter,Strength-based,59,24,37,11,46,4101,200,12
66,Squallcub,Fighter,Strength-based,60,25,38,11,46,4197,214,13
67,Squallcub,Fighter,Strength-based,61,25,39,11,47,4324,216,13
68,Squallcub,Fighter,Strength-based,62,25,39,11,48,4454,219,13
69,Squallcub,Fighter,Strength-based,63,26,39,11,49,4587,221,13
70,Squallcub,Fighter,Strength-based,63,27,40,11,50,4723,224,13
71,Squallcub,Fighter,Strength-based,64,28,41,11,50,4828,227,14
72,Squallcub,Fighter,Strength-based,65,29,41,11,51,4969,229,14
73,Squallcub,Fighter,Strength-based,66,29,42,11,51,5078,232,14
74,Squallcub,Fighter,Strength-based,67,30,42,11,52,5221,234,14
75,Squallcub,Fighter,Strength-based,67,31,43,11,53,5368,236,14
76,Squallcub,Fighter,Strength-based,69,31,43,11,53,5481,239,14
77,Squallcub,Fighter,Strength-based,70,31,44,11,54,5633,255,15
78,Squallcub,Fighter,Strength-based,70,32,45,11,55,5787,258,15
79,Squallcub,Fighter,Strength-based,71,32,45,11,56,5945,260,15
80,Squallcub,Fighter,Strength-based,72,32,47,11,56,6065,263,15
81,Squallcub,Fighter,Strength-based,73,32,47,11,57,6226,265,15
82,Squallcub,Fighter,Strength-based,74,33,47,11,58,6391,268,15
83,Squallcub,Fighter,Strength-based,75,34,48,11,58,6517,271,16
84,Squallcub,Fighter,Strength-based,76,34,48,11,59,6687,273,16
85,Squallcub,Fighter,Strength-based,77,34,49,11,60,6859,276,16
86,Squallcub,Fighter,Strength-based,77,35,50,11,61,7034,278,16
87,Squallcub,Fighter,Strength-based,78,36,50,11,62,7212,281,16
88,Squallcub,Fighter,Strength-based,79,37,51,11,62,7346,283,16
89,Squallcub,Fighter,Strength-based,80,37,51,11,63,7530,301,17
90,Squallcub,Fighter,Strength-based,81,37,53,11,63,7669,304,17
91,Squallcub,Fighter,Strength-based,82,37,53,11,64,7857,306,17
92,Squallcub,Fighter,Strength-based,83,38,53,11,65,8048,309,17
93,Squallcub,Fighter,Strength-based,83,39,54,11,66,8241,310,17
94,Squallcub,Fighter,Strength-based,85,39,54,11,66,8389,314,17
95,Squallcub,Fighter,Strength-based,85,40,55,11,67,8588,317,18
96,Squallcub,Fighter,Strength-based,86,40,56,11,68,8789,319,18
97,Squallcub,Fighter,Strength-based,87,41,56,11,69,8995,322,18
98,Squallcub,Fighter,Strength-based,88,41,57,11,69,9149,324,18
99,Squallcub,Fighter,Strength-based,89,42,57,11,70,9361,327,18
100,Squallcub,Fighter,Strength-based,90,42,58,11,71,9576,347,19
1,Pinstitch,DPS,Dex-Based,1,8,9,3,8,151,17,1
2,Pinstitch,DPS,Dex-Based,1,8,10,3,8,163,20,1
3,Pinstitch,DPS,Dex-Based,1,8,11,3,9,177,22,1
4,Pinstitch,DPS,Dex-Based,1,8,12,3,9,191,25,1
5,Pinstitch,DPS,Dex-Based,1,8,13,3,9,206,27,1
6,Pinstitch,DPS,Dex-Based,1,8,14,3,9,221,30,1
7,Pinstitch,DPS,Dex-Based,1,8,15,3,10,239,32,1
8,Pinstitch,DPS,Dex-Based,1,8,16,3,10,255,35,1
9,Pinstitch,DPS,Dex-Based,1,9,17,3,10,272,37,1
10,Pinstitch,DPS,Dex-Based,1,9,18,3,10,290,40,2
11,Pinstitch,DPS,Dex-Based,1,11,18,3,11,310,41,2
12,Pinstitch,DPS,Dex-Based,1,11,19,4,11,329,44,2
13,Pinstitch,DPS,Dex-Based,1,11,20,5,11,349,49,2
14,Pinstitch,DPS,Dex-Based,1,11,20,6,12,372,51,2
15,Pinstitch,DPS,Dex-Based,1,11,21,7,12,394,53,2
16,Pinstitch,DPS,Dex-Based,1,11,22,8,12,415,56,2
17,Pinstitch,DPS,Dex-Based,1,12,22,8,13,441,57,2
18,Pinstitch,DPS,Dex-Based,1,12,23,9,13,464,60,3
19,Pinstitch,DPS,Dex-Based,1,13,23,9,14,492,61,3
20,Pinstitch,DPS,Dex-Based,1,13,24,10,14,516,64,3
21,Pinstitch,DPS,Dex-Based,1,14,25,10,14,541,66,3
22,Pinstitch,DPS,Dex-Based,1,14,26,10,15,571,69,3
23,Pinstitch,DPS,Dex-Based,1,15,26,10,16,603,70,3
24,Pinstitch,DPS,Dex-Based,1,15,28,10,16,631,74,3
25,Pinstitch,DPS,Dex-Based,1,16,28,10,17,664,75,3
26,Pinstitch,DPS,Dex-Based,1,17,29,11,17,692,78,4
27,Pinstitch,DPS,Dex-Based,1,17,30,11,18,728,85,4
28,Pinstitch,DPS,Dex-Based,1,18,31,11,18,758,88,4
29,Pinstitch,DPS,Dex-Based,1,19,31,11,20,802,89,4
30,Pinstitch,DPS,Dex-Based,1,20,32,11,20,835,92,4
31,Pinstitch,DPS,Dex-Based,1,20,33,11,21,874,94,4
32,Pinstitch,DPS,Dex-Based,1,21,34,12,21,908,97,4
33,Pinstitch,DPS,Dex-Based,1,21,35,12,22,950,99,4
34,Pinstitch,DPS,Dex-Based,1,22,36,12,22,985,102,5
35,Pinstitch,DPS,Dex-Based,1,22,37,12,23,1029,104,5
36,Pinstitch,DPS,Dex-Based,1,23,38,12,23,1066,106,5
37,Pinstitch,DPS,Dex-Based,1,24,38,13,24,1113,108,5
38,Pinstitch,DPS,Dex-Based,1,24,39,13,25,1161,110,5
39,Pinstitch,DPS,Dex-Based,1,25,40,13,25,1200,120,5
40,Pinstitch,DPS,Dex-Based,1,25,41,13,26,1249,122,5
41,Pinstitch,DPS,Dex-Based,1,26,42,13,27,1301,125,5
42,Pinstitch,DPS,Dex-Based,1,27,43,13,27,1343,127,5
43,Pinstitch,DPS,Dex-Based,1,28,43,13,29,1408,129,6
44,Pinstitch,DPS,Dex-Based,1,29,44,13,29,1452,131,6
45,Pinstitch,DPS,Dex-Based,1,29,45,13,30,1509,134,6
46,Pinstitch,DPS,Dex-Based,1,30,46,13,31,1566,136,6
47,Pinstitch,DPS,Dex-Based,1,31,47,13,31,1613,139,6
48,Pinstitch,DPS,Dex-Based,1,32,48,13,31,1661,141,6
49,Pinstitch,DPS,Dex-Based,1,32,49,13,32,1722,144,6
50,Pinstitch,DPS,Dex-Based,1,33,50,13,33,1786,155,6
51,Pinstitch,DPS,Dex-Based,1,34,51,13,33,1836,158,7
52,Pinstitch,DPS,Dex-Based,1,34,52,13,34,1901,160,7
53,Pinstitch,DPS,Dex-Based,1,36,52,13,35,1968,162,7
54,Pinstitch,DPS,Dex-Based,1,36,53,13,36,2037,164,7
55,Pinstitch,DPS,Dex-Based,1,37,54,13,36,2091,167,7
56,Pinstitch,DPS,Dex-Based,1,38,55,13,37,2163,169,7
57,Pinstitch,DPS,Dex-Based,1,38,56,13,38,2235,172,7
58,Pinstitch,DPS,Dex-Based,1,39,57,13,38,2292,174,7
59,Pinstitch,DPS,Dex-Based,1,40,58,13,39,2368,177,8
60,Pinstitch,DPS,Dex-Based,1,40,59,13,40,2445,179,8
61,Pinstitch,DPS,Dex-Based,1,41,60,13,41,2523,193,8
62,Pinstitch,DPS,Dex-Based,1,42,61,13,41,2585,195,8
63,Pinstitch,DPS,Dex-Based,1,43,61,13,43,2685,197,8
64,Pinstitch,DPS,Dex-Based,1,44,62,13,43,2749,199,8
65,Pinstitch,DPS,Dex-Based,1,44,64,13,43,2815,203,8
66,Pinstitch,DPS,Dex-Based,1,45,64,13,44,2901,204,8
67,Pinstitch,DPS,Dex-Based,1,46,65,13,45,2988,207,9
68,Pinstitch,DPS,Dex-Based,1,47,66,13,45,3056,209,9
69,Pinstitch,DPS,Dex-Based,1,47,67,13,46,3147,211,9
70,Pinstitch,DPS,Dex-Based,1,48,68,13,47,3239,214,9
71,Pinstitch,DPS,Dex-Based,1,49,69,13,47,3311,216,9
72,Pinstitch,DPS,Dex-Based,1,50,70,13,48,3406,232,9
73,Pinstitch,DPS,Dex-Based,1,50,71,13,49,3504,234,9
74,Pinstitch,DPS,Dex-Based,1,52,71,13,50,3603,236,9
75,Pinstitch,DPS,Dex-Based,1,52,73,13,50,3679,239,9
76,Pinstitch,DPS,Dex-Based,1,53,73,13,51,3782,241,10
77,Pinstitch,DPS,Dex-Based,1,54,74,13,52,3886,243,10
78,Pinstitch,DPS,Dex-Based,1,54,75,13,53,3991,246,10
79,Pinstitch,DPS,Dex-Based,1,55,76,13,53,4072,248,10
80,Pinstitch,DPS,Dex-Based,1,56,77,13,53,4155,251,10
81,Pinstitch,DPS,Dex-Based,1,57,78,13,54,4265,253,10
82,Pinstitch,DPS,Dex-Based,1,57,79,13,55,4377,256,10
83,Pinstitch,DPS,Dex-Based,1,58,80,13,56,4491,273,10
84,Pinstitch,DPS,Dex-Based,1,59,81,13,56,4578,276,11
85,Pinstitch,DPS,Dex-Based,1,60,81,13,58,4725,277,11
86,Pinstitch,DPS,Dex-Based,1,61,82,13,58,4815,280,11
87,Pinstitch,DPS,Dex-Based,1,62,83,13,59,4938,282,11
88,Pinstitch,DPS,Dex-Based,1,62,84,13,60,5060,285,11
89,Pinstitch,DPS,Dex-Based,1,63,85,13,60,5155,287,11
90,Pinstitch,DPS,Dex-Based,1,64,86,13,61,5282,290,11
91,Pinstitch,DPS,Dex-Based,1,65,87,13,61,5377,292,11
92,Pinstitch,DPS,Dex-Based,1,65,88,13,62,5508,295,12
93,Pinstitch,DPS,Dex-Based,1,66,89,13,63,5641,297,12
94,Pinstitch,DPS,Dex-Based,1,67,89,13,64,5776,299,12
95,Pinstitch,DPS,Dex-Based,1,68,90,13,65,5911,318,12
96,Pinstitch,DPS,Dex-Based,1,69,91,13,65,6015,321,12
97,Pinstitch,DPS,Dex-Based,1,70,92,13,66,6155,323,12
98,Pinstitch,DPS,Dex-Based,1,70,93,13,67,6297,326,12
99,Pinstitch,DPS,Dex-Based,1,71,94,13,67,6404,328,12
100,Pinstitch,DPS,Dex-Based,1,72,95,13,68,6552,331,13
1,Thornmaw,Fighter / Tank,Strength-based,9,3,6,2,9,196,18,3
2,Thornmaw,Fighter / Tank,Strength-based,10,3,6,2,9,218,21,3
3,Thornmaw,Fighter / Tank,Strength-based,11,3,6,2,10,243,24,3
4,Thornmaw,Fighter / Tank,Strength-based,11,3,6,2,11,269,25,3
5,Thornmaw,Fighter / Tank,Strength-based,12,3,6,2,11,296,28,4
6,Thornmaw,Fighter / Tank,Strength-based,12,3,7,2,12,325,29,4
7,Thornmaw,Fighter / Tank,Strength-based,13,3,7,2,12,353,32,4
8,Thornmaw,Fighter / Tank,Strength-based,13,3,8,2,13,386,34,4
9,Thornmaw,Fighter / Tank,Strength-based,14,3,8,2,13,416,36,5
10,Thornmaw,Fighter / Tank,Strength-based,14,3,9,2,14,452,38,5
11,Thornmaw,Fighter / Tank,Strength-based,15,3,9,3,14,485,40,5
12,Thornmaw,Fighter / Tank,Strength-based,15,3,10,3,15,523,43,6
13,Thornmaw,Fighter / Tank,Strength-based,16,4,10,3,15,558,46,6
14,Thornmaw,Fighter / Tank,Strength-based,16,4,11,3,16,600,47,6
15,Thornmaw,Fighter / Tank,Strength-based,17,4,11,4,16,638,50,6
16,Thornmaw,Fighter / Tank,Strength-based,18,4,11,4,17,683,52,7
17,Thornmaw,Fighter / Tank,Strength-based,19,4,11,4,18,729,55,7
18,Thornmaw,Fighter / Tank,Strength-based,20,4,11,4,19,778,60,7
19,Thornmaw,Fighter / Tank,Strength-based,21,4,11,4,20,828,63,8
20,Thornmaw,Fighter / Tank,Strength-based,21,4,12,4,21,879,65,8
21,Thornmaw,Fighter / Tank,Strength-based,22,4,13,4,21,925,67,8
22,Thornmaw,Fighter / Tank,Strength-based,22,4,14,4,22,982,69,8
23,Thornmaw,Fighter / Tank,Strength-based,23,4,15,4,22,1030,72,9
24,Thornmaw,Fighter / Tank,Strength-based,23,5,15,4,23,1089,74,9
25,Thornmaw,Fighter / Tank,Strength-based,24,5,15,4,24,1150,77,9
26,Thornmaw,Fighter / Tank,Strength-based,26,5,15,4,24,1204,80,10
27,Thornmaw,Fighter / Tank,Strength-based,27,5,15,4,25,1267,83,10
28,Thornmaw,Fighter / Tank,Strength-based,28,5,15,4,26,1334,85,10
29,Thornmaw,Fighter / Tank,Strength-based,29,5,15,4,27,1403,88,10
30,Thornmaw,Fighter / Tank,Strength-based,30,5,15,4,28,1473,95,11
31,Thornmaw,Fighter / Tank,Strength-based,31,5,15,4,29,1546,98,11
32,Thornmaw,Fighter / Tank,Strength-based,31,5,17,4,30,1622,100,11
33,Thornmaw,Fighter / Tank,Strength-based,32,5,17,4,31,1699,102,12
34,Thornmaw,Fighter / Tank,Strength-based,33,5,18,4,31,1765,105,12
35,Thornmaw,Fighter / Tank,Strength-based,34,5,18,4,32,1846,107,12
36,Thornmaw,Fighter / Tank,Strength-based,35,5,18,4,33,1929,110,12
37,Thornmaw,Fighter / Tank,Strength-based,35,6,19,4,34,2015,112,13
38,Thornmaw,Fighter / Tank,Strength-based,36,6,19,4,35,2104,114,13
39,Thornmaw,Fighter / Tank,Strength-based,37,6,20,5,35,2178,118,13
40,Thornmaw,Fighter / Tank,Strength-based,38,6,20,5,36,2271,120,14
41,Thornmaw,Fighter / Tank,Strength-based,38,7,21,5,37,2365,122,14
42,Thornmaw,Fighter / Tank,Strength-based,39,7,21,6,38,2463,125,14
43,Thornmaw,Fighter / Tank,Strength-based,40,7,21,6,39,2561,134,14
44,Thornmaw,Fighter / Tank,Strength-based,41,8,22,6,39,2645,137,15
45,Thornmaw,Fighter / Tank,Strength-based,42,8,22,6,40,2749,139,15
46,Thornmaw,Fighter / Tank,Strength-based,42,8,24,6,41,2856,141,15
47,Thornmaw,Fighter / Tank,Strength-based,43,8,24,6,42,2964,143,16
48,Thornmaw,Fighter / Tank,Strength-based,44,8,24,6,43,3077,146,16
49,Thornmaw,Fighter / Tank,Strength-based,45,8,24,6,44,3191,149,16
50,Thornmaw,Fighter / Tank,Strength-based,46,9,25,6,44,3286,152,16
51,Thornmaw,Fighter / Tank,Strength-based,47,9,25,6,45,3404,155,17
52,Thornmaw,Fighter / Tank,Strength-based,47,9,27,6,46,3525,156,17
53,Thornmaw,Fighter / Tank,Strength-based,48,9,27,6,47,3651,159,17
54,Thornmaw,Fighter / Tank,Strength-based,49,9,27,7,48,3778,162,17
55,Thornmaw,Fighter / Tank,Strength-based,50,9,27,7,49,3908,173,18
56,Thornmaw,Fighter / Tank,Strength-based,51,9,29,7,49,4014,176,18
57,Thornmaw,Fighter / Tank,Strength-based,52,10,29,7,50,4149,178,18
58,Thornmaw,Fighter / Tank,Strength-based,53,10,29,7,51,4286,181,19
59,Thornmaw,Fighter / Tank,Strength-based,53,10,31,7,52,4427,183,19
60,Thornmaw,Fighter / Tank,Strength-based,54,10,31,7,53,4571,186,19
61,Thornmaw,Fighter / Tank,Strength-based,55,10,31,7,54,4717,189,19
62,Thornmaw,Fighter / Tank,Strength-based,56,11,31,7,55,4867,191,20
63,Thornmaw,Fighter / Tank,Strength-based,57,12,32,7,55,4987,194,20
64,Thornmaw,Fighter / Tank,Strength-based,58,12,32,7,56,5141,196,20
65,Thornmaw,Fighter / Tank,Strength-based,59,12,32,8,57,5300,199,21
66,Thornmaw,Fighter / Tank,Strength-based,60,13,33,8,57,5425,213,21
67,Thornmaw,Fighter / Tank,Strength-based,61,13,33,9,58,5590,215,21
68,Thornmaw,Fighter / Tank,Strength-based,61,13,35,9,59,5755,218,21
69,Thornmaw,Fighter / Tank,Strength-based,62,13,35,9,60,5924,220,22
70,Thornmaw,Fighter / Tank,Strength-based,63,13,35,10,61,6097,223,22
71,Thornmaw,Fighter / Tank,Strength-based,64,13,35,10,62,6272,226,22
72,Thornmaw,Fighter / Tank,Strength-based,65,13,37,10,62,6411,228,23
73,Thornmaw,Fighter / Tank,Strength-based,66,13,37,10,63,6593,231,23
74,Thornmaw,Fighter / Tank,Strength-based,67,13,37,11,64,6778,233,23
75,Thornmaw,Fighter / Tank,Strength-based,67,14,38,11,65,6966,235,23
76,Thornmaw,Fighter / Tank,Strength-based,68,15,38,11,66,7157,237,24
77,Thornmaw,Fighter / Tank,Strength-based,69,15,40,11,66,7308,241,24
78,Thornmaw,Fighter / Tank,Strength-based,70,15,40,11,67,7506,257,24
79,Thornmaw,Fighter / Tank,Strength-based,71,16,40,11,68,7706,259,25
80,Thornmaw,Fighter / Tank,Strength-based,72,16,40,11,69,7910,262,25
81,Thornmaw,Fighter / Tank,Strength-based,72,16,41,11,71,8165,263,25
82,Thornmaw,Fighter / Tank,Strength-based,73,17,42,11,71,8329,266,25
83,Thornmaw,Fighter / Tank,Strength-based,74,17,42,11,72,8543,269,26
84,Thornmaw,Fighter / Tank,Strength-based,75,17,42,11,73,8762,271,26
85,Thornmaw,Fighter / Tank,Strength-based,76,17,44,11,73,8931,274,26
86,Thornmaw,Fighter / Tank,Strength-based,77,17,44,11,74,9155,276,27
87,Thornmaw,Fighter / Tank,Strength-based,78,17,44,11,75,9383,279,27
88,Thornmaw,Fighter / Tank,Strength-based,79,17,45,11,76,9614,282,27
89,Thornmaw,Fighter / Tank,Strength-based,80,17,45,11,77,9850,300,27
90,Thornmaw,Fighter / Tank,Strength-based,80,17,47,11,78,10089,302,28
91,Thornmaw,Fighter / Tank,Strength-based,81,17,47,11,79,10331,304,28
92,Thornmaw,Fighter / Tank,Strength-based,82,17,48,11,80,10578,307,28
93,Thornmaw,Fighter / Tank,Strength-based,83,17,48,11,81,10829,309,29
94,Thornmaw,Fighter / Tank,Strength-based,84,17,48,11,82,11081,312,29
95,Thornmaw,Fighter / Tank,Strength-based,85,17,50,11,82,11278,316,29
96,Thornmaw,Fighter / Tank,Strength-based,86,17,50,11,83,11539,318,29
97,Thornmaw,Fighter / Tank,Strength-based,87,17,51,11,84,11803,321,30
98,Thornmaw,Fighter / Tank,Strength-based,88,17,51,11,85,12073,323,30
99,Thornmaw,Fighter / Tank,Strength-based,89,17,51,11,86,12344,326,30
100,Thornmaw,Fighter / Tank,Strength-based,90,17,52,11,87,12622,346,31
1,Amberkite,DPS,Int-Based,1,6,4,9,9,152,4,1
2,Amberkite,DPS,Int-Based,1,6,4,10,9,163,4,1
3,Amberkite,DPS,Int-Based,1,6,4,11,10,177,4,1
4,Amberkite,DPS,Int-Based,1,6,4,12,10,189,4,1
5,Amberkite,DPS,Int-Based,1,6,4,13,10,202,5,1
6,Amberkite,DPS,Int-Based,1,6,4,14,10,215,5,1
7,Amberkite,DPS,Int-Based,1,6,4,15,11,231,5,1
8,Amberkite,DPS,Int-Based,1,6,4,16,11,247,5,1
9,Amberkite,DPS,Int-Based,1,7,4,17,11,261,6,1
10,Amberkite,DPS,Int-Based,1,7,4,18,11,278,6,1
11,Amberkite,DPS,Int-Based,1,7,4,19,12,296,6,1
12,Amberkite,DPS,Int-Based,1,8,4,20,12,314,7,1
13,Amberkite,DPS,Int-Based,1,9,4,21,12,331,7,1
14,Amberkite,DPS,Int-Based,1,10,4,21,13,352,7,2
15,Amberkite,DPS,Int-Based,1,10,4,22,13,371,7,2
16,Amberkite,DPS,Int-Based,1,10,4,23,14,394,8,2
17,Amberkite,DPS,Int-Based,1,11,4,24,14,414,8,2
18,Amberkite,DPS,Int-Based,1,11,4,24,16,443,8,2
19,Amberkite,DPS,Int-Based,1,11,5,25,16,465,9,2
20,Amberkite,DPS,Int-Based,1,11,6,26,16,487,10,2
21,Amberkite,DPS,Int-Based,1,11,6,27,17,513,10,2
22,Amberkite,DPS,Int-Based,1,12,6,28,17,537,10,2
23,Amberkite,DPS,Int-Based,1,12,6,29,18,566,11,2
24,Amberkite,DPS,Int-Based,1,13,6,29,19,596,11,2
25,Amberkite,DPS,Int-Based,1,13,6,30,20,626,11,2
26,Amberkite,DPS,Int-Based,1,14,7,31,20,652,11,3
27,Amberkite,DPS,Int-Based,1,14,7,32,21,684,12,3
28,Amberkite,DPS,Int-Based,1,15,7,33,21,712,12,3
29,Amberkite,DPS,Int-Based,1,16,7,33,22,747,12,3
30,Amberkite,DPS,Int-Based,1,16,7,34,23,783,12,3
31,Amberkite,DPS,Int-Based,1,16,7,35,24,819,13,3
32,Amberkite,DPS,Int-Based,1,17,7,36,24,850,13,3
33,Amberkite,DPS,Int-Based,1,17,7,37,25,888,13,3
34,Amberkite,DPS,Int-Based,1,18,8,38,25,921,14,3
35,Amberkite,DPS,Int-Based,1,18,8,39,26,961,14,3
36,Amberkite,DPS,Int-Based,1,19,9,40,26,995,14,3
37,Amberkite,DPS,Int-Based,1,19,9,41,27,1037,14,3
38,Amberkite,DPS,Int-Based,1,21,9,41,28,1081,15,3
39,Amberkite,DPS,Int-Based,1,21,9,42,29,1126,15,4
40,Amberkite,DPS,Int-Based,1,21,9,43,30,1172,15,4
41,Amberkite,DPS,Int-Based,1,22,10,44,30,1210,16,4
42,Amberkite,DPS,Int-Based,1,22,10,45,31,1257,17,4
43,Amberkite,DPS,Int-Based,1,23,11,46,31,1296,17,4
44,Amberkite,DPS,Int-Based,1,23,11,47,32,1347,17,4
45,Amberkite,DPS,Int-Based,1,24,11,47,33,1399,18,4
46,Amberkite,DPS,Int-Based,1,24,11,49,33,1441,18,4
47,Amberkite,DPS,Int-Based,1,25,11,49,35,1506,18,4
48,Amberkite,DPS,Int-Based,1,26,11,50,35,1549,18,4
49,Amberkite,DPS,Int-Based,1,26,12,51,36,1606,19,4
50,Amberkite,DPS,Int-Based,1,27,12,52,36,1652,19,4
51,Amberkite,DPS,Int-Based,1,27,12,53,37,1711,19,5
52,Amberkite,DPS,Int-Based,1,29,12,54,37,1757,19,5
53,Amberkite,DPS,Int-Based,1,29,12,55,38,1818,20,5
54,Amberkite,DPS,Int-Based,1,29,12,56,39,1880,20,5
55,Amberkite,DPS,Int-Based,1,31,12,56,40,1944,20,5
56,Amberkite,DPS,Int-Based,1,31,13,57,41,2009,21,5
57,Amberkite,DPS,Int-Based,1,31,13,59,41,2061,21,5
58,Amberkite,DPS,Int-Based,1,32,14,59,42,2130,21,5
59,Amberkite,DPS,Int-Based,1,32,14,60,43,2197,21,5
60,Amberkite,DPS,Int-Based,1,33,15,61,43,2253,23,5
61,Amberkite,DPS,Int-Based,1,33,15,62,44,2324,23,5
62,Amberkite,DPS,Int-Based,1,34,16,63,44,2381,23,5
63,Amberkite,DPS,Int-Based,1,34,16,64,45,2454,23,6
64,Amberkite,DPS,Int-Based,1,36,16,64,46,2530,24,6
65,Amberkite,DPS,Int-Based,1,36,16,65,47,2607,24,6
66,Amberkite,DPS,Int-Based,1,36,16,67,47,2668,24,6
67,Amberkite,DPS,Int-Based,1,37,16,67,49,2766,25,6
68,Amberkite,DPS,Int-Based,1,38,17,68,49,2829,25,6
69,Amberkite,DPS,Int-Based,1,38,18,69,50,2913,25,6
70,Amberkite,DPS,Int-Based,1,39,19,70,50,2977,25,6
71,Amberkite,DPS,Int-Based,1,39,20,71,51,3062,27,6
72,Amberkite,DPS,Int-Based,1,40,21,72,51,3128,27,6
73,Amberkite,DPS,Int-Based,1,41,22,72,52,3217,27,6
74,Amberkite,DPS,Int-Based,1,41,22,73,53,3307,27,6
75,Amberkite,DPS,Int-Based,1,42,22,74,53,3376,28,6
76,Amberkite,DPS,Int-Based,1,43,22,75,54,3469,28,7
77,Amberkite,DPS,Int-Based,1,43,22,76,55,3563,28,7
78,Amberkite,DPS,Int-Based,1,43,22,77,56,3659,29,7
79,Amberkite,DPS,Int-Based,1,44,22,78,57,3758,29,7
80,Amberkite,DPS,Int-Based,1,45,22,79,57,3833,29,7
81,Amberkite,DPS,Int-Based,1,46,22,80,58,3934,29,7
82,Amberkite,DPS,Int-Based,1,46,22,81,59,4037,30,7
83,Amberkite,DPS,Int-Based,1,48,22,82,59,4114,30,7
84,Amberkite,DPS,Int-Based,1,48,22,83,60,4220,30,7
85,Amberkite,DPS,Int-Based,1,48,22,84,61,4327,30,7
86,Amberkite,DPS,Int-Based,1,49,22,85,62,4437,31,7
87,Amberkite,DPS,Int-Based,1,51,22,85,63,4547,31,7
88,Amberkite,DPS,Int-Based,1,51,22,86,64,4660,31,8
89,Amberkite,DPS,Int-Based,1,51,22,88,64,4746,32,8
90,Amberkite,DPS,Int-Based,1,53,22,88,65,4862,32,8
91,Amberkite,DPS,Int-Based,1,53,22,89,66,4980,32,8
92,Amberkite,DPS,Int-Based,1,53,22,90,67,5098,32,8
93,Amberkite,DPS,Int-Based,1,54,22,91,68,5219,33,8
94,Amberkite,DPS,Int-Based,1,55,22,92,68,5312,33,8
95,Amberkite,DPS,Int-Based,1,56,22,93,69,5436,33,8
96,Amberkite,DPS,Int-Based,1,56,22,94,70,5564,33,8
97,Amberkite,DPS,Int-Based,1,58,22,95,70,5659,34,8
98,Amberkite,DPS,Int-Based,1,58,22,96,71,5788,34,8
99,Amberkite,DPS,Int-Based,1,58,22,97,72,5920,34,8
100,Amberkite,DPS,Int-Based,1,59,22,98,73,6055,35,9
1,Cragbeak,Fighter,Dex-Based,1,7,9,3,9,179,17,3
2,Cragbeak,Fighter,Dex-Based,1,7,10,3,9,197,20,3
3,Cragbeak,Fighter,Dex-Based,1,7,11,3,10,216,22,3
4,Cragbeak,Fighter,Dex-Based,1,7,12,3,10,236,25,3
5,Cragbeak,Fighter,Dex-Based,1,7,12,3,11,258,26,3
6,Cragbeak,Fighter,Dex-Based,1,8,13,3,11,279,29,4
7,Cragbeak,Fighter,Dex-Based,1,8,13,3,12,304,30,4
8,Cragbeak,Fighter,Dex-Based,1,9,14,3,12,328,33,4
9,Cragbeak,Fighter,Dex-Based,1,9,15,3,12,351,35,4
10,Cragbeak,Fighter,Dex-Based,1,10,15,3,13,379,37,4
11,Cragbeak,Fighter,Dex-Based,1,11,16,3,13,405,39,5
12,Cragbeak,Fighter,Dex-Based,1,11,16,4,14,435,41,5
13,Cragbeak,Fighter,Dex-Based,1,11,17,5,14,462,43,5
14,Cragbeak,Fighter,Dex-Based,1,11,17,6,15,495,45,5
15,Cragbeak,Fighter,Dex-Based,1,11,18,7,15,525,47,5
16,Cragbeak,Fighter,Dex-Based,1,11,19,7,16,561,50,6
17,Cragbeak,Fighter,Dex-Based,1,11,20,7,17,597,55,6
18,Cragbeak,Fighter,Dex-Based,1,11,21,7,18,636,58,6
19,Cragbeak,Fighter,Dex-Based,1,12,21,7,19,674,59,6
20,Cragbeak,Fighter,Dex-Based,1,12,22,8,19,710,62,7
21,Cragbeak,Fighter,Dex-Based,1,12,23,8,20,752,64,7
22,Cragbeak,Fighter,Dex-Based,1,13,23,8,21,796,66,7
23,Cragbeak,Fighter,Dex-Based,1,13,25,8,21,833,69,7
24,Cragbeak,Fighter,Dex-Based,1,14,25,8,22,880,71,7
25,Cragbeak,Fighter,Dex-Based,1,15,26,8,22,921,73,8
26,Cragbeak,Fighter,Dex-Based,1,15,27,8,23,970,76,8
27,Cragbeak,Fighter,Dex-Based,1,15,28,8,24,1020,78,8
28,Cragbeak,Fighter,Dex-Based,1,16,28,8,25,1073,80,8
29,Cragbeak,Fighter,Dex-Based,1,17,29,9,25,1118,82,8
30,Cragbeak,Fighter,Dex-Based,1,17,30,9,26,1174,90,9
31,Cragbeak,Fighter,Dex-Based,1,18,31,9,26,1220,92,9
32,Cragbeak,Fighter,Dex-Based,1,19,31,9,28,1288,94,9
33,Cragbeak,Fighter,Dex-Based,1,20,32,9,28,1338,96,9
34,Cragbeak,Fighter,Dex-Based,1,20,33,9,29,1400,99,10
35,Cragbeak,Fighter,Dex-Based,1,20,34,9,30,1465,101,10
36,Cragbeak,Fighter,Dex-Based,1,21,35,9,30,1518,103,10
37,Cragbeak,Fighter,Dex-Based,1,22,36,9,31,1585,106,10
38,Cragbeak,Fighter,Dex-Based,1,22,37,9,32,1653,108,10
39,Cragbeak,Fighter,Dex-Based,1,23,37,9,33,1723,110,11
40,Cragbeak,Fighter,Dex-Based,1,24,38,9,33,1783,112,11
41,Cragbeak,Fighter,Dex-Based,1,24,39,9,34,1855,115,11
42,Cragbeak,Fighter,Dex-Based,1,25,40,9,35,1931,124,11
43,Cragbeak,Fighter,Dex-Based,1,25,41,9,36,2010,127,11
44,Cragbeak,Fighter,Dex-Based,1,26,42,9,36,2074,129,12
45,Cragbeak,Fighter,Dex-Based,1,28,42,9,37,2155,131,12
46,Cragbeak,Fighter,Dex-Based,1,28,43,9,38,2236,133,12
47,Cragbeak,Fighter,Dex-Based,1,28,44,9,39,2322,136,12
48,Cragbeak,Fighter,Dex-Based,1,30,45,9,39,2392,138,12
49,Cragbeak,Fighter,Dex-Based,1,30,46,9,40,2480,141,13
50,Cragbeak,Fighter,Dex-Based,1,30,47,9,41,2571,143,13
51,Cragbeak,Fighter,Dex-Based,1,32,47,9,42,2663,145,13
52,Cragbeak,Fighter,Dex-Based,1,32,48,9,43,2758,147,13
53,Cragbeak,Fighter,Dex-Based,1,33,49,9,43,2835,150,14
54,Cragbeak,Fighter,Dex-Based,1,33,50,9,44,2933,161,14
55,Cragbeak,Fighter,Dex-Based,1,34,51,9,45,3034,164,14
56,Cragbeak,Fighter,Dex-Based,1,34,52,9,46,3137,166,14
57,Cragbeak,Fighter,Dex-Based,1,35,53,9,46,3220,169,14
58,Cragbeak,Fighter,Dex-Based,1,36,53,9,48,3349,170,15
59,Cragbeak,Fighter,Dex-Based,1,37,54,9,48,3436,173,15
60,Cragbeak,Fighter,Dex-Based,1,37,55,9,49,3547,175,15
61,Cragbeak,Fighter,Dex-Based,1,38,56,9,50,3660,178,15
62,Cragbeak,Fighter,Dex-Based,1,39,57,9,50,3751,180,15
63,Cragbeak,Fighter,Dex-Based,1,40,58,9,51,3868,183,16
64,Cragbeak,Fighter,Dex-Based,1,40,59,9,52,3988,185,16
65,Cragbeak,Fighter,Dex-Based,1,41,60,9,52,4084,199,16
66,Cragbeak,Fighter,Dex-Based,1,42,61,9,53,4207,201,16
67,Cragbeak,Fighter,Dex-Based,1,42,62,9,54,4335,204,17
68,Cragbeak,Fighter,Dex-Based,1,43,62,9,55,4464,205,17
69,Cragbeak,Fighter,Dex-Based,1,45,63,9,55,4564,207,17
70,Cragbeak,Fighter,Dex-Based,1,45,64,9,56,4698,210,17
71,Cragbeak,Fighter,Dex-Based,1,45,65,9,57,4834,212,17
72,Cragbeak,Fighter,Dex-Based,1,46,65,9,59,5003,214,18
73,Cragbeak,Fighter,Dex-Based,1,47,66,9,59,5113,216,18
74,Cragbeak,Fighter,Dex-Based,1,47,67,9,60,5256,219,18
75,Cragbeak,Fighter,Dex-Based,1,48,68,9,61,5401,221,18
76,Cragbeak,Fighter,Dex-Based,1,49,69,9,61,5515,224,18
77,Cragbeak,Fighter,Dex-Based,1,50,70,9,62,5666,239,19
78,Cragbeak,Fighter,Dex-Based,1,50,71,9,63,5819,242,19
79,Cragbeak,Fighter,Dex-Based,1,51,72,9,63,5938,244,19
80,Cragbeak,Fighter,Dex-Based,1,52,73,9,64,6095,247,19
81,Cragbeak,Fighter,Dex-Based,1,53,73,9,65,6256,248,19
82,Cragbeak,Fighter,Dex-Based,1,53,74,9,66,6419,251,20
83,Cragbeak,Fighter,Dex-Based,1,54,75,9,67,6584,253,20
84,Cragbeak,Fighter,Dex-Based,1,55,76,9,67,6713,256,20
85,Cragbeak,Fighter,Dex-Based,1,55,77,9,68,6882,258,20
86,Cragbeak,Fighter,Dex-Based,1,56,78,9,69,7057,261,21
87,Cragbeak,Fighter,Dex-Based,1,58,78,9,70,7233,262,21
88,Cragbeak,Fighter,Dex-Based,1,58,79,9,71,7411,265,21
89,Cragbeak,Fighter,Dex-Based,1,60,80,9,71,7549,282,21
90,Cragbeak,Fighter,Dex-Based,1,60,81,9,72,7733,285,21
91,Cragbeak,Fighter,Dex-Based,1,60,82,9,73,7919,287,22
92,Cragbeak,Fighter,Dex-Based,1,62,83,9,73,8063,290,22
93,Cragbeak,Fighter,Dex-Based,1,62,84,9,74,8254,292,22
94,Cragbeak,Fighter,Dex-Based,1,62,85,9,75,8450,295,22
95,Cragbeak,Fighter,Dex-Based,1,64,85,9,76,8648,296,22
96,Cragbeak,Fighter,Dex-Based,1,64,86,9,77,8848,299,23
97,Cragbeak,Fighter,Dex-Based,1,65,87,9,77,9002,301,23
98,Cragbeak,Fighter,Dex-Based,1,66,88,9,78,9207,304,23
99,Cragbeak,Fighter,Dex-Based,1,66,89,9,79,9417,306,23
100,Cragbeak,Fighter,Dex-Based,1,67,90,9,80,9630,326,24
1,Gonglet,Tank / Supp,Int-Based,1,5,5,9,9,196,5,3
2,Gonglet,Tank / Supp,Int-Based,1,5,5,10,9,218,5,3
3,Gonglet,Tank / Supp,Int-Based,1,5,5,11,10,243,5,3
4,Gonglet,Tank / Supp,Int-Based,1,5,5,11,11,269,5,3
5,Gonglet,Tank / Supp,Int-Based,1,5,5,12,11,296,6,4
6,Gonglet,Tank / Supp,Int-Based,1,6,5,12,12,325,6,4
7,Gonglet,Tank / Supp,Int-Based,1,6,5,13,12,353,6,4
8,Gonglet,Tank / Supp,Int-Based,1,6,6,13,13,386,7,4
9,Gonglet,Tank / Supp,Int-Based,1,6,6,14,13,416,7,5
10,Gonglet,Tank / Supp,Int-Based,1,7,6,14,14,452,7,5
11,Gonglet,Tank / Supp,Int-Based,1,8,6,15,14,485,7,5
12,Gonglet,Tank / Supp,Int-Based,1,8,7,15,15,523,8,5
13,Gonglet,Tank / Supp,Int-Based,1,9,7,16,15,558,8,6
14,Gonglet,Tank / Supp,Int-Based,1,9,8,16,16,600,8,6
15,Gonglet,Tank / Supp,Int-Based,1,10,8,17,16,638,9,6
16,Gonglet,Tank / Supp,Int-Based,1,10,8,18,17,683,9,6
17,Gonglet,Tank / Supp,Int-Based,1,10,8,19,18,729,9,7
18,Gonglet,Tank / Supp,Int-Based,1,10,8,20,19,778,9,7
19,Gonglet,Tank / Supp,Int-Based,1,10,8,21,20,828,10,7
20,Gonglet,Tank / Supp,Int-Based,1,10,9,21,21,879,10,7
21,Gonglet,Tank / Supp,Int-Based,1,10,9,22,22,933,10,8
22,Gonglet,Tank / Supp,Int-Based,1,11,9,23,22,982,11,8
23,Gonglet,Tank / Supp,Int-Based,1,11,9,24,23,1039,11,8
24,Gonglet,Tank / Supp,Int-Based,1,12,9,24,24,1098,11,9
25,Gonglet,Tank / Supp,Int-Based,1,13,9,25,24,1150,12,9
26,Gonglet,Tank / Supp,Int-Based,1,13,9,26,25,1213,12,9
27,Gonglet,Tank / Supp,Int-Based,1,13,9,27,26,1277,12,9
28,Gonglet,Tank / Supp,Int-Based,1,13,9,28,27,1344,12,10
29,Gonglet,Tank / Supp,Int-Based,1,13,9,29,28,1414,13,10
30,Gonglet,Tank / Supp,Int-Based,1,13,9,30,29,1484,13,10
31,Gonglet,Tank / Supp,Int-Based,1,13,9,31,30,1558,13,10
32,Gonglet,Tank / Supp,Int-Based,1,13,9,32,31,1634,14,11
33,Gonglet,Tank / Supp,Int-Based,1,13,9,33,32,1712,14,11
34,Gonglet,Tank / Supp,Int-Based,1,14,9,33,33,1792,14,11
35,Gonglet,Tank / Supp,Int-Based,1,14,9,34,34,1874,14,11
36,Gonglet,Tank / Supp,Int-Based,1,14,9,35,35,1958,15,12
37,Gonglet,Tank / Supp,Int-Based,1,14,9,36,36,2045,15,12
38,Gonglet,Tank / Supp,Int-Based,1,14,9,37,37,2135,15,12
39,Gonglet,Tank / Supp,Int-Based,1,14,9,38,38,2227,16,12
40,Gonglet,Tank / Supp,Int-Based,1,14,9,39,39,2321,16,13
41,Gonglet,Tank / Supp,Int-Based,1,14,9,40,40,2417,16,13
42,Gonglet,Tank / Supp,Int-Based,1,14,10,41,41,2516,18,13
43,Gonglet,Tank / Supp,Int-Based,1,15,11,42,41,2598,18,14
44,Gonglet,Tank / Supp,Int-Based,1,15,12,42,42,2702,18,14
45,Gonglet,Tank / Supp,Int-Based,1,15,12,43,43,2808,18,14
46,Gonglet,Tank / Supp,Int-Based,1,15,12,44,44,2917,19,14
47,Gonglet,Tank / Supp,Int-Based,1,15,12,45,45,3027,19,15
48,Gonglet,Tank / Supp,Int-Based,1,15,12,46,46,3141,19,15
49,Gonglet,Tank / Supp,Int-Based,1,15,12,47,47,3257,20,15
50,Gonglet,Tank / Supp,Int-Based,1,15,12,48,48,3377,20,15
51,Gonglet,Tank / Supp,Int-Based,1,15,12,49,49,3498,20,16
52,Gonglet,Tank / Supp,Int-Based,1,16,12,50,50,3622,20,16
53,Gonglet,Tank / Supp,Int-Based,1,16,12,51,51,3750,21,16
54,Gonglet,Tank / Supp,Int-Based,1,16,12,52,52,3880,21,16
55,Gonglet,Tank / Supp,Int-Based,1,17,13,53,52,3986,21,17
56,Gonglet,Tank / Supp,Int-Based,1,17,13,54,53,4121,22,17
57,Gonglet,Tank / Supp,Int-Based,1,17,13,55,54,4259,22,17
58,Gonglet,Tank / Supp,Int-Based,1,17,13,56,55,4400,22,17
59,Gonglet,Tank / Supp,Int-Based,1,17,13,57,56,4544,22,18
60,Gonglet,Tank / Supp,Int-Based,1,17,13,58,57,4691,23,18
61,Gonglet,Tank / Supp,Int-Based,1,17,13,59,58,4839,23,18
62,Gonglet,Tank / Supp,Int-Based,1,17,13,60,59,4992,23,19
63,Gonglet,Tank / Supp,Int-Based,1,18,13,61,60,5148,24,19
64,Gonglet,Tank / Supp,Int-Based,1,18,13,62,61,5306,24,19
65,Gonglet,Tank / Supp,Int-Based,1,20,13,62,62,5469,24,19
66,Gonglet,Tank / Supp,Int-Based,1,20,13,63,63,5633,25,20
67,Gonglet,Tank / Supp,Int-Based,1,20,13,64,64,5802,25,20
68,Gonglet,Tank / Supp,Int-Based,1,20,13,65,65,5973,25,20
69,Gonglet,Tank / Supp,Int-Based,1,20,13,66,66,6146,25,20
70,Gonglet,Tank / Supp,Int-Based,1,20,13,67,67,6324,26,21
71,Gonglet,Tank / Supp,Int-Based,1,20,13,68,68,6504,26,21
72,Gonglet,Tank / Supp,Int-Based,1,21,13,69,69,6689,26,21
73,Gonglet,Tank / Supp,Int-Based,1,21,13,70,70,6876,27,21
74,Gonglet,Tank / Supp,Int-Based,1,21,13,71,71,7067,27,22
75,Gonglet,Tank / Supp,Int-Based,1,21,13,72,72,7261,27,22
76,Gonglet,Tank / Supp,Int-Based,1,21,13,73,73,7459,27,22
77,Gonglet,Tank / Supp,Int-Based,1,21,13,74,74,7661,28,22
78,Gonglet,Tank / Supp,Int-Based,1,21,13,75,75,7866,28,23
79,Gonglet,Tank / Supp,Int-Based,1,23,13,76,75,8027,28,23
80,Gonglet,Tank / Supp,Int-Based,1,23,13,77,76,8238,29,23
81,Gonglet,Tank / Supp,Int-Based,1,23,14,78,77,8451,29,24
82,Gonglet,Tank / Supp,Int-Based,1,23,14,79,78,8670,29,24
83,Gonglet,Tank / Supp,Int-Based,1,25,15,79,79,8890,31,24
84,Gonglet,Tank / Supp,Int-Based,1,25,15,80,80,9117,31,24
85,Gonglet,Tank / Supp,Int-Based,1,25,15,81,81,9345,31,25
86,Gonglet,Tank / Supp,Int-Based,1,25,15,82,82,9576,31,25
87,Gonglet,Tank / Supp,Int-Based,1,25,15,83,83,9812,32,25
88,Gonglet,Tank / Supp,Int-Based,1,25,15,84,84,10051,32,25
89,Gonglet,Tank / Supp,Int-Based,1,25,15,85,85,10295,32,26
90,Gonglet,Tank / Supp,Int-Based,1,27,16,86,85,10485,33,26
91,Gonglet,Tank / Supp,Int-Based,1,27,16,87,86,10735,33,26
92,Gonglet,Tank / Supp,Int-Based,1,27,17,88,87,10989,33,26
93,Gonglet,Tank / Supp,Int-Based,1,27,17,89,88,11248,33,27
94,Gonglet,Tank / Supp,Int-Based,1,27,17,90,89,11508,34,27
95,Gonglet,Tank / Supp,Int-Based,1,29,18,90,90,11774,34,27
96,Gonglet,Tank / Supp,Int-Based,1,30,18,91,91,12044,34,27
97,Gonglet,Tank / Supp,Int-Based,1,30,18,92,92,12316,35,28
98,Gonglet,Tank / Supp,Int-Based,1,30,18,93,93,12595,35,28
99,Gonglet,Tank / Supp,Int-Based,1,30,18,94,94,12875,35,28
100,Gonglet,Tank / Supp,Int-Based,1,30,18,95,95,13162,36,29
1,Glassphoenix,DPS,Int-Based,1,9,3,9,7,149,4,0
2,Glassphoenix,DPS,Int-Based,1,9,3,10,7,159,4,0
3,Glassphoenix,DPS,Int-Based,1,10,3,11,7,171,4,0
4,Glassphoenix,DPS,Int-Based,1,10,3,12,7,181,4,0
5,Glassphoenix,DPS,Int-Based,1,10,3,13,7,193,5,0
6,Glassphoenix,DPS,Int-Based,1,10,3,14,7,206,5,0
7,Glassphoenix,DPS,Int-Based,1,10,3,15,8,221,5,0
8,Glassphoenix,DPS,Int-Based,1,10,3,16,8,235,5,0
9,Glassphoenix,DPS,Int-Based,1,11,3,17,8,249,6,0
10,Glassphoenix,DPS,Int-Based,1,11,3,18,8,263,6,0
11,Glassphoenix,DPS,Int-Based,1,11,3,20,8,278,6,0
12,Glassphoenix,DPS,Int-Based,1,12,3,20,9,296,6,0
13,Glassphoenix,DPS,Int-Based,1,12,3,21,10,315,7,0
14,Glassphoenix,DPS,Int-Based,1,12,3,22,10,332,7,0
15,Glassphoenix,DPS,Int-Based,1,14,3,22,10,349,7,0
16,Glassphoenix,DPS,Int-Based,1,14,3,23,11,370,7,1
17,Glassphoenix,DPS,Int-Based,1,14,4,24,11,388,8,1
18,Glassphoenix,DPS,Int-Based,1,16,4,24,11,408,8,1
19,Glassphoenix,DPS,Int-Based,1,16,5,25,11,427,9,1
20,Glassphoenix,DPS,Int-Based,1,16,6,26,11,447,9,1
21,Glassphoenix,DPS,Int-Based,1,16,6,27,12,471,10,1
22,Glassphoenix,DPS,Int-Based,1,17,6,28,12,492,10,1
23,Glassphoenix,DPS,Int-Based,1,18,6,29,12,514,10,1
24,Glassphoenix,DPS,Int-Based,1,18,6,30,13,541,10,1
25,Glassphoenix,DPS,Int-Based,1,19,6,31,13,563,11,1
26,Glassphoenix,DPS,Int-Based,1,20,7,31,14,592,11,1
27,Glassphoenix,DPS,Int-Based,1,21,7,32,14,616,11,1
28,Glassphoenix,DPS,Int-Based,1,21,7,33,15,647,11,1
29,Glassphoenix,DPS,Int-Based,1,22,7,33,16,678,12,1
30,Glassphoenix,DPS,Int-Based,1,23,7,34,16,704,12,2
31,Glassphoenix,DPS,Int-Based,1,24,7,35,16,730,12,2
32,Glassphoenix,DPS,Int-Based,1,24,7,36,17,764,12,2
33,Glassphoenix,DPS,Int-Based,1,25,7,37,17,792,13,2
34,Glassphoenix,DPS,Int-Based,1,25,8,38,18,827,13,2
35,Glassphoenix,DPS,Int-Based,1,26,8,39,18,856,13,2
36,Glassphoenix,DPS,Int-Based,1,27,8,40,18,886,13,2
37,Glassphoenix,DPS,Int-Based,1,27,8,41,20,932,14,2
38,Glassphoenix,DPS,Int-Based,1,28,8,42,20,963,14,2
39,Glassphoenix,DPS,Int-Based,1,29,8,43,20,994,14,2
40,Glassphoenix,DPS,Int-Based,1,30,9,43,21,1035,14,2
41,Glassphoenix,DPS,Int-Based,1,31,10,44,21,1069,16,2
42,Glassphoenix,DPS,Int-Based,1,31,10,45,22,1111,16,2
43,Glassphoenix,DPS,Int-Based,1,32,10,46,22,1146,16,2
44,Glassphoenix,DPS,Int-Based,1,33,10,47,22,1182,16,3
45,Glassphoenix,DPS,Int-Based,1,33,11,48,23,1227,17,3
46,Glassphoenix,DPS,Int-Based,1,34,11,49,23,1263,17,3
47,Glassphoenix,DPS,Int-Based,1,35,11,49,25,1322,17,3
48,Glassphoenix,DPS,Int-Based,1,36,11,50,25,1360,17,3
49,Glassphoenix,DPS,Int-Based,1,37,11,51,25,1398,18,3
50,Glassphoenix,DPS,Int-Based,1,37,12,52,26,1450,18,3
51,Glassphoenix,DPS,Int-Based,1,38,12,53,26,1490,18,3
52,Glassphoenix,DPS,Int-Based,1,39,12,54,26,1530,18,3
53,Glassphoenix,DPS,Int-Based,1,39,12,55,28,1597,19,3
54,Glassphoenix,DPS,Int-Based,1,40,12,56,28,1639,19,3
55,Glassphoenix,DPS,Int-Based,1,41,12,57,28,1683,19,3
56,Glassphoenix,DPS,Int-Based,1,42,12,57,30,1753,19,3
57,Glassphoenix,DPS,Int-Based,1,43,13,58,30,1799,20,3
58,Glassphoenix,DPS,Int-Based,1,44,13,59,30,1844,20,4
59,Glassphoenix,DPS,Int-Based,1,44,14,60,31,1904,20,4
60,Glassphoenix,DPS,Int-Based,1,45,14,61,31,1951,20,4
61,Glassphoenix,DPS,Int-Based,1,46,15,62,31,2000,22,4
62,Glassphoenix,DPS,Int-Based,1,46,15,63,32,2063,22,4
63,Glassphoenix,DPS,Int-Based,1,47,16,64,32,2113,22,4
64,Glassphoenix,DPS,Int-Based,1,48,16,64,33,2179,22,4
65,Glassphoenix,DPS,Int-Based,1,49,16,65,34,2247,23,4
66,Glassphoenix,DPS,Int-Based,1,50,16,66,34,2298,23,4
67,Glassphoenix,DPS,Int-Based,1,51,16,67,34,2351,23,4
68,Glassphoenix,DPS,Int-Based,1,52,16,68,35,2421,23,4
69,Glassphoenix,DPS,Int-Based,1,52,16,69,36,2494,24,4
70,Glassphoenix,DPS,Int-Based,1,53,16,70,36,2550,24,4
71,Glassphoenix,DPS,Int-Based,1,54,16,71,37,2624,24,4
72,Glassphoenix,DPS,Int-Based,1,55,16,72,37,2681,24,5
73,Glassphoenix,DPS,Int-Based,1,55,16,73,39,2778,25,5
74,Glassphoenix,DPS,Int-Based,1,56,16,74,39,2836,25,5
75,Glassphoenix,DPS,Int-Based,1,57,16,75,39,2896,25,5
76,Glassphoenix,DPS,Int-Based,1,59,16,75,40,2977,25,5
77,Glassphoenix,DPS,Int-Based,1,59,16,76,41,3061,26,5
78,Glassphoenix,DPS,Int-Based,1,60,16,77,42,3145,26,5
79,Glassphoenix,DPS,Int-Based,1,61,16,78,42,3209,26,5
80,Glassphoenix,DPS,Int-Based,1,62,16,79,42,3273,26,5
81,Glassphoenix,DPS,Int-Based,1,63,16,80,43,3360,27,5
82,Glassphoenix,DPS,Int-Based,1,63,16,81,44,3450,27,5
83,Glassphoenix,DPS,Int-Based,1,64,16,82,44,3516,27,5
84,Glassphoenix,DPS,Int-Based,1,65,16,83,45,3609,27,5
85,Glassphoenix,DPS,Int-Based,1,66,16,84,45,3677,28,5
86,Glassphoenix,DPS,Int-Based,1,67,16,85,45,3746,28,6
87,Glassphoenix,DPS,Int-Based,1,67,16,86,47,3869,28,6
88,Glassphoenix,DPS,Int-Based,1,68,16,87,47,3941,28,6
89,Glassphoenix,DPS,Int-Based,1,69,16,88,47,4013,29,6
90,Glassphoenix,DPS,Int-Based,1,70,16,89,48,4112,29,6
91,Glassphoenix,DPS,Int-Based,1,71,16,89,50,4243,29,6
92,Glassphoenix,DPS,Int-Based,1,72,16,90,50,4320,29,6
93,Glassphoenix,DPS,Int-Based,1,73,16,91,51,4425,30,6
94,Glassphoenix,DPS,Int-Based,1,74,16,92,51,4502,30,6
95,Glassphoenix,DPS,Int-Based,1,75,16,93,51,4581,30,6
96,Glassphoenix,DPS,Int-Based,1,75,16,94,52,4690,30,6
97,Glassphoenix,DPS,Int-Based,1,76,16,95,53,4802,31,6
98,Glassphoenix,DPS,Int-Based,1,77,16,96,53,4883,31,6
99,Glassphoenix,DPS,Int-Based,1,78,16,97,53,4964,31,6
100,Glassphoenix,DPS,Int-Based,1,79,16,98,54,5082,32,7
1,Veilheron,DPS,Dex-Based,1,9,9,3,7,149,17,1
2,Veilheron,DPS,Dex-Based,1,9,10,3,7,160,20,1
3,Veilheron,DPS,Dex-Based,1,10,11,3,7,172,23,1
4,Veilheron,DPS,Dex-Based,1,10,12,3,7,184,26,1
5,Veilheron,DPS,Dex-Based,1,10,13,3,7,196,28,1
6,Veilheron,DPS,Dex-Based,1,10,14,3,7,209,31,1
7,Veilheron,DPS,Dex-Based,1,11,15,3,7,223,34,1
8,Veilheron,DPS,Dex-Based,1,11,16,3,7,238,37,1
9,Veilheron,DPS,Dex-Based,1,11,17,3,8,254,39,1
10,Veilheron,DPS,Dex-Based,1,11,18,3,8,271,42,1
11,Veilheron,DPS,Dex-Based,1,12,19,3,8,286,45,1
12,Veilheron,DPS,Dex-Based,1,12,20,3,9,306,51,2
13,Veilheron,DPS,Dex-Based,1,13,20,3,10,325,52,2
14,Veilheron,DPS,Dex-Based,1,13,21,3,11,346,55,2
15,Veilheron,DPS,Dex-Based,1,14,21,4,11,365,57,2
16,Veilheron,DPS,Dex-Based,1,14,22,5,11,384,60,2
17,Veilheron,DPS,Dex-Based,1,16,22,5,11,404,61,2
18,Veilheron,DPS,Dex-Based,1,16,23,6,11,424,64,2
19,Veilheron,DPS,Dex-Based,1,16,24,7,11,445,67,2
20,Veilheron,DPS,Dex-Based,1,16,25,8,11,466,70,2
21,Veilheron,DPS,Dex-Based,1,17,25,8,12,491,71,2
22,Veilheron,DPS,Dex-Based,1,18,26,8,12,514,74,2
23,Veilheron,DPS,Dex-Based,1,19,27,8,12,537,77,3
24,Veilheron,DPS,Dex-Based,1,19,28,8,13,566,79,3
25,Veilheron,DPS,Dex-Based,1,20,29,8,13,589,82,3
26,Veilheron,DPS,Dex-Based,1,21,29,8,15,625,84,3
27,Veilheron,DPS,Dex-Based,1,21,31,8,15,650,93,3
28,Veilheron,DPS,Dex-Based,1,23,31,8,15,677,94,3
29,Veilheron,DPS,Dex-Based,1,23,32,8,16,711,97,3
30,Veilheron,DPS,Dex-Based,1,23,33,8,17,745,100,3
31,Veilheron,DPS,Dex-Based,1,24,34,8,17,773,103,3
32,Veilheron,DPS,Dex-Based,1,25,35,8,17,802,105,3
33,Veilheron,DPS,Dex-Based,1,26,35,9,18,838,107,3
34,Veilheron,DPS,Dex-Based,1,27,36,9,18,869,110,4
35,Veilheron,DPS,Dex-Based,1,27,37,9,19,907,113,4
36,Veilheron,DPS,Dex-Based,1,28,38,9,19,940,115,4
37,Veilheron,DPS,Dex-Based,1,29,39,9,20,980,118,4
38,Veilheron,DPS,Dex-Based,1,30,40,9,20,1014,128,4
39,Veilheron,DPS,Dex-Based,1,30,41,9,21,1056,131,4
40,Veilheron,DPS,Dex-Based,1,31,42,9,21,1091,133,4
41,Veilheron,DPS,Dex-Based,1,33,42,9,22,1135,135,4
42,Veilheron,DPS,Dex-Based,1,33,43,9,23,1180,138,4
43,Veilheron,DPS,Dex-Based,1,34,44,9,23,1217,140,4
44,Veilheron,DPS,Dex-Based,1,34,45,9,24,1266,143,4
45,Veilheron,DPS,Dex-Based,1,35,46,9,24,1304,146,5
46,Veilheron,DPS,Dex-Based,1,36,47,9,24,1344,149,5
47,Veilheron,DPS,Dex-Based,1,37,48,9,25,1395,151,5
48,Veilheron,DPS,Dex-Based,1,38,49,9,25,1435,154,5
49,Veilheron,DPS,Dex-Based,1,38,50,9,26,1488,166,5
50,Veilheron,DPS,Dex-Based,1,39,51,9,27,1543,169,5
51,Veilheron,DPS,Dex-Based,1,40,52,9,27,1586,171,5
52,Veilheron,DPS,Dex-Based,1,41,52,9,29,1655,173,5
53,Veilheron,DPS,Dex-Based,1,42,53,9,29,1700,176,5
54,Veilheron,DPS,Dex-Based,1,43,54,9,29,1745,179,5
55,Veilheron,DPS,Dex-Based,1,43,55,9,30,1805,181,5
56,Veilheron,DPS,Dex-Based,1,44,56,9,31,1866,184,6
57,Veilheron,DPS,Dex-Based,1,45,57,9,31,1915,187,6
58,Veilheron,DPS,Dex-Based,1,46,58,9,31,1965,190,6
59,Veilheron,DPS,Dex-Based,1,47,58,9,33,2044,191,6
60,Veilheron,DPS,Dex-Based,1,48,59,9,33,2096,194,6
61,Veilheron,DPS,Dex-Based,1,49,60,9,33,2146,208,6
62,Veilheron,DPS,Dex-Based,1,50,61,9,34,2216,210,6
63,Veilheron,DPS,Dex-Based,1,51,62,9,34,2268,213,6
64,Veilheron,DPS,Dex-Based,1,51,63,9,35,2339,216,6
65,Veilheron,DPS,Dex-Based,1,52,64,9,35,2394,219,6
66,Veilheron,DPS,Dex-Based,1,53,64,9,37,2486,220,6
67,Veilheron,DPS,Dex-Based,1,54,65,9,37,2544,223,7
68,Veilheron,DPS,Dex-Based,1,55,66,9,37,2601,226,7
69,Veilheron,DPS,Dex-Based,1,56,67,9,38,2679,229,7
70,Veilheron,DPS,Dex-Based,1,57,68,9,38,2739,231,7
71,Veilheron,DPS,Dex-Based,1,57,69,9,40,2839,234,7
72,Veilheron,DPS,Dex-Based,1,58,70,9,40,2900,250,7
73,Veilheron,DPS,Dex-Based,1,59,71,9,40,2963,253,7
74,Veilheron,DPS,Dex-Based,1,60,72,9,41,3048,255,7
75,Veilheron,DPS,Dex-Based,1,61,73,9,41,3111,258,7
76,Veilheron,DPS,Dex-Based,1,62,73,9,42,3199,260,7
77,Veilheron,DPS,Dex-Based,1,62,75,9,42,3264,264,7
78,Veilheron,DPS,Dex-Based,1,63,76,9,43,3354,266,8
79,Veilheron,DPS,Dex-Based,1,64,76,9,44,3447,268,8
80,Veilheron,DPS,Dex-Based,1,65,77,9,44,3516,271,8
81,Veilheron,DPS,Dex-Based,1,66,78,9,45,3610,273,8
82,Veilheron,DPS,Dex-Based,1,67,79,9,45,3681,276,8
83,Veilheron,DPS,Dex-Based,1,67,80,9,47,3804,294,8
84,Veilheron,DPS,Dex-Based,1,68,81,9,47,3877,297,8
85,Veilheron,DPS,Dex-Based,1,69,82,9,47,3951,299,8
86,Veilheron,DPS,Dex-Based,1,70,83,9,48,4053,302,8
87,Veilheron,DPS,Dex-Based,1,71,84,9,48,4129,305,8
88,Veilheron,DPS,Dex-Based,1,72,84,9,50,4263,307,8
89,Veilheron,DPS,Dex-Based,1,73,85,9,50,4341,309,9
90,Veilheron,DPS,Dex-Based,1,74,86,9,50,4420,312,9
91,Veilheron,DPS,Dex-Based,1,75,87,9,50,4500,315,9
92,Veilheron,DPS,Dex-Based,1,76,88,9,51,4610,318,9
93,Veilheron,DPS,Dex-Based,1,76,89,9,52,4722,320,9
94,Veilheron,DPS,Dex-Based,1,77,90,9,53,4837,340,9
95,Veilheron,DPS,Dex-Based,1,78,91,9,53,4922,343,9
96,Veilheron,DPS,Dex-Based,1,79,91,9,55,5073,345,9
97,Veilheron,DPS,Dex-Based,1,80,92,9,55,5159,347,9
98,Veilheron,DPS,Dex-Based,1,81,93,9,55,5246,350,9
99,Veilheron,DPS,Dex-Based,1,82,94,9,55,5335,353,9
100,Veilheron,DPS,Dex-Based,1,83,95,9,56,5460,356,10
1,Honeylark,Supp,Int-Based,1,6,4,9,9,163,4,1
2,Honeylark,Supp,Int-Based,1,6,4,10,9,174,4,1
3,Honeylark,Supp,Int-Based,1,6,4,11,10,188,4,1
4,Honeylark,Supp,Int-Based,1,6,4,12,10,200,4,1
5,Honeylark,Supp,Int-Based,1,6,4,13,10,213,4,1
6,Honeylark,Supp,Int-Based,1,6,4,14,10,226,5,1
7,Honeylark,Supp,Int-Based,1,6,4,15,11,243,5,1
8,Honeylark,Supp,Int-Based,1,6,4,16,11,257,5,1
9,Honeylark,Supp,Int-Based,1,7,4,16,12,275,5,1
10,Honeylark,Supp,Int-Based,1,7,4,17,12,291,5,1
11,Honeylark,Supp,Int-Based,1,7,4,18,13,310,6,1
12,Honeylark,Supp,Int-Based,1,7,5,18,14,330,7,1
13,Honeylark,Supp,Int-Based,1,8,5,19,14,348,7,1
14,Honeylark,Supp,Int-Based,1,9,5,20,14,367,7,1
15,Honeylark,Supp,Int-Based,1,9,6,20,15,389,7,1
16,Honeylark,Supp,Int-Based,1,9,6,21,16,412,8,2
17,Honeylark,Supp,Int-Based,1,10,6,22,16,432,8,2
18,Honeylark,Supp,Int-Based,1,10,6,22,18,461,8,2
19,Honeylark,Supp,Int-Based,1,11,6,23,18,483,8,2
20,Honeylark,Supp,Int-Based,1,11,7,24,18,506,9,2
21,Honeylark,Supp,Int-Based,1,11,7,25,19,533,9,2
22,Honeylark,Supp,Int-Based,1,11,7,26,20,561,9,2
23,Honeylark,Supp,Int-Based,1,11,7,27,21,591,9,2
24,Honeylark,Supp,Int-Based,1,12,7,27,22,622,9,2
25,Honeylark,Supp,Int-Based,1,13,7,28,22,647,10,2
26,Honeylark,Supp,Int-Based,1,13,7,29,23,680,10,2
27,Honeylark,Supp,Int-Based,1,13,7,30,24,713,10,2
28,Honeylark,Supp,Int-Based,1,13,7,31,25,747,10,2
29,Honeylark,Supp,Int-Based,1,14,7,32,25,776,10,2
30,Honeylark,Supp,Int-Based,1,14,7,32,27,819,11,3
31,Honeylark,Supp,Int-Based,1,14,7,33,28,856,11,3
32,Honeylark,Supp,Int-Based,1,14,7,34,29,895,11,3
33,Honeylark,Supp,Int-Based,1,14,7,35,30,934,11,3
34,Honeylark,Supp,Int-Based,1,14,7,36,31,975,12,3
35,Honeylark,Supp,Int-Based,1,15,7,37,31,1010,12,3
36,Honeylark,Supp,Int-Based,1,15,7,39,31,1045,12,3
37,Honeylark,Supp,Int-Based,1,15,7,40,32,1089,12,3
38,Honeylark,Supp,Int-Based,1,15,7,41,33,1134,12,3
39,Honeylark,Supp,Int-Based,1,15,7,42,34,1180,13,3
40,Honeylark,Supp,Int-Based,1,15,7,42,36,1236,13,3
41,Honeylark,Supp,Int-Based,1,15,7,43,37,1285,13,3
42,Honeylark,Supp,Int-Based,1,15,7,44,38,1335,13,3
43,Honeylark,Supp,Int-Based,1,15,7,45,39,1387,13,3
44,Honeylark,Supp,Int-Based,1,16,8,46,39,1428,14,4
45,Honeylark,Supp,Int-Based,1,16,8,47,40,1482,14,4
46,Honeylark,Supp,Int-Based,1,16,8,48,41,1538,14,4
47,Honeylark,Supp,Int-Based,1,16,8,49,42,1594,14,4
48,Honeylark,Supp,Int-Based,1,18,8,50,42,1640,14,4
49,Honeylark,Supp,Int-Based,1,18,8,51,43,1698,15,4
50,Honeylark,Supp,Int-Based,1,18,8,52,44,1758,15,4
51,Honeylark,Supp,Int-Based,1,18,8,53,45,1819,15,4
52,Honeylark,Supp,Int-Based,1,20,8,54,45,1870,15,4
53,Honeylark,Supp,Int-Based,1,20,8,55,46,1933,16,4
54,Honeylark,Supp,Int-Based,1,20,8,56,47,1999,16,4
55,Honeylark,Supp,Int-Based,1,20,8,57,48,2064,16,4
56,Honeylark,Supp,Int-Based,1,20,8,58,49,2133,16,4
57,Honeylark,Supp,Int-Based,1,22,9,58,50,2202,16,4
58,Honeylark,Supp,Int-Based,1,22,9,59,51,2272,17,5
59,Honeylark,Supp,Int-Based,1,22,9,60,52,2345,17,5
60,Honeylark,Supp,Int-Based,1,22,9,61,53,2418,17,5
61,Honeylark,Supp,Int-Based,1,23,11,62,53,2478,18,5
62,Honeylark,Supp,Int-Based,1,23,11,63,54,2554,18,5
63,Honeylark,Supp,Int-Based,1,23,11,64,55,2633,19,5
64,Honeylark,Supp,Int-Based,1,24,12,65,55,2695,19,5
65,Honeylark,Supp,Int-Based,1,24,12,66,56,2775,19,5
66,Honeylark,Supp,Int-Based,1,24,12,67,57,2857,19,5
67,Honeylark,Supp,Int-Based,1,26,12,67,58,2941,20,5
68,Honeylark,Supp,Int-Based,1,26,13,68,59,3027,20,5
69,Honeylark,Supp,Int-Based,1,26,13,69,60,3113,20,5
70,Honeylark,Supp,Int-Based,1,26,13,70,61,3202,20,5
71,Honeylark,Supp,Int-Based,1,28,14,71,61,3271,20,5
72,Honeylark,Supp,Int-Based,1,28,14,72,62,3363,21,6
73,Honeylark,Supp,Int-Based,1,28,14,73,63,3457,21,6
74,Honeylark,Supp,Int-Based,1,28,14,74,64,3552,21,6
75,Honeylark,Supp,Int-Based,1,28,14,75,65,3648,21,6
76,Honeylark,Supp,Int-Based,1,30,14,75,66,3746,21,6
77,Honeylark,Supp,Int-Based,1,30,15,76,67,3846,23,6
78,Honeylark,Supp,Int-Based,1,30,15,77,68,3948,23,6
79,Honeylark,Supp,Int-Based,1,32,15,78,68,4026,23,6
80,Honeylark,Supp,Int-Based,1,32,15,79,69,4132,23,6
81,Honeylark,Supp,Int-Based,1,32,16,80,70,4238,23,6
82,Honeylark,Supp,Int-Based,1,32,17,81,71,4346,24,6
83,Honeylark,Supp,Int-Based,1,32,17,82,72,4456,24,6
84,Honeylark,Supp,Int-Based,1,33,17,83,72,4540,24,6
85,Honeylark,Supp,Int-Based,1,33,17,84,73,4653,24,6
86,Honeylark,Supp,Int-Based,1,34,17,85,74,4769,25,7
87,Honeylark,Supp,Int-Based,1,34,17,86,75,4886,25,7
88,Honeylark,Supp,Int-Based,1,34,17,87,76,5005,25,7
89,Honeylark,Supp,Int-Based,1,36,17,87,77,5125,25,7
90,Honeylark,Supp,Int-Based,1,36,17,88,78,5247,25,7
91,Honeylark,Supp,Int-Based,1,37,17,89,79,5371,26,7
92,Honeylark,Supp,Int-Based,1,37,17,90,80,5499,26,7
93,Honeylark,Supp,Int-Based,1,38,17,91,81,5627,26,7
94,Honeylark,Supp,Int-Based,1,38,17,92,82,5756,26,7
95,Honeylark,Supp,Int-Based,1,38,17,93,83,5888,26,7
96,Honeylark,Supp,Int-Based,1,40,17,94,83,5989,27,7
97,Honeylark,Supp,Int-Based,1,40,17,95,84,6125,27,7
98,Honeylark,Supp,Int-Based,1,40,17,96,85,6262,27,7
99,Honeylark,Supp,Int-Based,1,40,17,97,86,6402,27,7
100,Honeylark,Supp,Int-Based,1,41,17,98,87,6545,28,8
1,Hushowl,DPS / Supp,Strength-based,9,4,8,2,6,153,18,2
2,Hushowl,DPS / Supp,Strength-based,10,4,8,2,6,167,21,2
3,Hushowl,DPS / Supp,Strength-based,11,4,9,2,6,182,24,2
4,Hushowl,DPS / Supp,Strength-based,12,4,9,2,6,197,26,2
5,Hushowl,DPS / Supp,Strength-based,13,4,9,2,6,213,29,2
6,Hushowl,DPS / Supp,Strength-based,14,4,9,2,6,230,32,2
7,Hushowl,DPS / Supp,Strength-based,14,5,10,2,6,246,34,2
8,Hushowl,DPS / Supp,Strength-based,15,5,10,2,7,267,37,2
9,Hushowl,DPS / Supp,Strength-based,15,5,11,2,8,288,39,3
10,Hushowl,DPS / Supp,Strength-based,16,5,11,2,8,307,41,3
11,Hushowl,DPS / Supp,Strength-based,17,6,11,2,8,328,44,3
12,Hushowl,DPS / Supp,Strength-based,18,6,12,2,8,348,47,3
13,Hushowl,DPS / Supp,Strength-based,18,6,13,2,9,373,48,3
14,Hushowl,DPS / Supp,Strength-based,19,7,13,2,9,395,51,3
15,Hushowl,DPS / Supp,Strength-based,20,7,13,2,10,423,56,3
16,Hushowl,DPS / Supp,Strength-based,21,7,14,2,10,446,59,4
17,Hushowl,DPS / Supp,Strength-based,21,8,14,3,11,476,61,4
18,Hushowl,DPS / Supp,Strength-based,22,9,14,3,11,501,63,4
19,Hushowl,DPS / Supp,Strength-based,22,9,15,3,12,532,66,4
20,Hushowl,DPS / Supp,Strength-based,23,10,15,3,12,558,69,4
21,Hushowl,DPS / Supp,Strength-based,24,10,16,3,12,586,71,4
22,Hushowl,DPS / Supp,Strength-based,25,10,17,3,12,614,74,4
23,Hushowl,DPS / Supp,Strength-based,25,10,18,3,13,649,76,5
24,Hushowl,DPS / Supp,Strength-based,26,11,18,4,13,680,78,5
25,Hushowl,DPS / Supp,Strength-based,27,11,18,4,14,717,81,5
26,Hushowl,DPS / Supp,Strength-based,28,11,19,4,14,748,83,5
27,Hushowl,DPS / Supp,Strength-based,28,12,20,4,15,787,86,5
28,Hushowl,DPS / Supp,Strength-based,29,12,21,4,15,821,89,5
29,Hushowl,DPS / Supp,Strength-based,30,12,21,5,16,863,96,5
30,Hushowl,DPS / Supp,Strength-based,31,13,21,5,16,897,99,6
31,Hushowl,DPS / Supp,Strength-based,32,13,22,5,16,933,102,6
32,Hushowl,DPS / Supp,Strength-based,32,14,23,5,17,978,103,6
33,Hushowl,DPS / Supp,Strength-based,33,14,23,5,18,1024,106,6
34,Hushowl,DPS / Supp,Strength-based,34,14,24,5,18,1063,109,6
35,Hushowl,DPS / Supp,Strength-based,34,15,25,5,19,1111,111,6
36,Hushowl,DPS / Supp,Strength-based,36,15,25,5,19,1151,115,6
37,Hushowl,DPS / Supp,Strength-based,36,16,26,5,20,1203,116,7
38,Hushowl,DPS / Supp,Strength-based,37,16,26,6,21,1255,119,7
39,Hushowl,DPS / Supp,Strength-based,38,16,27,6,21,1298,122,7
40,Hushowl,DPS / Supp,Strength-based,39,18,27,6,21,1343,124,7
41,Hushowl,DPS / Supp,Strength-based,39,19,28,6,22,1398,126,7
42,Hushowl,DPS / Supp,Strength-based,41,19,28,6,22,1444,137,7
43,Hushowl,DPS / Supp,Strength-based,41,19,30,6,23,1503,139,7
44,Hushowl,DPS / Supp,Strength-based,42,19,30,6,24,1563,142,8
45,Hushowl,DPS / Supp,Strength-based,43,21,30,6,24,1612,145,8
46,Hushowl,DPS / Supp,Strength-based,44,21,31,7,24,1661,147,8
47,Hushowl,DPS / Supp,Strength-based,44,21,32,8,25,1726,149,8
48,Hushowl,DPS / Supp,Strength-based,45,21,32,9,26,1791,151,8
49,Hushowl,DPS / Supp,Strength-based,46,21,33,10,26,1844,154,8
50,Hushowl,DPS / Supp,Strength-based,47,22,33,11,26,1897,157,8
51,Hushowl,DPS / Supp,Strength-based,47,23,34,11,27,1967,158,9
52,Hushowl,DPS / Supp,Strength-based,49,23,34,11,27,2023,162,9
53,Hushowl,DPS / Supp,Strength-based,49,24,35,11,28,2095,165,9
54,Hushowl,DPS / Supp,Strength-based,50,24,36,12,28,2152,176,9
55,Hushowl,DPS / Supp,Strength-based,51,24,36,13,29,2227,179,9
56,Hushowl,DPS / Supp,Strength-based,51,25,37,13,30,2304,181,9
57,Hushowl,DPS / Supp,Strength-based,53,25,37,13,30,2366,184,9
58,Hushowl,DPS / Supp,Strength-based,53,26,38,13,31,2445,186,10
59,Hushowl,DPS / Supp,Strength-based,54,27,39,13,31,2508,188,10
60,Hushowl,DPS / Supp,Strength-based,55,27,39,13,32,2591,191,10
61,Hushowl,DPS / Supp,Strength-based,56,27,40,13,33,2675,195,10
62,Hushowl,DPS / Supp,Strength-based,56,28,41,13,34,2763,196,10
63,Hushowl,DPS / Supp,Strength-based,58,28,41,13,34,2830,200,10
64,Hushowl,DPS / Supp,Strength-based,59,29,42,13,34,2898,203,10
65,Hushowl,DPS / Supp,Strength-based,59,30,43,13,35,2988,204,11
66,Hushowl,DPS / Supp,Strength-based,61,30,43,13,35,3060,219,11
67,Hushowl,DPS / Supp,Strength-based,61,31,44,13,36,3153,221,11
68,Hushowl,DPS / Supp,Strength-based,62,31,45,13,37,3251,224,11
69,Hushowl,DPS / Supp,Strength-based,63,32,45,13,37,3324,227,11
70,Hushowl,DPS / Supp,Strength-based,64,32,46,13,38,3423,229,11
71,Hushowl,DPS / Supp,Strength-based,64,33,47,13,39,3525,231,11
72,Hushowl,DPS / Supp,Strength-based,66,33,47,13,39,3602,235,12
73,Hushowl,DPS / Supp,Strength-based,66,34,48,13,40,3707,236,12
74,Hushowl,DPS / Supp,Strength-based,67,35,49,13,40,3787,239,12
75,Hushowl,DPS / Supp,Strength-based,68,36,49,13,41,3895,242,12
76,Hushowl,DPS / Supp,Strength-based,69,36,50,13,41,3977,245,12
77,Hushowl,DPS / Supp,Strength-based,70,36,51,13,42,4089,261,12
78,Hushowl,DPS / Supp,Strength-based,71,37,51,13,43,4202,264,12
79,Hushowl,DPS / Supp,Strength-based,72,37,52,13,43,4288,266,13
80,Hushowl,DPS / Supp,Strength-based,72,38,53,13,44,4406,268,13
81,Hushowl,DPS / Supp,Strength-based,73,39,53,13,45,4525,270,13
82,Hushowl,DPS / Supp,Strength-based,74,40,54,13,45,4615,273,13
83,Hushowl,DPS / Supp,Strength-based,75,40,55,13,45,4705,277,13
84,Hushowl,DPS / Supp,Strength-based,76,41,55,13,46,4829,279,13
85,Hushowl,DPS / Supp,Strength-based,77,41,56,13,46,4923,282,13
86,Hushowl,DPS / Supp,Strength-based,78,42,56,13,47,5050,285,14
87,Hushowl,DPS / Supp,Strength-based,79,42,57,13,48,5181,287,14
88,Hushowl,DPS / Supp,Strength-based,79,43,58,13,49,5313,289,14
89,Hushowl,DPS / Supp,Strength-based,80,44,59,13,49,5413,307,14
90,Hushowl,DPS / Supp,Strength-based,81,44,59,13,51,5585,309,14
91,Hushowl,DPS / Supp,Strength-based,82,44,60,13,51,5688,313,14
92,Hushowl,DPS / Supp,Strength-based,83,45,61,13,51,5789,315,14
93,Hushowl,DPS / Supp,Strength-based,84,46,61,13,52,5932,318,15
94,Hushowl,DPS / Supp,Strength-based,85,46,62,13,52,6037,321,15
95,Hushowl,DPS / Supp,Strength-based,85,47,63,13,53,6184,322,15
96,Hushowl,DPS / Supp,Strength-based,86,48,63,13,54,6332,325,15
97,Hushowl,DPS / Supp,Strength-based,87,49,64,13,54,6441,328,15
98,Hushowl,DPS / Supp,Strength-based,88,49,64,13,55,6595,330,15
99,Hushowl,DPS / Supp,Strength-based,89,49,65,13,56,6750,334,15
100,Hushowl,DPS / Supp,Strength-based,90,50,66,13,56,6864,354,16
1,Razorwing,DPS,Dex-Based,1,9,9,3,7,149,17,1
2,Razorwing,DPS,Dex-Based,1,9,10,3,7,160,20,1
3,Razorwing,DPS,Dex-Based,1,10,11,3,7,172,23,1
4,Razorwing,DPS,Dex-Based,1,10,12,3,7,184,26,1
5,Razorwing,DPS,Dex-Based,1,11,12,3,7,195,28,1
6,Razorwing,DPS,Dex-Based,1,11,13,3,8,211,30,1
7,Razorwing,DPS,Dex-Based,1,12,13,3,8,224,32,1
8,Razorwing,DPS,Dex-Based,1,12,14,3,9,240,35,1
9,Razorwing,DPS,Dex-Based,1,12,15,3,9,256,38,1
10,Razorwing,DPS,Dex-Based,1,13,15,4,9,271,40,1
11,Razorwing,DPS,Dex-Based,1,13,16,4,10,289,42,1
12,Razorwing,DPS,Dex-Based,1,14,16,4,11,308,44,1
13,Razorwing,DPS,Dex-Based,1,14,17,5,11,326,47,1
14,Razorwing,DPS,Dex-Based,1,15,17,6,11,344,49,2
15,Razorwing,DPS,Dex-Based,1,15,18,6,11,361,52,2
16,Razorwing,DPS,Dex-Based,1,16,19,6,11,380,54,2
17,Razorwing,DPS,Dex-Based,1,17,20,6,11,400,60,2
18,Razorwing,DPS,Dex-Based,1,18,21,6,11,419,63,2
19,Razorwing,DPS,Dex-Based,1,19,22,6,11,440,66,2
20,Razorwing,DPS,Dex-Based,1,20,23,6,11,460,68,2
21,Razorwing,DPS,Dex-Based,1,21,24,6,11,482,71,2
22,Razorwing,DPS,Dex-Based,1,21,25,6,12,508,74,2
23,Razorwing,DPS,Dex-Based,1,22,25,6,13,536,76,2
24,Razorwing,DPS,Dex-Based,1,22,26,6,14,564,79,2
25,Razorwing,DPS,Dex-Based,1,23,26,6,15,593,80,2
26,Razorwing,DPS,Dex-Based,1,24,27,6,15,618,83,3
27,Razorwing,DPS,Dex-Based,1,25,28,6,15,644,86,3
28,Razorwing,DPS,Dex-Based,1,26,29,6,15,670,89,3
29,Razorwing,DPS,Dex-Based,1,26,31,6,15,696,98,3
30,Razorwing,DPS,Dex-Based,1,28,31,6,15,723,99,3
31,Razorwing,DPS,Dex-Based,1,29,32,6,15,750,102,3
32,Razorwing,DPS,Dex-Based,1,29,33,6,16,786,105,3
33,Razorwing,DPS,Dex-Based,1,30,34,6,16,815,108,3
34,Razorwing,DPS,Dex-Based,1,31,35,6,16,844,111,3
35,Razorwing,DPS,Dex-Based,1,31,36,6,17,882,113,3
36,Razorwing,DPS,Dex-Based,1,32,37,6,17,912,116,3
37,Razorwing,DPS,Dex-Based,1,33,37,6,19,960,118,3
38,Razorwing,DPS,Dex-Based,1,34,38,6,19,992,121,3
39,Razorwing,DPS,Dex-Based,1,35,39,6,19,1025,123,4
40,Razorwing,DPS,Dex-Based,1,35,40,6,21,1076,133,4
41,Razorwing,DPS,Dex-Based,1,36,41,6,21,1111,136,4
42,Razorwing,DPS,Dex-Based,1,37,42,6,21,1147,139,4
43,Razorwing,DPS,Dex-Based,1,38,43,6,21,1183,142,4
44,Razorwing,DPS,Dex-Based,1,38,44,6,22,1229,144,4
45,Razorwing,DPS,Dex-Based,1,39,45,6,22,1267,147,4
46,Razorwing,DPS,Dex-Based,1,41,45,6,23,1316,149,4
47,Razorwing,DPS,Dex-Based,1,41,46,6,24,1365,152,4
48,Razorwing,DPS,Dex-Based,1,42,47,6,24,1404,155,4
49,Razorwing,DPS,Dex-Based,1,43,48,6,24,1445,157,4
50,Razorwing,DPS,Dex-Based,1,43,49,6,26,1510,160,4
51,Razorwing,DPS,Dex-Based,1,44,50,6,26,1552,172,5
52,Razorwing,DPS,Dex-Based,1,45,51,6,26,1595,175,5
53,Razorwing,DPS,Dex-Based,1,46,52,6,26,1638,177,5
54,Razorwing,DPS,Dex-Based,1,46,53,6,28,1708,180,5
55,Razorwing,DPS,Dex-Based,1,47,54,6,28,1753,183,5
56,Razorwing,DPS,Dex-Based,1,48,55,6,28,1799,186,5
57,Razorwing,DPS,Dex-Based,1,49,55,6,30,1875,188,5
58,Razorwing,DPS,Dex-Based,1,50,56,6,30,1922,190,5
59,Razorwing,DPS,Dex-Based,1,51,57,6,30,1972,193,5
60,Razorwing,DPS,Dex-Based,1,51,58,6,32,2051,196,5
61,Razorwing,DPS,Dex-Based,1,52,59,6,32,2101,199,5
62,Razorwing,DPS,Dex-Based,1,53,60,6,32,2152,213,5
63,Razorwing,DPS,Dex-Based,1,54,61,6,32,2204,215,6
64,Razorwing,DPS,Dex-Based,1,56,61,6,33,2274,217,6
65,Razorwing,DPS,Dex-Based,1,56,62,6,34,2345,220,6
66,Razorwing,DPS,Dex-Based,1,56,64,6,34,2398,224,6
67,Razorwing,DPS,Dex-Based,1,57,64,6,36,2490,226,6
68,Razorwing,DPS,Dex-Based,1,58,65,6,36,2547,228,6
69,Razorwing,DPS,Dex-Based,1,59,66,6,36,2604,231,6
70,Razorwing,DPS,Dex-Based,1,60,67,6,36,2661,234,6
71,Razorwing,DPS,Dex-Based,1,61,68,6,37,2740,237,6
72,Razorwing,DPS,Dex-Based,1,62,69,6,37,2798,239,6
73,Razorwing,DPS,Dex-Based,1,62,70,6,39,2900,255,6
74,Razorwing,DPS,Dex-Based,1,63,71,6,39,2963,258,6
75,Razorwing,DPS,Dex-Based,1,64,72,6,39,3024,261,6
76,Razorwing,DPS,Dex-Based,1,65,72,6,41,3133,263,7
77,Razorwing,DPS,Dex-Based,1,65,74,6,41,3196,266,7
78,Razorwing,DPS,Dex-Based,1,66,75,6,41,3261,269,7
79,Razorwing,DPS,Dex-Based,1,67,75,6,43,3374,271,7
80,Razorwing,DPS,Dex-Based,1,68,76,6,43,3442,274,7
81,Razorwing,DPS,Dex-Based,1,69,77,6,43,3510,277,7
82,Razorwing,DPS,Dex-Based,1,70,78,6,44,3604,279,7
83,Razorwing,DPS,Dex-Based,1,71,79,6,44,3674,282,7
84,Razorwing,DPS,Dex-Based,1,72,80,6,44,3745,300,7
85,Razorwing,DPS,Dex-Based,1,72,81,6,46,3869,303,7
86,Razorwing,DPS,Dex-Based,1,73,82,6,46,3942,305,7
87,Razorwing,DPS,Dex-Based,1,74,83,6,46,4016,308,7
88,Razorwing,DPS,Dex-Based,1,75,84,6,46,4089,311,8
89,Razorwing,DPS,Dex-Based,1,75,85,6,48,4222,314,8
90,Razorwing,DPS,Dex-Based,1,76,86,6,48,4299,317,8
91,Razorwing,DPS,Dex-Based,1,77,87,6,48,4376,319,8
92,Razorwing,DPS,Dex-Based,1,78,88,6,49,4484,322,8
93,Razorwing,DPS,Dex-Based,1,79,88,6,51,4625,324,8
94,Razorwing,DPS,Dex-Based,1,80,89,6,51,4706,327,8
95,Razorwing,DPS,Dex-Based,1,81,90,6,51,4788,347,8
96,Razorwing,DPS,Dex-Based,1,82,91,6,52,4903,349,8
97,Razorwing,DPS,Dex-Based,1,83,92,6,52,4987,352,8
98,Razorwing,DPS,Dex-Based,1,83,93,6,53,5105,355,8
99,Razorwing,DPS,Dex-Based,1,84,94,6,53,5191,358,8
100,Razorwing,DPS,Dex-Based,1,85,95,6,54,5313,361,9
1,Snipstream,DPS,Dex-Based,1,9,9,3,7,149,17,1
2,Snipstream,DPS,Dex-Based,1,9,10,3,7,160,20,1
3,Snipstream,DPS,Dex-Based,1,10,11,3,7,172,23,1
4,Snipstream,DPS,Dex-Based,1,11,11,3,7,185,24,1
5,Snipstream,DPS,Dex-Based,1,11,12,3,7,197,27,1
6,Snipstream,DPS,Dex-Based,1,12,12,3,8,213,29,1
7,Snipstream,DPS,Dex-Based,1,12,13,3,8,227,31,1
8,Snipstream,DPS,Dex-Based,1,13,13,3,9,245,33,1
9,Snipstream,DPS,Dex-Based,1,13,14,3,9,260,36,1
10,Snipstream,DPS,Dex-Based,1,14,14,3,10,279,37,1
11,Snipstream,DPS,Dex-Based,1,14,15,3,11,298,40,2
12,Snipstream,DPS,Dex-Based,1,15,15,4,11,316,42,2
13,Snipstream,DPS,Dex-Based,1,15,16,5,11,334,44,2
14,Snipstream,DPS,Dex-Based,1,15,17,6,11,352,47,2
15,Snipstream,DPS,Dex-Based,1,16,17,7,11,371,48,2
16,Snipstream,DPS,Dex-Based,1,17,18,7,11,390,51,2
17,Snipstream,DPS,Dex-Based,1,18,19,7,11,411,54,2
18,Snipstream,DPS,Dex-Based,1,19,20,7,11,431,59,2
19,Snipstream,DPS,Dex-Based,1,20,21,7,11,452,62,2
20,Snipstream,DPS,Dex-Based,1,21,21,7,12,479,64,2
21,Snipstream,DPS,Dex-Based,1,21,22,7,13,506,66,3
22,Snipstream,DPS,Dex-Based,1,21,23,7,14,534,69,3
23,Snipstream,DPS,Dex-Based,1,22,23,7,15,563,71,3
24,Snipstream,DPS,Dex-Based,1,22,24,7,16,592,73,3
25,Snipstream,DPS,Dex-Based,1,23,24,7,17,623,75,3
26,Snipstream,DPS,Dex-Based,1,24,25,7,17,650,77,3
27,Snipstream,DPS,Dex-Based,1,25,26,7,17,677,80,3
28,Snipstream,DPS,Dex-Based,1,26,27,7,17,705,83,3
29,Snipstream,DPS,Dex-Based,1,27,28,7,17,733,85,3
30,Snipstream,DPS,Dex-Based,1,28,29,7,17,761,88,3
31,Snipstream,DPS,Dex-Based,1,29,30,7,17,790,96,4
32,Snipstream,DPS,Dex-Based,1,30,31,7,17,821,98,4
33,Snipstream,DPS,Dex-Based,1,30,32,7,19,866,101,4
34,Snipstream,DPS,Dex-Based,1,31,33,7,19,898,104,4
35,Snipstream,DPS,Dex-Based,1,32,33,7,20,938,105,4
36,Snipstream,DPS,Dex-Based,1,33,34,7,20,970,108,4
37,Snipstream,DPS,Dex-Based,1,33,35,7,21,1012,110,4
38,Snipstream,DPS,Dex-Based,1,34,36,7,21,1047,113,4
39,Snipstream,DPS,Dex-Based,1,35,37,7,21,1082,116,4
40,Snipstream,DPS,Dex-Based,1,36,37,7,23,1136,117,4
41,Snipstream,DPS,Dex-Based,1,37,38,7,23,1173,120,5
42,Snipstream,DPS,Dex-Based,1,37,40,7,23,1211,131,5
43,Snipstream,DPS,Dex-Based,1,38,40,7,25,1270,132,5
44,Snipstream,DPS,Dex-Based,1,39,41,7,25,1308,135,5
45,Snipstream,DPS,Dex-Based,1,40,42,7,25,1348,138,5
46,Snipstream,DPS,Dex-Based,1,41,43,7,25,1390,140,5
47,Snipstream,DPS,Dex-Based,1,41,44,7,27,1454,143,5
48,Snipstream,DPS,Dex-Based,1,42,45,7,27,1496,145,5
49,Snipstream,DPS,Dex-Based,1,43,45,7,28,1551,147,5
50,Snipstream,DPS,Dex-Based,1,44,46,7,28,1596,150,5
51,Snipstream,DPS,Dex-Based,1,44,47,7,30,1666,152,6
52,Snipstream,DPS,Dex-Based,1,45,48,7,30,1712,155,6
53,Snipstream,DPS,Dex-Based,1,46,49,7,30,1758,158,6
54,Snipstream,DPS,Dex-Based,1,47,50,7,31,1819,169,6
55,Snipstream,DPS,Dex-Based,1,48,51,7,31,1868,172,6
56,Snipstream,DPS,Dex-Based,1,49,51,7,32,1932,174,6
57,Snipstream,DPS,Dex-Based,1,50,52,7,33,1997,176,6
58,Snipstream,DPS,Dex-Based,1,51,53,7,33,2048,179,6
59,Snipstream,DPS,Dex-Based,1,51,54,7,34,2115,181,6
60,Snipstream,DPS,Dex-Based,1,52,55,7,34,2168,184,6
61,Snipstream,DPS,Dex-Based,1,53,55,7,36,2254,186,7
62,Snipstream,DPS,Dex-Based,1,54,56,7,36,2310,188,7
63,Snipstream,DPS,Dex-Based,1,55,57,7,36,2365,191,7
64,Snipstream,DPS,Dex-Based,1,55,58,7,38,2457,194,7
65,Snipstream,DPS,Dex-Based,1,56,59,7,38,2515,196,7
66,Snipstream,DPS,Dex-Based,1,57,60,7,38,2573,210,7
67,Snipstream,DPS,Dex-Based,1,58,61,7,39,2652,213,7
68,Snipstream,DPS,Dex-Based,1,59,62,7,39,2711,215,7
69,Snipstream,DPS,Dex-Based,1,60,62,7,41,2812,217,7
70,Snipstream,DPS,Dex-Based,1,61,63,7,41,2874,219,7
71,Snipstream,DPS,Dex-Based,1,62,64,7,41,2938,222,8
72,Snipstream,DPS,Dex-Based,1,62,65,7,43,3045,225,8
73,Snipstream,DPS,Dex-Based,1,63,66,7,43,3110,227,8
74,Snipstream,DPS,Dex-Based,1,64,67,7,43,3177,230,8
75,Snipstream,DPS,Dex-Based,1,65,68,7,43,3244,233,8
76,Snipstream,DPS,Dex-Based,1,65,69,7,45,3358,235,8
77,Snipstream,DPS,Dex-Based,1,66,70,7,45,3427,251,8
78,Snipstream,DPS,Dex-Based,1,67,71,7,45,3497,254,8
79,Snipstream,DPS,Dex-Based,1,68,72,7,46,3593,256,8
80,Snipstream,DPS,Dex-Based,1,69,72,7,47,3689,258,8
81,Snipstream,DPS,Dex-Based,1,70,73,7,48,3788,260,9
82,Snipstream,DPS,Dex-Based,1,71,74,7,48,3862,263,9
83,Snipstream,DPS,Dex-Based,1,71,75,7,50,3991,266,9
84,Snipstream,DPS,Dex-Based,1,72,76,7,50,4068,268,9
85,Snipstream,DPS,Dex-Based,1,73,77,7,50,4146,271,9
86,Snipstream,DPS,Dex-Based,1,74,77,7,52,4280,273,9
87,Snipstream,DPS,Dex-Based,1,75,78,7,52,4360,275,9
88,Snipstream,DPS,Dex-Based,1,76,79,7,52,4441,278,9
89,Snipstream,DPS,Dex-Based,1,76,80,7,54,4583,296,9
90,Snipstream,DPS,Dex-Based,1,77,81,7,54,4666,298,9
91,Snipstream,DPS,Dex-Based,1,78,82,7,54,4750,301,10
92,Snipstream,DPS,Dex-Based,1,79,83,7,55,4867,303,10
93,Snipstream,DPS,Dex-Based,1,80,84,7,55,4953,306,10
94,Snipstream,DPS,Dex-Based,1,81,84,7,57,5105,308,10
95,Snipstream,DPS,Dex-Based,1,82,85,7,57,5195,310,10
96,Snipstream,DPS,Dex-Based,1,83,86,7,57,5284,313,10
97,Snipstream,DPS,Dex-Based,1,83,87,7,59,5442,316,10
98,Snipstream,DPS,Dex-Based,1,84,88,7,59,5536,318,10
99,Snipstream,DPS,Dex-Based,1,85,89,7,59,5628,321,10
100,Snipstream,DPS,Dex-Based,1,86,90,7,60,5760,341,11
1,Keepsake,Supp,Int-Based,1,5,5,9,9,163,5,1
2,Keepsake,Supp,Int-Based,1,5,5,10,9,176,5,1
3,Keepsake,Supp,Int-Based,1,5,5,11,10,192,5,1
4,Keepsake,Supp,Int-Based,1,5,5,11,11,209,5,1
5,Keepsake,Supp,Int-Based,1,5,5,12,11,225,5,1
6,Keepsake,Supp,Int-Based,1,6,5,13,11,241,6,1
7,Keepsake,Supp,Int-Based,1,6,5,13,12,262,6,1
8,Keepsake,Supp,Int-Based,1,6,6,14,12,280,6,1
9,Keepsake,Supp,Int-Based,1,6,6,14,13,300,6,2
10,Keepsake,Supp,Int-Based,1,7,6,15,13,319,7,2
11,Keepsake,Supp,Int-Based,1,7,7,15,14,343,7,2
12,Keepsake,Supp,Int-Based,1,8,7,16,14,364,7,2
13,Keepsake,Supp,Int-Based,1,8,8,16,15,388,7,2
14,Keepsake,Supp,Int-Based,1,9,8,17,15,411,7,2
15,Keepsake,Supp,Int-Based,1,9,9,17,16,438,8,2
16,Keepsake,Supp,Int-Based,1,9,9,18,17,466,8,3
17,Keepsake,Supp,Int-Based,1,9,9,19,18,495,8,3
18,Keepsake,Supp,Int-Based,1,9,9,20,19,525,8,3
19,Keepsake,Supp,Int-Based,1,9,9,21,20,556,9,3
20,Keepsake,Supp,Int-Based,1,10,9,21,21,589,9,3
21,Keepsake,Supp,Int-Based,1,10,9,23,21,618,9,3
22,Keepsake,Supp,Int-Based,1,10,10,23,22,652,10,3
23,Keepsake,Supp,Int-Based,1,10,10,24,23,688,10,4
24,Keepsake,Supp,Int-Based,1,11,10,25,23,719,11,4
25,Keepsake,Supp,Int-Based,1,11,10,26,24,757,11,4
26,Keepsake,Supp,Int-Based,1,11,10,27,25,796,11,4
27,Keepsake,Supp,Int-Based,1,11,10,28,26,836,11,4
28,Keepsake,Supp,Int-Based,1,11,10,29,27,878,12,4
29,Keepsake,Supp,Int-Based,1,11,10,30,28,921,12,4
30,Keepsake,Supp,Int-Based,1,11,10,31,29,966,12,5
31,Keepsake,Supp,Int-Based,1,11,10,31,31,1019,12,5
32,Keepsake,Supp,Int-Based,1,11,10,33,31,1058,12,5
33,Keepsake,Supp,Int-Based,1,12,10,33,32,1106,13,5
34,Keepsake,Supp,Int-Based,1,12,10,34,33,1157,13,5
35,Keepsake,Supp,Int-Based,1,13,10,35,33,1198,13,5
36,Keepsake,Supp,Int-Based,1,13,10,36,34,1250,13,5
37,Keepsake,Supp,Int-Based,1,13,10,37,35,1304,14,6
38,Keepsake,Supp,Int-Based,1,13,10,38,36,1360,14,6
39,Keepsake,Supp,Int-Based,1,13,10,39,37,1416,14,6
40,Keepsake,Supp,Int-Based,1,13,10,40,38,1473,14,6
41,Keepsake,Supp,Int-Based,1,13,11,41,39,1533,14,6
42,Keepsake,Supp,Int-Based,1,13,11,41,41,1605,15,6
43,Keepsake,Supp,Int-Based,1,13,11,43,41,1656,15,6
44,Keepsake,Supp,Int-Based,1,13,12,43,42,1721,15,7
45,Keepsake,Supp,Int-Based,1,13,12,44,43,1787,15,7
46,Keepsake,Supp,Int-Based,1,13,12,45,44,1854,16,7
47,Keepsake,Supp,Int-Based,1,13,12,46,45,1922,16,7
48,Keepsake,Supp,Int-Based,1,13,12,47,46,1992,16,7
49,Keepsake,Supp,Int-Based,1,13,12,48,47,2065,16,7
50,Keepsake,Supp,Int-Based,1,13,12,49,48,2138,16,7
51,Keepsake,Supp,Int-Based,1,13,12,50,49,2214,17,8
52,Keepsake,Supp,Int-Based,1,14,12,51,50,2292,17,8
53,Keepsake,Supp,Int-Based,1,14,12,52,51,2370,17,8
54,Keepsake,Supp,Int-Based,1,15,13,52,52,2450,17,8
55,Keepsake,Supp,Int-Based,1,16,14,53,52,2517,18,8
56,Keepsake,Supp,Int-Based,1,16,14,54,53,2601,18,8
57,Keepsake,Supp,Int-Based,1,16,14,55,54,2685,18,8
58,Keepsake,Supp,Int-Based,1,16,14,56,55,2772,18,9
59,Keepsake,Supp,Int-Based,1,16,14,57,56,2861,18,9
60,Keepsake,Supp,Int-Based,1,16,14,58,57,2951,19,9
61,Keepsake,Supp,Int-Based,1,16,14,59,58,3044,19,9
62,Keepsake,Supp,Int-Based,1,16,14,60,59,3138,19,9
63,Keepsake,Supp,Int-Based,1,16,15,61,60,3235,20,9
64,Keepsake,Supp,Int-Based,1,16,15,62,61,3334,21,9
65,Keepsake,Supp,Int-Based,1,17,16,62,62,3434,21,10
66,Keepsake,Supp,Int-Based,1,17,16,63,63,3535,21,10
67,Keepsake,Supp,Int-Based,1,17,16,64,64,3640,21,10
68,Keepsake,Supp,Int-Based,1,17,16,65,65,3745,21,10
69,Keepsake,Supp,Int-Based,1,17,16,66,66,3854,22,10
70,Keepsake,Supp,Int-Based,1,17,16,67,67,3962,22,10
71,Keepsake,Supp,Int-Based,1,17,16,68,68,4075,22,10
72,Keepsake,Supp,Int-Based,1,18,16,69,69,4189,22,11
73,Keepsake,Supp,Int-Based,1,18,16,70,70,4306,23,11
74,Keepsake,Supp,Int-Based,1,18,16,71,71,4423,23,11
75,Keepsake,Supp,Int-Based,1,18,16,72,72,4544,23,11
76,Keepsake,Supp,Int-Based,1,18,16,73,73,4665,23,11
77,Keepsake,Supp,Int-Based,1,18,16,74,74,4790,23,11
78,Keepsake,Supp,Int-Based,1,18,16,75,75,4917,24,11
79,Keepsake,Supp,Int-Based,1,18,16,76,76,5045,24,12
80,Keepsake,Supp,Int-Based,1,18,16,77,77,5175,24,12
81,Keepsake,Supp,Int-Based,1,18,16,78,78,5309,24,12
82,Keepsake,Supp,Int-Based,1,19,16,79,79,5443,25,12
83,Keepsake,Supp,Int-Based,1,19,16,80,80,5581,25,12
84,Keepsake,Supp,Int-Based,1,19,16,81,81,5721,25,12
85,Keepsake,Supp,Int-Based,1,19,16,82,82,5862,25,12
86,Keepsake,Supp,Int-Based,1,19,16,83,83,6007,25,13
87,Keepsake,Supp,Int-Based,1,19,16,83,85,6186,26,13
88,Keepsake,Supp,Int-Based,1,20,18,84,85,6302,26,13
89,Keepsake,Supp,Int-Based,1,20,18,85,86,6454,26,13
90,Keepsake,Supp,Int-Based,1,20,18,86,87,6606,26,13
91,Keepsake,Supp,Int-Based,1,21,18,87,88,6762,27,13
92,Keepsake,Supp,Int-Based,1,21,18,88,89,6921,27,13
93,Keepsake,Supp,Int-Based,1,21,18,89,90,7081,27,14
94,Keepsake,Supp,Int-Based,1,21,19,90,91,7244,27,14
95,Keepsake,Supp,Int-Based,1,23,19,90,92,7409,27,14
96,Keepsake,Supp,Int-Based,1,23,20,91,93,7577,29,14
97,Keepsake,Supp,Int-Based,1,23,20,92,94,7746,29,14
98,Keepsake,Supp,Int-Based,1,23,20,93,95,7920,29,14
99,Keepsake,Supp,Int-Based,1,23,20,94,96,8094,29,14
100,Keepsake,Supp,Int-Based,1,23,20,95,97,8274,30,15
1,Hopgrit,Fighter,Strength-based,9,5,6,1,8,178,18,2
2,Hopgrit,Fighter,Strength-based,10,5,6,1,8,195,21,2
3,Hopgrit,Fighter,Strength-based,11,5,6,1,9,216,24,2
4,Hopgrit,Fighter,Strength-based,11,5,7,1,9,236,25,2
5,Hopgrit,Fighter,Strength-based,12,5,7,1,9,257,28,2
6,Hopgrit,Fighter,Strength-based,12,6,7,1,10,281,29,3
7,Hopgrit,Fighter,Strength-based,13,6,8,1,10,303,32,3
8,Hopgrit,Fighter,Strength-based,13,7,8,1,11,330,33,3
9,Hopgrit,Fighter,Strength-based,13,7,9,2,11,355,35,3
10,Hopgrit,Fighter,Strength-based,14,7,9,2,11,380,37,3
11,Hopgrit,Fighter,Strength-based,14,7,10,2,12,409,40,4
12,Hopgrit,Fighter,Strength-based,15,8,10,2,12,437,42,4
13,Hopgrit,Fighter,Strength-based,16,8,10,2,13,470,45,4
14,Hopgrit,Fighter,Strength-based,16,9,11,2,13,499,46,4
15,Hopgrit,Fighter,Strength-based,17,9,11,2,14,533,49,4
16,Hopgrit,Fighter,Strength-based,17,10,12,2,14,565,51,5
17,Hopgrit,Fighter,Strength-based,18,10,12,2,15,602,53,5
18,Hopgrit,Fighter,Strength-based,19,11,12,3,15,635,56,5
19,Hopgrit,Fighter,Strength-based,19,11,13,3,16,676,57,5
20,Hopgrit,Fighter,Strength-based,20,11,13,3,17,717,63,5
21,Hopgrit,Fighter,Strength-based,21,12,13,3,17,754,65,6
22,Hopgrit,Fighter,Strength-based,21,12,14,4,18,798,67,6
23,Hopgrit,Fighter,Strength-based,22,13,14,4,18,837,69,6
24,Hopgrit,Fighter,Strength-based,22,13,15,4,19,884,72,6
25,Hopgrit,Fighter,Strength-based,23,13,15,4,20,933,74,6
26,Hopgrit,Fighter,Strength-based,24,14,15,5,20,975,77,7
27,Hopgrit,Fighter,Strength-based,24,14,16,6,21,1027,78,7
28,Hopgrit,Fighter,Strength-based,25,15,16,6,21,1070,81,7
29,Hopgrit,Fighter,Strength-based,25,15,17,7,22,1126,82,7
30,Hopgrit,Fighter,Strength-based,26,16,17,7,22,1172,85,7
31,Hopgrit,Fighter,Strength-based,27,17,18,7,22,1220,88,8
32,Hopgrit,Fighter,Strength-based,28,17,18,7,23,1279,90,8
33,Hopgrit,Fighter,Strength-based,28,18,19,7,24,1340,92,8
34,Hopgrit,Fighter,Strength-based,29,18,20,8,24,1391,95,8
35,Hopgrit,Fighter,Strength-based,30,18,20,8,25,1455,103,8
36,Hopgrit,Fighter,Strength-based,31,19,21,8,25,1508,105,9
37,Hopgrit,Fighter,Strength-based,31,20,21,8,27,1587,107,9
38,Hopgrit,Fighter,Strength-based,32,20,22,8,27,1644,109,9
39,Hopgrit,Fighter,Strength-based,33,21,22,9,27,1701,112,9
40,Hopgrit,Fighter,Strength-based,33,21,23,10,28,1774,113,9
41,Hopgrit,Fighter,Strength-based,34,21,23,10,29,1848,116,10
42,Hopgrit,Fighter,Strength-based,35,22,23,10,30,1924,118,10
43,Hopgrit,Fighter,Strength-based,35,23,24,10,31,2001,120,10
44,Hopgrit,Fighter,Strength-based,36,23,25,10,31,2065,124,10
45,Hopgrit,Fighter,Strength-based,37,24,26,10,31,2131,126,10
46,Hopgrit,Fighter,Strength-based,38,24,26,10,32,2214,129,11
47,Hopgrit,Fighter,Strength-based,39,25,26,10,33,2299,131,11
48,Hopgrit,Fighter,Strength-based,39,26,28,10,33,2368,133,11
49,Hopgrit,Fighter,Strength-based,40,26,28,10,34,2457,142,11
50,Hopgrit,Fighter,Strength-based,41,27,28,10,35,2548,145,11
51,Hopgrit,Fighter,Strength-based,42,28,28,10,35,2621,147,12
52,Hopgrit,Fighter,Strength-based,43,28,29,10,36,2715,150,12
53,Hopgrit,Fighter,Strength-based,43,29,30,10,37,2812,152,12
54,Hopgrit,Fighter,Strength-based,44,30,31,10,37,2890,155,12
55,Hopgrit,Fighter,Strength-based,45,30,31,10,38,2990,157,12
56,Hopgrit,Fighter,Strength-based,45,31,32,10,39,3092,159,13
57,Hopgrit,Fighter,Strength-based,46,32,32,10,40,3197,161,13
58,Hopgrit,Fighter,Strength-based,47,32,33,10,40,3281,164,13
59,Hopgrit,Fighter,Strength-based,48,33,33,10,41,3391,167,13
60,Hopgrit,Fighter,Strength-based,49,33,34,10,41,3477,169,13
61,Hopgrit,Fighter,Strength-based,50,34,34,10,42,3589,181,14
62,Hopgrit,Fighter,Strength-based,50,35,35,10,43,3705,183,14
63,Hopgrit,Fighter,Strength-based,51,35,35,10,44,3823,186,14
64,Hopgrit,Fighter,Strength-based,52,36,36,10,44,3915,188,14
65,Hopgrit,Fighter,Strength-based,52,37,37,10,45,4036,190,14
66,Hopgrit,Fighter,Strength-based,53,37,37,10,46,4161,192,15
67,Hopgrit,Fighter,Strength-based,54,38,38,10,46,4258,195,15
68,Hopgrit,Fighter,Strength-based,55,39,38,10,47,4386,197,15
69,Hopgrit,Fighter,Strength-based,55,40,39,10,48,4518,199,15
70,Hopgrit,Fighter,Strength-based,56,41,40,10,48,4620,202,15
71,Hopgrit,Fighter,Strength-based,57,41,40,10,49,4754,205,16
72,Hopgrit,Fighter,Strength-based,58,41,41,10,50,4893,208,16
73,Hopgrit,Fighter,Strength-based,59,42,41,10,51,5032,210,16
74,Hopgrit,Fighter,Strength-based,59,43,43,10,51,5141,212,16
75,Hopgrit,Fighter,Strength-based,60,43,43,10,52,5286,225,16
76,Hopgrit,Fighter,Strength-based,61,44,43,10,53,5434,228,17
77,Hopgrit,Fighter,Strength-based,62,45,43,10,53,5547,230,17
78,Hopgrit,Fighter,Strength-based,63,45,44,10,54,5699,233,17
79,Hopgrit,Fighter,Strength-based,63,46,45,10,55,5854,235,17
80,Hopgrit,Fighter,Strength-based,64,47,45,10,55,5973,238,17
81,Hopgrit,Fighter,Strength-based,65,47,46,10,56,6132,240,18
82,Hopgrit,Fighter,Strength-based,66,48,46,10,57,6295,243,18
83,Hopgrit,Fighter,Strength-based,67,49,47,10,57,6419,245,18
84,Hopgrit,Fighter,Strength-based,67,50,48,10,58,6585,247,18
85,Hopgrit,Fighter,Strength-based,68,50,48,10,59,6755,249,18
86,Hopgrit,Fighter,Strength-based,69,51,49,10,59,6884,252,19
87,Hopgrit,Fighter,Strength-based,70,52,49,10,60,7059,268,19
88,Hopgrit,Fighter,Strength-based,71,52,50,10,61,7236,271,19
89,Hopgrit,Fighter,Strength-based,71,53,51,10,62,7417,273,19
90,Hopgrit,Fighter,Strength-based,72,54,51,10,62,7554,275,19
91,Hopgrit,Fighter,Strength-based,73,54,52,10,63,7739,278,20
92,Hopgrit,Fighter,Strength-based,74,55,52,10,63,7879,280,20
93,Hopgrit,Fighter,Strength-based,74,56,53,10,64,8070,282,20
94,Hopgrit,Fighter,Strength-based,75,57,53,10,65,8264,284,20
95,Hopgrit,Fighter,Strength-based,76,58,54,10,65,8410,287,20
96,Hopgrit,Fighter,Strength-based,77,58,54,10,66,8608,289,21
97,Hopgrit,Fighter,Strength-based,77,59,55,10,67,8810,292,21
98,Hopgrit,Fighter,Strength-based,78,59,56,10,68,9014,294,21
99,Hopgrit,Fighter,Strength-based,79,60,57,10,68,9167,297,21
100,Hopgrit,Fighter,Strength-based,80,61,57,10,69,9379,315,22
1,Tempestool,DPS / Supp,Int-Based,1,6,4,9,9,158,4,1
2,Tempestool,DPS / Supp,Int-Based,1,6,4,10,9,170,4,1
3,Tempestool,DPS / Supp,Int-Based,1,6,4,11,10,185,4,1
4,Tempestool,DPS / Supp,Int-Based,1,6,4,12,10,200,4,1
5,Tempestool,DPS / Supp,Int-Based,1,6,4,13,10,214,5,1
6,Tempestool,DPS / Supp,Int-Based,1,6,4,14,10,229,5,1
7,Tempestool,DPS / Supp,Int-Based,1,6,4,15,11,247,5,1
8,Tempestool,DPS / Supp,Int-Based,1,6,4,16,11,265,5,1
9,Tempestool,DPS / Supp,Int-Based,1,6,5,16,12,284,7,1
10,Tempestool,DPS / Supp,Int-Based,1,6,5,17,12,302,7,2
11,Tempestool,DPS / Supp,Int-Based,1,6,5,18,13,324,7,2
12,Tempestool,DPS / Supp,Int-Based,1,7,5,19,13,343,7,2
13,Tempestool,DPS / Supp,Int-Based,1,8,5,19,14,367,8,2
14,Tempestool,DPS / Supp,Int-Based,1,8,6,20,14,387,8,2
15,Tempestool,DPS / Supp,Int-Based,1,9,6,21,14,409,8,2
16,Tempestool,DPS / Supp,Int-Based,1,9,6,21,16,439,8,2
17,Tempestool,DPS / Supp,Int-Based,1,9,7,22,16,462,9,2
18,Tempestool,DPS / Supp,Int-Based,1,9,7,22,18,494,9,2
19,Tempestool,DPS / Supp,Int-Based,1,10,7,23,18,519,9,3
20,Tempestool,DPS / Supp,Int-Based,1,11,7,24,18,545,9,3
21,Tempestool,DPS / Supp,Int-Based,1,11,7,25,19,575,10,3
22,Tempestool,DPS / Supp,Int-Based,1,11,7,26,20,607,10,3
23,Tempestool,DPS / Supp,Int-Based,1,11,7,27,21,641,10,3
24,Tempestool,DPS / Supp,Int-Based,1,12,7,28,21,669,10,3
25,Tempestool,DPS / Supp,Int-Based,1,13,7,28,22,705,11,3
26,Tempestool,DPS / Supp,Int-Based,1,13,7,30,22,735,11,3
27,Tempestool,DPS / Supp,Int-Based,1,13,7,31,23,772,11,3
28,Tempestool,DPS / Supp,Int-Based,1,13,7,31,25,817,11,4
29,Tempestool,DPS / Supp,Int-Based,1,13,8,32,25,850,12,4
30,Tempestool,DPS / Supp,Int-Based,1,13,8,33,26,890,12,4
31,Tempestool,DPS / Supp,Int-Based,1,13,8,34,27,933,12,4
32,Tempestool,DPS / Supp,Int-Based,1,13,8,35,28,976,12,4
33,Tempestool,DPS / Supp,Int-Based,1,13,8,36,29,1021,13,4
34,Tempestool,DPS / Supp,Int-Based,1,13,8,37,30,1067,13,4
35,Tempestool,DPS / Supp,Int-Based,1,13,8,38,31,1114,13,4
36,Tempestool,DPS / Supp,Int-Based,1,13,8,39,32,1162,13,4
37,Tempestool,DPS / Supp,Int-Based,1,13,8,41,32,1203,14,5
38,Tempestool,DPS / Supp,Int-Based,1,13,8,41,34,1263,14,5
39,Tempestool,DPS / Supp,Int-Based,1,14,8,42,34,1306,14,5
40,Tempestool,DPS / Supp,Int-Based,1,14,8,43,35,1360,14,5
41,Tempestool,DPS / Supp,Int-Based,1,14,8,44,36,1415,15,5
42,Tempestool,DPS / Supp,Int-Based,1,14,8,45,37,1471,15,5
43,Tempestool,DPS / Supp,Int-Based,1,15,9,46,37,1517,15,5
44,Tempestool,DPS / Supp,Int-Based,1,15,9,47,38,1577,15,5
45,Tempestool,DPS / Supp,Int-Based,1,15,9,48,39,1637,16,5
46,Tempestool,DPS / Supp,Int-Based,1,17,9,48,40,1699,16,6
47,Tempestool,DPS / Supp,Int-Based,1,17,10,49,41,1762,17,6
48,Tempestool,DPS / Supp,Int-Based,1,17,10,51,41,1814,17,6
49,Tempestool,DPS / Supp,Int-Based,1,19,10,51,42,1880,18,6
50,Tempestool,DPS / Supp,Int-Based,1,19,12,52,42,1934,18,6
51,Tempestool,DPS / Supp,Int-Based,1,19,12,53,43,2002,18,6
52,Tempestool,DPS / Supp,Int-Based,1,19,12,54,44,2072,18,6
53,Tempestool,DPS / Supp,Int-Based,1,19,12,55,45,2144,19,6
54,Tempestool,DPS / Supp,Int-Based,1,19,12,56,46,2217,19,6
55,Tempestool,DPS / Supp,Int-Based,1,21,12,56,47,2293,19,7
56,Tempestool,DPS / Supp,Int-Based,1,21,12,57,48,2369,19,7
57,Tempestool,DPS / Supp,Int-Based,1,21,13,58,49,2446,20,7
58,Tempestool,DPS / Supp,Int-Based,1,21,13,59,50,2527,20,7
59,Tempestool,DPS / Supp,Int-Based,1,23,13,60,50,2590,20,7
60,Tempestool,DPS / Supp,Int-Based,1,23,13,61,51,2674,20,7
61,Tempestool,DPS / Supp,Int-Based,1,23,13,62,52,2758,21,7
62,Tempestool,DPS / Supp,Int-Based,1,23,13,63,53,2844,21,7
63,Tempestool,DPS / Supp,Int-Based,1,23,13,64,54,2932,21,7
64,Tempestool,DPS / Supp,Int-Based,1,25,13,65,54,3003,21,8
65,Tempestool,DPS / Supp,Int-Based,1,25,13,66,55,3093,22,8
66,Tempestool,DPS / Supp,Int-Based,1,25,13,67,56,3185,22,8
67,Tempestool,DPS / Supp,Int-Based,1,25,13,68,57,3279,22,8
68,Tempestool,DPS / Supp,Int-Based,1,25,14,69,58,3376,22,8
69,Tempestool,DPS / Supp,Int-Based,1,27,14,69,59,3474,23,8
70,Tempestool,DPS / Supp,Int-Based,1,27,14,70,60,3574,23,8
71,Tempestool,DPS / Supp,Int-Based,1,27,15,71,61,3675,24,8
72,Tempestool,DPS / Supp,Int-Based,1,28,16,72,61,3756,24,8
73,Tempestool,DPS / Supp,Int-Based,1,28,16,73,62,3860,25,9
74,Tempestool,DPS / Supp,Int-Based,1,28,16,74,63,3967,25,9
75,Tempestool,DPS / Supp,Int-Based,1,30,16,75,63,4052,25,9
76,Tempestool,DPS / Supp,Int-Based,1,30,17,76,64,4162,25,9
77,Tempestool,DPS / Supp,Int-Based,1,30,17,77,65,4273,26,9
78,Tempestool,DPS / Supp,Int-Based,1,30,17,78,66,4389,26,9
79,Tempestool,DPS / Supp,Int-Based,1,31,17,78,68,4530,26,9
80,Tempestool,DPS / Supp,Int-Based,1,31,17,80,68,4621,26,9
81,Tempestool,DPS / Supp,Int-Based,1,32,19,80,69,4742,27,9
82,Tempestool,DPS / Supp,Int-Based,1,32,19,81,70,4863,27,10
83,Tempestool,DPS / Supp,Int-Based,1,34,19,82,70,4958,27,10
84,Tempestool,DPS / Supp,Int-Based,1,34,19,83,71,5085,27,10
85,Tempestool,DPS / Supp,Int-Based,1,34,19,84,72,5213,28,10
86,Tempestool,DPS / Supp,Int-Based,1,34,20,85,73,5342,29,10
87,Tempestool,DPS / Supp,Int-Based,1,34,20,86,74,5474,29,10
88,Tempestool,DPS / Supp,Int-Based,1,36,20,87,74,5576,29,10
89,Tempestool,DPS / Supp,Int-Based,1,36,20,88,75,5712,30,10
90,Tempestool,DPS / Supp,Int-Based,1,36,21,89,76,5848,30,10
91,Tempestool,DPS / Supp,Int-Based,1,36,21,90,77,5987,30,11
92,Tempestool,DPS / Supp,Int-Based,1,37,21,90,79,6164,30,11
93,Tempestool,DPS / Supp,Int-Based,1,37,21,92,79,6273,31,11
94,Tempestool,DPS / Supp,Int-Based,1,38,22,92,80,6420,31,11
95,Tempestool,DPS / Supp,Int-Based,1,38,23,93,81,6570,31,11
96,Tempestool,DPS / Supp,Int-Based,1,40,23,94,81,6682,31,11
97,Tempestool,DPS / Supp,Int-Based,1,40,23,95,82,6835,32,11
98,Tempestool,DPS / Supp,Int-Based,1,40,23,96,83,6990,32,11
99,Tempestool,DPS / Supp,Int-Based,1,40,23,97,84,7146,32,11
100,Tempestool,DPS / Supp,Int-Based,1,41,23,98,85,7307,33,12
1,Windlass,Fighter,Strength-based,9,8,5,2,5,173,18,2
2,Windlass,Fighter,Strength-based,10,8,5,2,5,189,21,2
3,Windlass,Fighter,Strength-based,11,8,6,2,5,206,24,2
4,Windlass,Fighter,Strength-based,12,8,6,2,5,224,26,2
5,Windlass,Fighter,Strength-based,12,9,6,2,5,244,28,2
6,Windlass,Fighter,Strength-based,13,9,6,2,6,266,31,3
7,Windlass,Fighter,Strength-based,13,10,7,2,6,287,32,3
8,Windlass,Fighter,Strength-based,14,10,7,2,6,308,35,3
9,Windlass,Fighter,Strength-based,14,11,7,2,7,333,37,3
10,Windlass,Fighter,Strength-based,15,11,8,2,7,357,39,3
11,Windlass,Fighter,Strength-based,15,12,8,2,8,385,41,4
12,Windlass,Fighter,Strength-based,16,12,9,2,8,410,44,4
13,Windlass,Fighter,Strength-based,17,12,9,2,9,440,46,4
14,Windlass,Fighter,Strength-based,17,13,10,2,9,467,49,4
15,Windlass,Fighter,Strength-based,18,13,10,2,10,499,51,4
16,Windlass,Fighter,Strength-based,19,14,10,2,10,528,54,5
17,Windlass,Fighter,Strength-based,20,15,10,2,10,557,60,5
18,Windlass,Fighter,Strength-based,21,15,11,2,10,588,62,5
19,Windlass,Fighter,Strength-based,21,16,11,3,11,624,64,5
20,Windlass,Fighter,Strength-based,22,16,11,4,11,658,67,6
21,Windlass,Fighter,Strength-based,23,17,11,4,11,690,69,6
22,Windlass,Fighter,Strength-based,23,17,12,4,12,731,71,6
23,Windlass,Fighter,Strength-based,24,18,12,4,12,766,74,6
24,Windlass,Fighter,Strength-based,25,19,12,4,12,801,76,6
25,Windlass,Fighter,Strength-based,25,19,13,5,13,846,78,7
26,Windlass,Fighter,Strength-based,26,20,13,5,13,884,80,7
27,Windlass,Fighter,Strength-based,27,20,14,5,13,923,83,7
28,Windlass,Fighter,Strength-based,28,21,14,5,14,971,86,7
29,Windlass,Fighter,Strength-based,29,22,14,5,14,1012,88,7
30,Windlass,Fighter,Strength-based,29,22,15,5,15,1062,91,8
31,Windlass,Fighter,Strength-based,30,23,16,5,15,1105,99,8
32,Windlass,Fighter,Strength-based,31,23,16,5,16,1158,101,8
33,Windlass,Fighter,Strength-based,32,24,16,5,16,1204,104,8
34,Windlass,Fighter,Strength-based,33,24,17,5,17,1260,107,9
35,Windlass,Fighter,Strength-based,33,25,18,5,17,1308,108,9
36,Windlass,Fighter,Strength-based,34,26,18,5,18,1366,111,9
37,Windlass,Fighter,Strength-based,35,27,18,5,18,1416,113,9
38,Windlass,Fighter,Strength-based,36,27,19,5,19,1477,116,9
39,Windlass,Fighter,Strength-based,37,28,19,5,19,1529,119,10
40,Windlass,Fighter,Strength-based,37,29,20,5,20,1594,121,10
41,Windlass,Fighter,Strength-based,38,30,21,5,20,1648,124,10
42,Windlass,Fighter,Strength-based,39,30,21,5,21,1716,127,10
43,Windlass,Fighter,Strength-based,40,31,22,5,21,1772,136,10
44,Windlass,Fighter,Strength-based,41,31,22,5,22,1844,139,11
45,Windlass,Fighter,Strength-based,42,32,22,5,22,1901,142,11
46,Windlass,Fighter,Strength-based,43,33,23,5,22,1960,144,11
47,Windlass,Fighter,Strength-based,44,33,23,5,23,2036,147,11
48,Windlass,Fighter,Strength-based,44,34,24,5,24,2115,148,11
49,Windlass,Fighter,Strength-based,45,35,24,5,24,2177,151,12
50,Windlass,Fighter,Strength-based,46,35,25,5,25,2260,155,12
51,Windlass,Fighter,Strength-based,47,36,25,5,25,2323,157,12
52,Windlass,Fighter,Strength-based,48,37,26,5,25,2390,160,12
53,Windlass,Fighter,Strength-based,49,37,26,5,26,2475,163,13
54,Windlass,Fighter,Strength-based,50,38,27,5,26,2543,174,13
55,Windlass,Fighter,Strength-based,50,39,28,5,27,2633,176,13
56,Windlass,Fighter,Strength-based,51,40,28,5,28,2726,179,13
57,Windlass,Fighter,Strength-based,52,40,29,5,28,2798,181,13
58,Windlass,Fighter,Strength-based,53,41,29,5,29,2893,184,14
59,Windlass,Fighter,Strength-based,54,41,30,5,30,2991,187,14
60,Windlass,Fighter,Strength-based,55,42,30,5,30,3066,190,14
61,Windlass,Fighter,Strength-based,55,43,31,5,31,3167,192,14
62,Windlass,Fighter,Strength-based,56,44,31,5,31,3246,194,14
63,Windlass,Fighter,Strength-based,57,45,32,5,31,3326,197,15
64,Windlass,Fighter,Strength-based,58,45,32,5,32,3432,200,15
65,Windlass,Fighter,Strength-based,59,46,33,5,32,3515,202,15
66,Windlass,Fighter,Strength-based,60,46,34,5,33,3624,216,15
67,Windlass,Fighter,Strength-based,61,47,34,5,33,3709,219,16
68,Windlass,Fighter,Strength-based,62,48,34,5,34,3823,221,16
69,Windlass,Fighter,Strength-based,62,49,35,5,35,3939,224,16
70,Windlass,Fighter,Strength-based,63,49,36,5,35,4028,226,16
71,Windlass,Fighter,Strength-based,64,50,36,5,36,4149,229,16
72,Windlass,Fighter,Strength-based,65,51,36,5,36,4240,232,17
73,Windlass,Fighter,Strength-based,66,52,37,5,36,4332,234,17
74,Windlass,Fighter,Strength-based,67,52,38,5,37,4459,237,17
75,Windlass,Fighter,Strength-based,68,53,38,5,37,4553,240,17
76,Windlass,Fighter,Strength-based,69,53,39,5,38,4685,242,17
77,Windlass,Fighter,Strength-based,70,54,39,5,39,4816,258,18
78,Windlass,Fighter,Strength-based,70,55,40,5,40,4951,261,18
79,Windlass,Fighter,Strength-based,71,56,40,5,40,5054,263,18
80,Windlass,Fighter,Strength-based,72,57,41,5,40,5156,266,18
81,Windlass,Fighter,Strength-based,73,57,42,5,41,5297,268,18
82,Windlass,Fighter,Strength-based,74,58,42,5,41,5401,271,19
83,Windlass,Fighter,Strength-based,75,59,42,5,42,5546,274,19
84,Windlass,Fighter,Strength-based,76,59,43,5,42,5655,276,19
85,Windlass,Fighter,Strength-based,76,60,44,5,43,5804,278,19
86,Windlass,Fighter,Strength-based,77,61,44,5,44,5957,281,20
87,Windlass,Fighter,Strength-based,78,61,45,5,45,6111,284,20
88,Windlass,Fighter,Strength-based,79,62,45,5,45,6226,287,20
89,Windlass,Fighter,Strength-based,80,63,46,5,45,6342,305,20
90,Windlass,Fighter,Strength-based,81,64,46,5,45,6458,307,20
91,Windlass,Fighter,Strength-based,82,64,47,5,46,6622,310,21
92,Windlass,Fighter,Strength-based,83,65,48,5,46,6742,312,21
93,Windlass,Fighter,Strength-based,83,66,49,5,47,6909,314,21
94,Windlass,Fighter,Strength-based,85,66,49,5,47,7032,318,21
95,Windlass,Fighter,Strength-based,85,68,49,5,48,7204,319,21
96,Windlass,Fighter,Strength-based,86,68,50,5,49,7379,323,22
97,Windlass,Fighter,Strength-based,87,69,50,5,49,7506,326,22
98,Windlass,Fighter,Strength-based,88,69,51,5,50,7687,328,22
99,Windlass,Fighter,Strength-based,89,70,52,5,50,7818,331,22
100,Windlass,Fighter,Strength-based,90,71,52,5,51,8003,351,23
1,Tempestrook,DPS,Strength-based,9,4,7,2,7,149,18,2
2,Tempestrook,DPS,Strength-based,10,4,7,2,7,164,21,2
3,Tempestrook,DPS,Strength-based,11,5,7,2,7,179,24,2
4,Tempestrook,DPS,Strength-based,12,5,7,2,7,196,27,2
5,Tempestrook,DPS,Strength-based,13,5,7,2,7,214,30,2
6,Tempestrook,DPS,Strength-based,14,5,7,2,7,232,33,2
7,Tempestrook,DPS,Strength-based,14,5,8,2,8,252,35,2
8,Tempestrook,DPS,Strength-based,15,5,8,2,9,274,37,3
9,Tempestrook,DPS,Strength-based,15,5,9,2,10,298,39,3
10,Tempestrook,DPS,Strength-based,16,5,9,2,10,319,42,3
11,Tempestrook,DPS,Strength-based,17,5,10,2,10,341,46,3
12,Tempestrook,DPS,Strength-based,17,6,11,2,11,367,48,3
13,Tempestrook,DPS,Strength-based,18,7,11,2,11,390,51,3
14,Tempestrook,DPS,Strength-based,19,8,11,2,11,415,53,3
15,Tempestrook,DPS,Strength-based,19,8,11,3,12,444,55,4
16,Tempestrook,DPS,Strength-based,20,8,12,3,12,470,61,4
17,Tempestrook,DPS,Strength-based,21,8,12,3,13,501,64,4
18,Tempestrook,DPS,Strength-based,22,9,12,3,13,529,67,4
19,Tempestrook,DPS,Strength-based,22,9,13,3,14,563,69,4
20,Tempestrook,DPS,Strength-based,23,10,13,3,14,592,71,4
21,Tempestrook,DPS,Strength-based,24,10,14,3,14,622,74,5
22,Tempestrook,DPS,Strength-based,25,10,14,3,15,658,77,5
23,Tempestrook,DPS,Strength-based,25,10,15,3,16,697,80,5
24,Tempestrook,DPS,Strength-based,26,11,15,4,16,730,83,5
25,Tempestrook,DPS,Strength-based,27,11,16,4,16,764,86,5
26,Tempestrook,DPS,Strength-based,28,11,16,4,17,806,88,5
27,Tempestrook,DPS,Strength-based,28,12,17,4,18,848,90,5
28,Tempestrook,DPS,Strength-based,29,12,17,4,19,892,93,6
29,Tempestrook,DPS,Strength-based,30,12,18,5,19,930,101,6
30,Tempestrook,DPS,Strength-based,31,13,18,5,19,968,104,6
31,Tempestrook,DPS,Strength-based,31,13,19,5,21,1024,106,6
32,Tempestrook,DPS,Strength-based,32,13,20,6,21,1066,109,6
33,Tempestrook,DPS,Strength-based,33,14,20,6,21,1107,112,6
34,Tempestrook,DPS,Strength-based,34,14,20,6,22,1159,115,7
35,Tempestrook,DPS,Strength-based,35,14,21,7,22,1202,118,7
36,Tempestrook,DPS,Strength-based,35,16,21,7,23,1257,120,7
37,Tempestrook,DPS,Strength-based,36,16,22,7,23,1302,123,7
38,Tempestrook,DPS,Strength-based,37,16,22,8,24,1360,126,7
39,Tempestrook,DPS,Strength-based,38,16,23,8,24,1407,128,7
40,Tempestrook,DPS,Strength-based,38,17,24,8,25,1467,130,7
41,Tempestrook,DPS,Strength-based,39,17,24,9,26,1528,133,8
42,Tempestrook,DPS,Strength-based,40,19,24,9,26,1580,143,8
43,Tempestrook,DPS,Strength-based,41,19,24,10,27,1643,146,8
44,Tempestrook,DPS,Strength-based,42,19,25,10,27,1696,150,8
45,Tempestrook,DPS,Strength-based,42,20,26,10,28,1763,151,8
46,Tempestrook,DPS,Strength-based,43,21,26,10,29,1833,154,8
47,Tempestrook,DPS,Strength-based,44,21,27,11,29,1888,157,8
48,Tempestrook,DPS,Strength-based,45,21,27,11,30,1960,160,9
49,Tempestrook,DPS,Strength-based,46,21,28,11,31,2034,163,9
50,Tempestrook,DPS,Strength-based,47,21,29,11,31,2094,166,9
51,Tempestrook,DPS,Strength-based,48,22,29,11,32,2171,168,9
52,Tempestrook,DPS,Strength-based,48,23,30,11,33,2249,171,9
53,Tempestrook,DPS,Strength-based,49,23,31,11,33,2312,174,9
54,Tempestrook,DPS,Strength-based,50,24,31,11,34,2394,186,10
55,Tempestrook,DPS,Strength-based,51,24,32,11,34,2458,189,10
56,Tempestrook,DPS,Strength-based,52,25,32,11,35,2544,192,10
57,Tempestrook,DPS,Strength-based,53,25,32,11,36,2631,194,10
58,Tempestrook,DPS,Strength-based,54,26,33,11,36,2699,197,10
59,Tempestrook,DPS,Strength-based,54,27,34,11,37,2790,199,10
60,Tempestrook,DPS,Strength-based,55,27,34,11,38,2881,202,10
61,Tempestrook,DPS,Strength-based,56,28,35,11,38,2954,206,11
62,Tempestrook,DPS,Strength-based,57,28,36,11,39,3049,209,11
63,Tempestrook,DPS,Strength-based,58,28,36,11,40,3147,211,11
64,Tempestrook,DPS,Strength-based,59,29,37,11,40,3224,214,11
65,Tempestrook,DPS,Strength-based,60,30,37,11,41,3324,228,11
66,Tempestrook,DPS,Strength-based,60,31,38,11,42,3427,230,11
67,Tempestrook,DPS,Strength-based,61,31,39,11,43,3532,233,12
68,Tempestrook,DPS,Strength-based,62,32,39,11,43,3613,236,12
69,Tempestrook,DPS,Strength-based,63,32,40,11,44,3722,240,12
70,Tempestrook,DPS,Strength-based,64,33,40,11,44,3807,242,12
71,Tempestrook,DPS,Strength-based,65,33,41,11,45,3919,245,12
72,Tempestrook,DPS,Strength-based,66,33,41,11,46,4032,248,12
73,Tempestrook,DPS,Strength-based,67,34,42,11,46,4121,251,12
74,Tempestrook,DPS,Strength-based,67,35,43,11,47,4239,253,13
75,Tempestrook,DPS,Strength-based,68,36,43,11,48,4358,256,13
76,Tempestrook,DPS,Strength-based,69,36,44,11,48,4451,258,13
77,Tempestrook,DPS,Strength-based,70,37,44,11,49,4575,274,13
78,Tempestrook,DPS,Strength-based,71,37,45,11,50,4701,278,13
79,Tempestrook,DPS,Strength-based,72,37,45,11,51,4830,281,13
80,Tempestrook,DPS,Strength-based,73,38,46,11,51,4928,284,13
81,Tempestrook,DPS,Strength-based,73,39,47,11,52,5060,286,14
82,Tempestrook,DPS,Strength-based,74,40,47,11,53,5195,288,14
83,Tempestrook,DPS,Strength-based,75,41,48,11,53,5296,291,14
84,Tempestrook,DPS,Strength-based,76,41,48,11,54,5436,294,14
85,Tempestrook,DPS,Strength-based,77,41,49,11,55,5576,297,14
86,Tempestrook,DPS,Strength-based,78,41,50,11,55,5683,301,14
87,Tempestrook,DPS,Strength-based,79,42,50,11,56,5829,304,15
88,Tempestrook,DPS,Strength-based,79,43,51,11,57,5976,305,15
89,Tempestrook,DPS,Strength-based,80,44,52,11,57,6088,323,15
90,Tempestrook,DPS,Strength-based,81,45,52,11,58,6239,326,15
91,Tempestrook,DPS,Strength-based,82,45,52,11,59,6393,329,15
92,Tempestrook,DPS,Strength-based,83,45,53,11,60,6550,332,15
93,Tempestrook,DPS,Strength-based,84,45,54,11,60,6667,335,15
94,Tempestrook,DPS,Strength-based,85,46,54,11,61,6828,337,16
95,Tempestrook,DPS,Strength-based,85,47,55,11,62,6991,340,16
96,Tempestrook,DPS,Strength-based,86,48,56,11,62,7113,343,16
97,Tempestrook,DPS,Strength-based,87,49,56,11,63,7282,346,16
98,Tempestrook,DPS,Strength-based,88,49,57,11,63,7406,349,16
99,Tempestrook,DPS,Strength-based,89,49,58,11,64,7580,352,16
100,Tempestrook,DPS,Strength-based,90,50,58,11,65,7755,372,17
1,Velvimp,DPS,Int-Based,1,8,3,9,8,151,4,1
2,Velvimp,DPS,Int-Based,1,8,3,10,8,162,4,1
3,Velvimp,DPS,Int-Based,1,8,4,11,8,173,4,1
4,Velvimp,DPS,Int-Based,1,8,4,12,8,186,4,1
5,Velvimp,DPS,Int-Based,1,8,4,13,8,199,5,1
6,Velvimp,DPS,Int-Based,1,8,4,14,8,212,5,1
7,Velvimp,DPS,Int-Based,1,8,4,15,9,228,5,1
8,Velvimp,DPS,Int-Based,1,8,4,16,9,244,5,1
9,Velvimp,DPS,Int-Based,1,9,4,17,9,259,6,1
10,Velvimp,DPS,Int-Based,1,9,4,18,9,274,6,1
11,Velvimp,DPS,Int-Based,1,9,4,19,10,293,6,1
12,Velvimp,DPS,Int-Based,1,10,4,20,10,311,7,2
13,Velvimp,DPS,Int-Based,1,10,4,21,11,331,7,2
14,Velvimp,DPS,Int-Based,1,11,4,22,11,349,7,2
15,Velvimp,DPS,Int-Based,1,11,5,22,12,371,8,2
16,Velvimp,DPS,Int-Based,1,11,6,23,12,390,9,2
17,Velvimp,DPS,Int-Based,1,12,6,23,13,414,9,2
18,Velvimp,DPS,Int-Based,1,12,7,24,13,436,9,2
19,Velvimp,DPS,Int-Based,1,12,8,25,13,456,9,2
20,Velvimp,DPS,Int-Based,1,13,8,25,14,483,10,2
21,Velvimp,DPS,Int-Based,1,14,8,26,14,506,10,2
22,Velvimp,DPS,Int-Based,1,15,8,27,14,528,10,2
23,Velvimp,DPS,Int-Based,1,15,8,28,15,557,11,3
24,Velvimp,DPS,Int-Based,1,16,8,29,15,581,11,3
25,Velvimp,DPS,Int-Based,1,16,8,30,16,612,11,3
26,Velvimp,DPS,Int-Based,1,17,8,31,16,638,11,3
27,Velvimp,DPS,Int-Based,1,17,8,32,17,670,12,3
28,Velvimp,DPS,Int-Based,1,18,8,33,17,697,12,3
29,Velvimp,DPS,Int-Based,1,19,8,33,19,737,12,3
30,Velvimp,DPS,Int-Based,1,20,8,34,19,766,12,3
31,Velvimp,DPS,Int-Based,1,20,8,35,20,802,13,3
32,Velvimp,DPS,Int-Based,1,21,9,36,20,832,13,3
33,Velvimp,DPS,Int-Based,1,21,9,37,21,871,13,3
34,Velvimp,DPS,Int-Based,1,22,9,38,21,902,14,4
35,Velvimp,DPS,Int-Based,1,22,9,39,22,941,14,4
36,Velvimp,DPS,Int-Based,1,23,10,40,22,976,15,4
37,Velvimp,DPS,Int-Based,1,23,10,41,23,1017,15,4
38,Velvimp,DPS,Int-Based,1,24,10,42,23,1051,16,4
39,Velvimp,DPS,Int-Based,1,25,11,42,24,1096,16,4
40,Velvimp,DPS,Int-Based,1,26,11,43,24,1132,16,4
41,Velvimp,DPS,Int-Based,1,26,11,44,25,1178,16,4
42,Velvimp,DPS,Int-Based,1,27,12,45,25,1216,17,4
43,Velvimp,DPS,Int-Based,1,27,12,46,26,1263,17,4
44,Velvimp,DPS,Int-Based,1,29,12,46,27,1313,17,4
45,Velvimp,DPS,Int-Based,1,29,12,47,28,1364,18,5
46,Velvimp,DPS,Int-Based,1,30,13,48,28,1405,18,5
47,Velvimp,DPS,Int-Based,1,30,13,49,29,1457,18,5
48,Velvimp,DPS,Int-Based,1,31,13,50,30,1511,18,5
49,Velvimp,DPS,Int-Based,1,32,13,51,30,1556,19,5
50,Velvimp,DPS,Int-Based,1,32,13,52,31,1612,19,5
51,Velvimp,DPS,Int-Based,1,33,14,53,31,1657,19,5
52,Velvimp,DPS,Int-Based,1,33,14,54,32,1716,19,5
53,Velvimp,DPS,Int-Based,1,34,14,55,32,1762,20,5
54,Velvimp,DPS,Int-Based,1,36,14,55,33,1823,20,5
55,Velvimp,DPS,Int-Based,1,36,14,56,34,1886,20,5
56,Velvimp,DPS,Int-Based,1,37,15,57,34,1936,22,6
57,Velvimp,DPS,Int-Based,1,37,15,58,35,2000,22,6
58,Velvimp,DPS,Int-Based,1,38,16,59,35,2052,22,6
59,Velvimp,DPS,Int-Based,1,38,17,60,36,2118,22,6
60,Velvimp,DPS,Int-Based,1,39,17,61,36,2171,23,6
61,Velvimp,DPS,Int-Based,1,41,17,61,37,2241,23,6
62,Velvimp,DPS,Int-Based,1,41,18,62,38,2312,23,6
63,Velvimp,DPS,Int-Based,1,41,18,64,38,2368,23,6
64,Velvimp,DPS,Int-Based,1,42,19,64,39,2442,24,6
65,Velvimp,DPS,Int-Based,1,43,19,65,39,2499,24,6
66,Velvimp,DPS,Int-Based,1,43,19,66,41,2594,24,6
67,Velvimp,DPS,Int-Based,1,44,19,67,41,2653,25,7
68,Velvimp,DPS,Int-Based,1,45,20,68,41,2714,26,7
69,Velvimp,DPS,Int-Based,1,45,21,69,42,2794,26,7
70,Velvimp,DPS,Int-Based,1,46,21,70,42,2857,26,7
71,Velvimp,DPS,Int-Based,1,47,21,70,44,2960,27,7
72,Velvimp,DPS,Int-Based,1,48,21,71,44,3025,27,7
73,Velvimp,DPS,Int-Based,1,49,21,72,45,3111,27,7
74,Velvimp,DPS,Int-Based,1,50,21,73,45,3178,27,7
75,Velvimp,DPS,Int-Based,1,50,21,74,46,3267,28,7
76,Velvimp,DPS,Int-Based,1,51,21,75,47,3357,28,7
77,Velvimp,DPS,Int-Based,1,52,21,76,47,3428,28,7
78,Velvimp,DPS,Int-Based,1,52,21,77,49,3544,29,8
79,Velvimp,DPS,Int-Based,1,53,21,78,49,3616,29,8
80,Velvimp,DPS,Int-Based,1,54,21,79,49,3689,29,8
81,Velvimp,DPS,Int-Based,1,55,21,80,50,3787,29,8
82,Velvimp,DPS,Int-Based,1,55,21,81,51,3886,30,8
83,Velvimp,DPS,Int-Based,1,56,21,82,52,3988,30,8
84,Velvimp,DPS,Int-Based,1,57,21,83,52,4066,30,8
85,Velvimp,DPS,Int-Based,1,58,21,84,52,4143,30,8
86,Velvimp,DPS,Int-Based,1,59,21,85,53,4248,31,8
87,Velvimp,DPS,Int-Based,1,59,21,86,54,4356,31,8
88,Velvimp,DPS,Int-Based,1,61,21,86,55,4467,31,8
89,Velvimp,DPS,Int-Based,1,61,21,88,55,4549,32,9
90,Velvimp,DPS,Int-Based,1,62,21,88,57,4691,32,9
91,Velvimp,DPS,Int-Based,1,63,21,89,57,4775,32,9
92,Velvimp,DPS,Int-Based,1,63,21,91,57,4862,32,9
93,Velvimp,DPS,Int-Based,1,65,21,91,58,4980,33,9
94,Velvimp,DPS,Int-Based,1,65,21,92,59,5099,33,9
95,Velvimp,DPS,Int-Based,1,66,21,93,60,5220,33,9
96,Velvimp,DPS,Int-Based,1,67,21,94,60,5310,33,9
97,Velvimp,DPS,Int-Based,1,67,21,95,61,5435,34,9
98,Velvimp,DPS,Int-Based,1,68,21,96,62,5561,34,9
99,Velvimp,DPS,Int-Based,1,69,21,97,62,5655,34,9
100,Velvimp,DPS,Int-Based,1,70,21,98,63,5786,35,10
1,Brooktoad,Supp,Int-Based,1,5,5,9,9,163,5,1
2,Brooktoad,Supp,Int-Based,1,5,5,10,9,177,5,1
3,Brooktoad,Supp,Int-Based,1,5,5,11,10,193,5,1
4,Brooktoad,Supp,Int-Based,1,5,5,12,10,209,5,1
5,Brooktoad,Supp,Int-Based,1,5,5,13,10,225,5,1
6,Brooktoad,Supp,Int-Based,1,6,5,13,11,245,6,1
7,Brooktoad,Supp,Int-Based,1,6,5,14,11,263,6,1
8,Brooktoad,Supp,Int-Based,1,6,6,15,11,280,6,1
9,Brooktoad,Supp,Int-Based,1,6,6,15,12,303,6,2
10,Brooktoad,Supp,Int-Based,1,7,6,16,12,322,6,2
11,Brooktoad,Supp,Int-Based,1,7,7,17,12,343,7,2
12,Brooktoad,Supp,Int-Based,1,8,7,17,13,368,7,2
13,Brooktoad,Supp,Int-Based,1,8,8,18,13,389,7,2
14,Brooktoad,Supp,Int-Based,1,9,8,18,14,417,7,2
15,Brooktoad,Supp,Int-Based,1,9,9,19,14,440,7,2
16,Brooktoad,Supp,Int-Based,1,9,9,20,15,469,8,3
17,Brooktoad,Supp,Int-Based,1,9,9,21,16,498,8,3
18,Brooktoad,Supp,Int-Based,1,9,9,21,18,534,8,3
19,Brooktoad,Supp,Int-Based,1,10,9,22,18,561,8,3
20,Brooktoad,Supp,Int-Based,1,10,10,23,18,590,10,3
21,Brooktoad,Supp,Int-Based,1,10,10,24,19,623,10,3
22,Brooktoad,Supp,Int-Based,1,10,10,25,20,658,10,3
23,Brooktoad,Supp,Int-Based,1,10,10,26,21,695,10,4
24,Brooktoad,Supp,Int-Based,1,11,10,27,21,727,10,4
25,Brooktoad,Supp,Int-Based,1,11,10,28,22,766,11,4
26,Brooktoad,Supp,Int-Based,1,11,10,29,23,805,11,4
27,Brooktoad,Supp,Int-Based,1,11,10,30,24,846,11,4
28,Brooktoad,Supp,Int-Based,1,11,10,31,25,890,11,4
29,Brooktoad,Supp,Int-Based,1,11,10,31,27,941,11,4
30,Brooktoad,Supp,Int-Based,1,12,10,32,27,979,12,5
31,Brooktoad,Supp,Int-Based,1,12,10,33,28,1025,12,5
32,Brooktoad,Supp,Int-Based,1,12,10,34,29,1073,12,5
33,Brooktoad,Supp,Int-Based,1,12,10,35,30,1123,12,5
34,Brooktoad,Supp,Int-Based,1,12,10,36,31,1173,13,5
35,Brooktoad,Supp,Int-Based,1,12,11,37,31,1216,13,5
36,Brooktoad,Supp,Int-Based,1,12,11,38,32,1269,13,5
37,Brooktoad,Supp,Int-Based,1,12,11,39,33,1324,13,6
38,Brooktoad,Supp,Int-Based,1,12,11,40,34,1381,13,6
39,Brooktoad,Supp,Int-Based,1,12,11,41,35,1439,14,6
40,Brooktoad,Supp,Int-Based,1,12,11,42,36,1498,14,6
41,Brooktoad,Supp,Int-Based,1,12,11,43,37,1560,14,6
42,Brooktoad,Supp,Int-Based,1,12,11,44,38,1622,14,6
43,Brooktoad,Supp,Int-Based,1,12,11,45,39,1686,14,6
44,Brooktoad,Supp,Int-Based,1,12,11,46,40,1751,15,7
45,Brooktoad,Supp,Int-Based,1,12,11,47,41,1818,15,7
46,Brooktoad,Supp,Int-Based,1,12,11,48,42,1888,15,7
47,Brooktoad,Supp,Int-Based,1,12,11,49,43,1959,15,7
48,Brooktoad,Supp,Int-Based,1,12,11,50,44,2030,15,7
49,Brooktoad,Supp,Int-Based,1,12,11,51,45,2105,16,7
50,Brooktoad,Supp,Int-Based,1,12,11,52,46,2179,16,7
51,Brooktoad,Supp,Int-Based,1,13,12,53,46,2242,16,8
52,Brooktoad,Supp,Int-Based,1,13,12,54,47,2321,16,8
53,Brooktoad,Supp,Int-Based,1,13,12,55,48,2400,17,8
54,Brooktoad,Supp,Int-Based,1,13,12,56,49,2483,17,8
55,Brooktoad,Supp,Int-Based,1,13,12,57,50,2566,17,8
56,Brooktoad,Supp,Int-Based,1,14,13,57,51,2653,17,8
57,Brooktoad,Supp,Int-Based,1,14,13,58,52,2740,17,8
58,Brooktoad,Supp,Int-Based,1,14,13,59,53,2830,18,9
59,Brooktoad,Supp,Int-Based,1,15,15,60,53,2902,19,9
60,Brooktoad,Supp,Int-Based,1,15,15,61,54,2995,19,9
61,Brooktoad,Supp,Int-Based,1,15,15,62,55,3089,19,9
62,Brooktoad,Supp,Int-Based,1,15,15,63,56,3185,19,9
63,Brooktoad,Supp,Int-Based,1,15,15,64,57,3284,20,9
64,Brooktoad,Supp,Int-Based,1,15,15,65,58,3384,20,9
65,Brooktoad,Supp,Int-Based,1,15,15,66,59,3486,20,10
66,Brooktoad,Supp,Int-Based,1,16,16,67,59,3567,20,10
67,Brooktoad,Supp,Int-Based,1,17,16,68,60,3673,21,10
68,Brooktoad,Supp,Int-Based,1,17,16,69,61,3781,21,10
69,Brooktoad,Supp,Int-Based,1,18,18,69,62,3891,21,10
70,Brooktoad,Supp,Int-Based,1,18,18,70,63,4003,21,10
71,Brooktoad,Supp,Int-Based,1,18,18,71,64,4116,21,10
72,Brooktoad,Supp,Int-Based,1,18,18,72,65,4232,22,11
73,Brooktoad,Supp,Int-Based,1,18,18,73,66,4350,22,11
74,Brooktoad,Supp,Int-Based,1,18,18,74,67,4470,22,11
75,Brooktoad,Supp,Int-Based,1,20,19,75,67,4565,22,11
76,Brooktoad,Supp,Int-Based,1,20,19,76,68,4688,22,11
77,Brooktoad,Supp,Int-Based,1,20,19,77,69,4814,23,11
78,Brooktoad,Supp,Int-Based,1,20,20,78,70,4943,24,11
79,Brooktoad,Supp,Int-Based,1,20,20,79,71,5073,24,12
80,Brooktoad,Supp,Int-Based,1,20,20,80,72,5206,24,12
81,Brooktoad,Supp,Int-Based,1,22,21,80,73,5340,24,12
82,Brooktoad,Supp,Int-Based,1,22,21,81,74,5479,25,12
83,Brooktoad,Supp,Int-Based,1,22,21,82,75,5617,25,12
84,Brooktoad,Supp,Int-Based,1,23,22,83,75,5726,25,12
85,Brooktoad,Supp,Int-Based,1,23,22,84,76,5869,25,12
86,Brooktoad,Supp,Int-Based,1,23,23,85,77,6016,26,13
87,Brooktoad,Supp,Int-Based,1,23,23,86,78,6164,26,13
88,Brooktoad,Supp,Int-Based,1,23,23,87,79,6313,26,13
89,Brooktoad,Supp,Int-Based,1,23,23,88,80,6465,26,13
90,Brooktoad,Supp,Int-Based,1,24,23,89,81,6620,26,13
91,Brooktoad,Supp,Int-Based,1,25,24,89,82,6779,27,13
92,Brooktoad,Supp,Int-Based,1,25,25,90,83,6939,28,13
93,Brooktoad,Supp,Int-Based,1,25,25,92,83,7061,28,14
94,Brooktoad,Supp,Int-Based,1,25,25,93,84,7227,28,14
95,Brooktoad,Supp,Int-Based,1,25,25,94,85,7392,28,14
96,Brooktoad,Supp,Int-Based,1,27,26,94,86,7562,29,14
97,Brooktoad,Supp,Int-Based,1,27,26,95,87,7734,29,14
98,Brooktoad,Supp,Int-Based,1,27,26,96,88,7907,29,14
99,Brooktoad,Supp,Int-Based,1,27,26,97,89,8085,29,14
100,Brooktoad,Supp,Int-Based,1,27,27,98,90,8265,30,15
1,Puffiend,DPS,Dex-Based,1,9,9,3,7,149,17,1
2,Puffiend,DPS,Dex-Based,1,9,10,3,7,161,20,1
3,Puffiend,DPS,Dex-Based,1,10,11,3,7,175,23,1
4,Puffiend,DPS,Dex-Based,1,10,12,3,7,189,25,1
5,Puffiend,DPS,Dex-Based,1,11,12,3,7,204,27,1
6,Puffiend,DPS,Dex-Based,1,11,13,3,8,221,29,1
7,Puffiend,DPS,Dex-Based,1,12,13,3,8,237,31,1
8,Puffiend,DPS,Dex-Based,1,12,14,3,9,256,33,1
9,Puffiend,DPS,Dex-Based,1,13,14,3,9,273,35,2
10,Puffiend,DPS,Dex-Based,1,13,15,3,10,293,37,2
11,Puffiend,DPS,Dex-Based,1,13,16,3,11,315,40,2
12,Puffiend,DPS,Dex-Based,1,14,16,4,11,335,41,2
13,Puffiend,DPS,Dex-Based,1,14,17,5,11,355,44,2
14,Puffiend,DPS,Dex-Based,1,15,17,6,11,375,45,2
15,Puffiend,DPS,Dex-Based,1,15,18,7,11,396,48,2
16,Puffiend,DPS,Dex-Based,1,16,19,7,11,418,51,2
17,Puffiend,DPS,Dex-Based,1,17,20,7,11,440,56,3
18,Puffiend,DPS,Dex-Based,1,18,21,7,11,463,59,3
19,Puffiend,DPS,Dex-Based,1,19,21,7,12,491,60,3
20,Puffiend,DPS,Dex-Based,1,19,22,8,12,516,63,3
21,Puffiend,DPS,Dex-Based,1,20,23,8,12,542,65,3
22,Puffiend,DPS,Dex-Based,1,21,24,8,12,567,68,3
23,Puffiend,DPS,Dex-Based,1,22,24,8,13,598,69,3
24,Puffiend,DPS,Dex-Based,1,22,25,8,14,631,72,4
25,Puffiend,DPS,Dex-Based,1,22,26,8,15,665,74,4
26,Puffiend,DPS,Dex-Based,1,23,27,8,15,694,77,4
27,Puffiend,DPS,Dex-Based,1,24,28,8,15,724,79,4
28,Puffiend,DPS,Dex-Based,1,25,28,8,16,760,81,4
29,Puffiend,DPS,Dex-Based,1,26,29,8,16,792,83,4
30,Puffiend,DPS,Dex-Based,1,26,30,8,17,831,91,4
31,Puffiend,DPS,Dex-Based,1,27,31,8,18,872,94,4
32,Puffiend,DPS,Dex-Based,1,28,32,8,18,905,96,5
33,Puffiend,DPS,Dex-Based,1,29,33,8,18,939,99,5
34,Puffiend,DPS,Dex-Based,1,30,33,8,19,982,100,5
35,Puffiend,DPS,Dex-Based,1,30,34,8,21,1035,103,5
36,Puffiend,DPS,Dex-Based,1,31,35,8,21,1073,105,5
37,Puffiend,DPS,Dex-Based,1,32,36,8,21,1110,108,5
38,Puffiend,DPS,Dex-Based,1,33,37,8,21,1149,110,5
39,Puffiend,DPS,Dex-Based,1,33,38,8,22,1198,113,5
40,Puffiend,DPS,Dex-Based,1,34,39,8,22,1238,115,6
41,Puffiend,DPS,Dex-Based,1,35,39,8,24,1299,117,6
42,Puffiend,DPS,Dex-Based,1,36,40,8,24,1342,126,6
43,Puffiend,DPS,Dex-Based,1,37,41,8,24,1385,129,6
44,Puffiend,DPS,Dex-Based,1,37,42,8,25,1440,132,6
45,Puffiend,DPS,Dex-Based,1,38,43,8,25,1485,134,6
46,Puffiend,DPS,Dex-Based,1,39,44,8,26,1542,137,6
47,Puffiend,DPS,Dex-Based,1,40,44,8,27,1601,138,7
48,Puffiend,DPS,Dex-Based,1,41,45,8,28,1661,141,7
49,Puffiend,DPS,Dex-Based,1,42,46,8,28,1710,143,7
50,Puffiend,DPS,Dex-Based,1,42,47,8,29,1773,146,7
51,Puffiend,DPS,Dex-Based,1,43,48,8,29,1824,148,7
52,Puffiend,DPS,Dex-Based,1,44,49,8,30,1888,151,7
53,Puffiend,DPS,Dex-Based,1,44,50,8,31,1955,162,7
54,Puffiend,DPS,Dex-Based,1,45,51,8,31,2009,165,7
55,Puffiend,DPS,Dex-Based,1,47,51,8,32,2079,166,8
56,Puffiend,DPS,Dex-Based,1,47,53,8,32,2134,170,8
57,Puffiend,DPS,Dex-Based,1,48,53,8,33,2206,171,8
58,Puffiend,DPS,Dex-Based,1,49,54,8,33,2263,174,8
59,Puffiend,DPS,Dex-Based,1,50,55,8,34,2338,177,8
60,Puffiend,DPS,Dex-Based,1,50,56,8,35,2415,179,8
61,Puffiend,DPS,Dex-Based,1,51,57,8,35,2475,182,8
62,Puffiend,DPS,Dex-Based,1,52,58,8,36,2555,184,9
63,Puffiend,DPS,Dex-Based,1,53,59,8,36,2616,187,9
64,Puffiend,DPS,Dex-Based,1,53,60,8,37,2700,200,9
65,Puffiend,DPS,Dex-Based,1,54,61,8,38,2783,203,9
66,Puffiend,DPS,Dex-Based,1,55,61,8,39,2870,204,9
67,Puffiend,DPS,Dex-Based,1,56,62,8,40,2956,207,9
68,Puffiend,DPS,Dex-Based,1,57,63,8,40,3025,209,9
69,Puffiend,DPS,Dex-Based,1,57,64,8,41,3116,212,9
70,Puffiend,DPS,Dex-Based,1,58,65,8,41,3185,214,10
71,Puffiend,DPS,Dex-Based,1,59,66,8,42,3278,217,10
72,Puffiend,DPS,Dex-Based,1,60,67,8,42,3351,220,10
73,Puffiend,DPS,Dex-Based,1,61,67,8,44,3471,221,10
74,Puffiend,DPS,Dex-Based,1,62,68,8,44,3546,224,10
75,Puffiend,DPS,Dex-Based,1,62,70,8,44,3621,240,10
76,Puffiend,DPS,Dex-Based,1,63,70,8,46,3749,242,10
77,Puffiend,DPS,Dex-Based,1,64,71,8,46,3826,244,10
78,Puffiend,DPS,Dex-Based,1,65,72,8,46,3905,247,11
79,Puffiend,DPS,Dex-Based,1,65,73,8,48,4038,249,11
80,Puffiend,DPS,Dex-Based,1,66,74,8,48,4120,252,11
81,Puffiend,DPS,Dex-Based,1,67,75,8,48,4203,254,11
82,Puffiend,DPS,Dex-Based,1,68,76,8,49,4315,257,11
83,Puffiend,DPS,Dex-Based,1,69,76,8,50,4428,258,11
84,Puffiend,DPS,Dex-Based,1,70,77,8,51,4545,261,11
85,Puffiend,DPS,Dex-Based,1,71,78,8,51,4631,263,12
86,Puffiend,DPS,Dex-Based,1,71,79,8,53,4782,266,12
87,Puffiend,DPS,Dex-Based,1,72,80,8,53,4871,284,12
88,Puffiend,DPS,Dex-Based,1,73,81,8,53,4963,286,12
89,Puffiend,DPS,Dex-Based,1,74,82,8,53,5055,289,12
90,Puffiend,DPS,Dex-Based,1,74,83,8,55,5214,291,12
91,Puffiend,DPS,Dex-Based,1,75,84,8,55,5308,294,12
92,Puffiend,DPS,Dex-Based,1,76,85,8,55,5404,296,12
93,Puffiend,DPS,Dex-Based,1,77,86,8,56,5536,299,13
94,Puffiend,DPS,Dex-Based,1,78,86,8,57,5670,300,13
95,Puffiend,DPS,Dex-Based,1,79,87,8,58,5806,303,13
96,Puffiend,DPS,Dex-Based,1,80,88,8,58,5907,305,13
97,Puffiend,DPS,Dex-Based,1,80,89,8,60,6084,308,13
98,Puffiend,DPS,Dex-Based,1,81,90,8,60,6188,327,13
99,Puffiend,DPS,Dex-Based,1,82,91,8,60,6292,330,13
100,Puffiend,DPS,Dex-Based,1,83,92,8,61,6440,333,14
1,Crucibulk,Tank / Supp,Int-Based,1,5,5,9,9,196,5,3
2,Crucibulk,Tank / Supp,Int-Based,1,5,5,9,10,221,5,3
3,Crucibulk,Tank / Supp,Int-Based,1,5,5,10,11,248,5,3
4,Crucibulk,Tank / Supp,Int-Based,1,5,5,11,11,274,5,3
5,Crucibulk,Tank / Supp,Int-Based,1,5,5,11,12,304,6,4
6,Crucibulk,Tank / Supp,Int-Based,1,6,5,11,13,336,6,4
7,Crucibulk,Tank / Supp,Int-Based,1,6,5,12,13,366,6,4
8,Crucibulk,Tank / Supp,Int-Based,1,6,6,12,14,401,7,4
9,Crucibulk,Tank / Supp,Int-Based,1,6,6,13,14,433,7,5
10,Crucibulk,Tank / Supp,Int-Based,1,7,6,13,15,471,7,5
11,Crucibulk,Tank / Supp,Int-Based,1,8,6,14,15,506,8,5
12,Crucibulk,Tank / Supp,Int-Based,1,8,7,14,16,547,8,6
13,Crucibulk,Tank / Supp,Int-Based,1,9,7,14,17,590,8,6
14,Crucibulk,Tank / Supp,Int-Based,1,9,8,15,17,629,9,6
15,Crucibulk,Tank / Supp,Int-Based,1,10,8,15,18,676,9,6
16,Crucibulk,Tank / Supp,Int-Based,1,10,8,16,19,723,9,7
17,Crucibulk,Tank / Supp,Int-Based,1,10,8,17,20,774,10,7
18,Crucibulk,Tank / Supp,Int-Based,1,10,8,18,21,825,10,7
19,Crucibulk,Tank / Supp,Int-Based,1,10,8,20,21,872,10,8
20,Crucibulk,Tank / Supp,Int-Based,1,10,9,20,22,928,11,8
21,Crucibulk,Tank / Supp,Int-Based,1,10,9,21,23,985,11,8
22,Crucibulk,Tank / Supp,Int-Based,1,11,9,21,24,1045,11,8
23,Crucibulk,Tank / Supp,Int-Based,1,11,9,22,25,1106,12,9
24,Crucibulk,Tank / Supp,Int-Based,1,12,9,23,25,1161,12,9
25,Crucibulk,Tank / Supp,Int-Based,1,13,9,23,26,1225,12,9
26,Crucibulk,Tank / Supp,Int-Based,1,13,9,24,27,1294,13,10
27,Crucibulk,Tank / Supp,Int-Based,1,13,9,25,28,1363,13,10
28,Crucibulk,Tank / Supp,Int-Based,1,13,9,26,29,1435,13,10
29,Crucibulk,Tank / Supp,Int-Based,1,13,9,27,30,1509,14,10
30,Crucibulk,Tank / Supp,Int-Based,1,13,9,28,31,1586,14,11
31,Crucibulk,Tank / Supp,Int-Based,1,13,9,29,32,1664,14,11
32,Crucibulk,Tank / Supp,Int-Based,1,13,9,30,33,1746,15,11
33,Crucibulk,Tank / Supp,Int-Based,1,13,9,31,34,1829,15,12
34,Crucibulk,Tank / Supp,Int-Based,1,14,9,31,35,1915,15,12
35,Crucibulk,Tank / Supp,Int-Based,1,14,9,32,36,2003,15,12
36,Crucibulk,Tank / Supp,Int-Based,1,14,9,33,37,2094,16,12
37,Crucibulk,Tank / Supp,Int-Based,1,14,9,34,38,2187,16,13
38,Crucibulk,Tank / Supp,Int-Based,1,14,9,35,39,2282,16,13
39,Crucibulk,Tank / Supp,Int-Based,1,14,9,36,40,2381,17,13
40,Crucibulk,Tank / Supp,Int-Based,1,14,9,37,41,2481,17,14
41,Crucibulk,Tank / Supp,Int-Based,1,14,9,38,42,2585,17,14
42,Crucibulk,Tank / Supp,Int-Based,1,14,9,39,43,2691,18,14
43,Crucibulk,Tank / Supp,Int-Based,1,14,9,40,44,2800,18,14
44,Crucibulk,Tank / Supp,Int-Based,1,14,9,41,45,2911,18,15
45,Crucibulk,Tank / Supp,Int-Based,1,15,10,41,46,3026,20,15
46,Crucibulk,Tank / Supp,Int-Based,1,15,10,42,47,3142,20,15
47,Crucibulk,Tank / Supp,Int-Based,1,15,10,43,48,3261,20,16
48,Crucibulk,Tank / Supp,Int-Based,1,15,10,44,49,3385,21,16
49,Crucibulk,Tank / Supp,Int-Based,1,15,10,45,50,3510,21,16
50,Crucibulk,Tank / Supp,Int-Based,1,15,10,46,51,3639,21,16
51,Crucibulk,Tank / Supp,Int-Based,1,15,10,47,52,3769,22,17
52,Crucibulk,Tank / Supp,Int-Based,1,15,10,48,53,3903,22,17
53,Crucibulk,Tank / Supp,Int-Based,1,15,10,49,54,4040,22,17
54,Crucibulk,Tank / Supp,Int-Based,1,15,10,50,55,4180,23,17
55,Crucibulk,Tank / Supp,Int-Based,1,15,10,51,56,4324,23,18
56,Crucibulk,Tank / Supp,Int-Based,1,15,10,52,57,4469,23,18
57,Crucibulk,Tank / Supp,Int-Based,1,15,10,53,58,4618,24,18
58,Crucibulk,Tank / Supp,Int-Based,1,15,10,54,59,4771,24,19
59,Crucibulk,Tank / Supp,Int-Based,1,15,10,55,60,4926,24,19
60,Crucibulk,Tank / Supp,Int-Based,1,15,10,56,61,5085,25,19
61,Crucibulk,Tank / Supp,Int-Based,1,15,10,57,62,5247,25,19
62,Crucibulk,Tank / Supp,Int-Based,1,17,10,57,63,5411,25,20
63,Crucibulk,Tank / Supp,Int-Based,1,17,10,58,64,5580,26,20
64,Crucibulk,Tank / Supp,Int-Based,1,17,10,59,65,5751,26,20
65,Crucibulk,Tank / Supp,Int-Based,1,17,10,60,66,5926,26,21
66,Crucibulk,Tank / Supp,Int-Based,1,17,11,61,67,6105,27,21
67,Crucibulk,Tank / Supp,Int-Based,1,19,11,62,67,6249,27,21
68,Crucibulk,Tank / Supp,Int-Based,1,19,11,63,68,6432,27,21
69,Crucibulk,Tank / Supp,Int-Based,1,19,11,64,69,6621,27,22
70,Crucibulk,Tank / Supp,Int-Based,1,19,11,64,71,6851,28,22
71,Crucibulk,Tank / Supp,Int-Based,1,19,11,65,72,7046,28,22
72,Crucibulk,Tank / Supp,Int-Based,1,21,12,66,72,7205,28,23
73,Crucibulk,Tank / Supp,Int-Based,1,21,12,67,73,7406,29,23
74,Crucibulk,Tank / Supp,Int-Based,1,21,12,68,74,7610,29,23
75,Crucibulk,Tank / Supp,Int-Based,1,21,12,69,75,7819,29,23
76,Crucibulk,Tank / Supp,Int-Based,1,21,13,70,76,8032,30,24
77,Crucibulk,Tank / Supp,Int-Based,1,21,13,71,77,8248,30,24
78,Crucibulk,Tank / Supp,Int-Based,1,23,13,71,78,8467,30,24
79,Crucibulk,Tank / Supp,Int-Based,1,23,13,72,79,8692,31,25
80,Crucibulk,Tank / Supp,Int-Based,1,23,13,73,80,8919,31,25
81,Crucibulk,Tank / Supp,Int-Based,1,23,14,74,81,9149,31,25
82,Crucibulk,Tank / Supp,Int-Based,1,23,14,75,82,9383,32,25
83,Crucibulk,Tank / Supp,Int-Based,1,23,14,76,83,9623,32,26
84,Crucibulk,Tank / Supp,Int-Based,1,24,16,77,83,9812,33,26
85,Crucibulk,Tank / Supp,Int-Based,1,24,16,78,84,10057,34,26
86,Crucibulk,Tank / Supp,Int-Based,1,24,16,78,86,10362,34,27
87,Crucibulk,Tank / Supp,Int-Based,1,26,17,79,86,10561,34,27
88,Crucibulk,Tank / Supp,Int-Based,1,26,17,80,87,10817,35,27
89,Crucibulk,Tank / Supp,Int-Based,1,26,17,81,88,11078,35,27
90,Crucibulk,Tank / Supp,Int-Based,1,26,17,82,89,11343,35,28
91,Crucibulk,Tank / Supp,Int-Based,1,26,18,83,90,11614,36,28
92,Crucibulk,Tank / Supp,Int-Based,1,26,18,84,91,11887,36,28
93,Crucibulk,Tank / Supp,Int-Based,1,28,18,84,92,12165,36,29
94,Crucibulk,Tank / Supp,Int-Based,1,28,18,85,93,12446,37,29
95,Crucibulk,Tank / Supp,Int-Based,1,28,18,86,94,12734,37,29
96,Crucibulk,Tank / Supp,Int-Based,1,29,18,87,95,13024,37,29
97,Crucibulk,Tank / Supp,Int-Based,1,29,18,88,96,13318,38,30
98,Crucibulk,Tank / Supp,Int-Based,1,29,18,89,97,13616,38,30
99,Crucibulk,Tank / Supp,Int-Based,1,29,18,90,98,13919,38,30
100,Crucibulk,Tank / Supp,Int-Based,1,30,18,91,99,14228,39,31
1,Starfrog,DPS,Int-Based,1,8,3,9,8,151,4,1
2,Starfrog,DPS,Int-Based,1,8,3,10,8,160,4,1
3,Starfrog,DPS,Int-Based,1,8,4,11,8,172,4,1
4,Starfrog,DPS,Int-Based,1,8,4,12,8,184,4,1
5,Starfrog,DPS,Int-Based,1,8,4,13,8,196,4,1
6,Starfrog,DPS,Int-Based,1,8,4,14,8,209,5,1
7,Starfrog,DPS,Int-Based,1,8,4,15,9,224,5,1
8,Starfrog,DPS,Int-Based,1,8,4,16,9,238,5,1
9,Starfrog,DPS,Int-Based,1,9,4,17,9,252,5,1
10,Starfrog,DPS,Int-Based,1,9,4,18,9,268,6,1
11,Starfrog,DPS,Int-Based,1,10,4,19,9,283,6,1
12,Starfrog,DPS,Int-Based,1,10,4,20,10,301,6,1
13,Starfrog,DPS,Int-Based,1,11,4,21,10,317,6,1
14,Starfrog,DPS,Int-Based,1,11,4,22,11,338,7,1
15,Starfrog,DPS,Int-Based,1,12,5,22,11,356,8,1
16,Starfrog,DPS,Int-Based,1,12,6,23,11,374,8,2
17,Starfrog,DPS,Int-Based,1,13,6,23,12,396,8,2
18,Starfrog,DPS,Int-Based,1,13,7,24,12,415,8,2
19,Starfrog,DPS,Int-Based,1,13,8,25,12,435,9,2
20,Starfrog,DPS,Int-Based,1,14,8,25,13,459,9,2
21,Starfrog,DPS,Int-Based,1,14,8,26,14,485,9,2
22,Starfrog,DPS,Int-Based,1,15,8,27,14,507,9,2
23,Starfrog,DPS,Int-Based,1,15,8,28,15,533,10,2
24,Starfrog,DPS,Int-Based,1,16,8,29,15,557,10,2
25,Starfrog,DPS,Int-Based,1,16,8,30,16,585,10,2
26,Starfrog,DPS,Int-Based,1,17,8,31,16,610,10,2
27,Starfrog,DPS,Int-Based,1,18,8,32,16,634,11,2
28,Starfrog,DPS,Int-Based,1,18,8,33,17,665,11,2
29,Starfrog,DPS,Int-Based,1,20,8,33,18,698,11,2
30,Starfrog,DPS,Int-Based,1,20,8,34,19,730,11,3
31,Starfrog,DPS,Int-Based,1,21,8,35,19,759,11,3
32,Starfrog,DPS,Int-Based,1,21,9,36,20,793,12,3
33,Starfrog,DPS,Int-Based,1,22,9,37,20,823,12,3
34,Starfrog,DPS,Int-Based,1,22,9,38,21,859,12,3
35,Starfrog,DPS,Int-Based,1,23,9,39,21,889,12,3
36,Starfrog,DPS,Int-Based,1,23,10,40,22,928,14,3
37,Starfrog,DPS,Int-Based,1,24,10,41,22,960,14,3
38,Starfrog,DPS,Int-Based,1,25,11,41,23,999,14,3
39,Starfrog,DPS,Int-Based,1,25,11,42,24,1041,14,3
40,Starfrog,DPS,Int-Based,1,26,11,43,24,1076,15,3
41,Starfrog,DPS,Int-Based,1,27,11,44,24,1109,15,3
42,Starfrog,DPS,Int-Based,1,27,12,45,25,1155,15,3
43,Starfrog,DPS,Int-Based,1,28,12,46,25,1190,15,3
44,Starfrog,DPS,Int-Based,1,29,12,46,27,1247,15,4
45,Starfrog,DPS,Int-Based,1,30,12,47,27,1283,16,4
46,Starfrog,DPS,Int-Based,1,30,13,48,28,1332,16,4
47,Starfrog,DPS,Int-Based,1,31,13,49,28,1372,16,4
48,Starfrog,DPS,Int-Based,1,31,13,50,30,1433,16,4
49,Starfrog,DPS,Int-Based,1,32,13,51,30,1475,17,4
50,Starfrog,DPS,Int-Based,1,33,13,52,30,1517,17,4
51,Starfrog,DPS,Int-Based,1,33,14,53,31,1570,17,4
52,Starfrog,DPS,Int-Based,1,34,14,54,31,1613,17,4
53,Starfrog,DPS,Int-Based,1,35,15,54,32,1669,19,4
54,Starfrog,DPS,Int-Based,1,36,15,55,32,1714,19,4
55,Starfrog,DPS,Int-Based,1,36,16,56,33,1772,19,4
56,Starfrog,DPS,Int-Based,1,37,16,57,33,1819,19,4
57,Starfrog,DPS,Int-Based,1,37,17,58,34,1880,20,4
58,Starfrog,DPS,Int-Based,1,38,18,59,34,1928,20,5
59,Starfrog,DPS,Int-Based,1,39,19,59,35,1991,20,5
60,Starfrog,DPS,Int-Based,1,39,19,61,35,2039,20,5
61,Starfrog,DPS,Int-Based,1,41,19,61,36,2105,20,5
62,Starfrog,DPS,Int-Based,1,41,20,62,37,2172,22,5
63,Starfrog,DPS,Int-Based,1,42,20,63,37,2224,22,5
64,Starfrog,DPS,Int-Based,1,42,21,64,38,2293,22,5
65,Starfrog,DPS,Int-Based,1,43,21,65,38,2347,22,5
66,Starfrog,DPS,Int-Based,1,43,21,66,39,2418,23,5
67,Starfrog,DPS,Int-Based,1,44,21,67,40,2492,23,5
68,Starfrog,DPS,Int-Based,1,45,21,68,40,2548,23,5
69,Starfrog,DPS,Int-Based,1,46,21,69,41,2624,23,5
70,Starfrog,DPS,Int-Based,1,47,21,69,42,2700,24,5
71,Starfrog,DPS,Int-Based,1,47,21,71,42,2760,24,5
72,Starfrog,DPS,Int-Based,1,48,21,72,43,2839,24,6
73,Starfrog,DPS,Int-Based,1,50,21,72,44,2920,24,6
74,Starfrog,DPS,Int-Based,1,50,21,73,45,3002,24,6
75,Starfrog,DPS,Int-Based,1,51,21,74,45,3066,25,6
76,Starfrog,DPS,Int-Based,1,52,21,75,46,3152,25,6
77,Starfrog,DPS,Int-Based,1,52,21,76,47,3238,25,6
78,Starfrog,DPS,Int-Based,1,53,21,77,47,3304,25,6
79,Starfrog,DPS,Int-Based,1,54,21,78,48,3393,26,6
80,Starfrog,DPS,Int-Based,1,55,21,79,48,3461,26,6
81,Starfrog,DPS,Int-Based,1,56,21,80,49,3553,26,6
82,Starfrog,DPS,Int-Based,1,56,21,81,50,3648,26,6
83,Starfrog,DPS,Int-Based,1,57,21,82,51,3743,27,6
84,Starfrog,DPS,Int-Based,1,58,21,83,51,3814,27,6
85,Starfrog,DPS,Int-Based,1,58,21,84,52,3912,27,6
86,Starfrog,DPS,Int-Based,1,60,21,85,52,3986,27,7
87,Starfrog,DPS,Int-Based,1,60,21,86,53,4088,27,7
88,Starfrog,DPS,Int-Based,1,62,21,86,54,4190,28,7
89,Starfrog,DPS,Int-Based,1,62,21,88,54,4267,28,7
90,Starfrog,DPS,Int-Based,1,63,21,88,55,4372,28,7
91,Starfrog,DPS,Int-Based,1,64,21,89,56,4480,28,7
92,Starfrog,DPS,Int-Based,1,64,21,91,56,4559,29,7
93,Starfrog,DPS,Int-Based,1,65,21,91,58,4700,29,7
94,Starfrog,DPS,Int-Based,1,66,21,92,58,4782,29,7
95,Starfrog,DPS,Int-Based,1,67,21,93,58,4866,29,7
96,Starfrog,DPS,Int-Based,1,68,21,94,59,4981,30,7
97,Starfrog,DPS,Int-Based,1,68,21,95,60,5097,30,7
98,Starfrog,DPS,Int-Based,1,69,21,96,61,5216,30,7
99,Starfrog,DPS,Int-Based,1,70,21,97,61,5304,30,7
100,Starfrog,DPS,Int-Based,1,71,21,98,62,5427,31,8
1,Auroradrake,Fighter / Supp,Int-Based,1,6,4,9,9,174,4,2
2,Auroradrake,Fighter / Supp,Int-Based,1,6,4,10,9,191,4,2
3,Auroradrake,Fighter / Supp,Int-Based,1,6,4,11,10,213,4,2
4,Auroradrake,Fighter / Supp,Int-Based,1,6,4,12,10,233,4,2
5,Auroradrake,Fighter / Supp,Int-Based,1,6,4,13,10,254,5,2
6,Auroradrake,Fighter / Supp,Int-Based,1,7,4,13,11,278,5,2
7,Auroradrake,Fighter / Supp,Int-Based,1,7,4,14,11,300,5,3
8,Auroradrake,Fighter / Supp,Int-Based,1,8,4,15,11,325,6,3
9,Auroradrake,Fighter / Supp,Int-Based,1,8,4,15,12,352,6,3
10,Auroradrake,Fighter / Supp,Int-Based,1,9,4,16,12,378,6,3
11,Auroradrake,Fighter / Supp,Int-Based,1,10,4,17,12,404,7,3
12,Auroradrake,Fighter / Supp,Int-Based,1,10,5,17,13,436,8,4
13,Auroradrake,Fighter / Supp,Int-Based,1,11,5,18,13,464,8,4
14,Auroradrake,Fighter / Supp,Int-Based,1,11,6,18,14,498,9,4
15,Auroradrake,Fighter / Supp,Int-Based,1,11,7,19,14,528,9,4
16,Auroradrake,Fighter / Supp,Int-Based,1,11,7,20,15,564,9,4
17,Auroradrake,Fighter / Supp,Int-Based,1,11,7,21,16,602,10,4
18,Auroradrake,Fighter / Supp,Int-Based,1,11,8,22,16,635,10,5
19,Auroradrake,Fighter / Supp,Int-Based,1,11,8,22,18,682,10,5
20,Auroradrake,Fighter / Supp,Int-Based,1,11,9,23,18,718,11,5
21,Auroradrake,Fighter / Supp,Int-Based,1,11,9,24,19,761,11,5
22,Auroradrake,Fighter / Supp,Int-Based,1,11,9,25,20,806,11,5
23,Auroradrake,Fighter / Supp,Int-Based,1,12,9,26,20,846,12,6
24,Auroradrake,Fighter / Supp,Int-Based,1,12,9,27,21,894,12,6
25,Auroradrake,Fighter / Supp,Int-Based,1,13,9,28,21,935,12,6
26,Auroradrake,Fighter / Supp,Int-Based,1,13,9,29,22,985,13,6
27,Auroradrake,Fighter / Supp,Int-Based,1,13,9,30,23,1038,13,6
28,Auroradrake,Fighter / Supp,Int-Based,1,14,9,31,23,1083,13,6
29,Auroradrake,Fighter / Supp,Int-Based,1,15,10,31,24,1139,15,7
30,Auroradrake,Fighter / Supp,Int-Based,1,16,10,32,24,1186,15,7
31,Auroradrake,Fighter / Supp,Int-Based,1,16,10,33,25,1245,15,7
32,Auroradrake,Fighter / Supp,Int-Based,1,16,10,34,26,1305,16,7
33,Auroradrake,Fighter / Supp,Int-Based,1,17,11,34,27,1366,16,7
34,Auroradrake,Fighter / Supp,Int-Based,1,17,11,35,28,1431,16,8
35,Auroradrake,Fighter / Supp,Int-Based,1,18,11,36,28,1484,16,8
36,Auroradrake,Fighter / Supp,Int-Based,1,18,11,37,29,1551,17,8
37,Auroradrake,Fighter / Supp,Int-Based,1,19,11,38,30,1619,17,8
38,Auroradrake,Fighter / Supp,Int-Based,1,19,11,39,31,1691,17,8
39,Auroradrake,Fighter / Supp,Int-Based,1,21,11,40,31,1750,18,8
40,Auroradrake,Fighter / Supp,Int-Based,1,21,11,41,32,1824,18,9
41,Auroradrake,Fighter / Supp,Int-Based,1,21,11,42,33,1900,18,9
42,Auroradrake,Fighter / Supp,Int-Based,1,22,11,43,33,1963,19,9
43,Auroradrake,Fighter / Supp,Int-Based,1,23,12,43,34,2043,19,9
44,Auroradrake,Fighter / Supp,Int-Based,1,23,12,44,35,2124,19,9
45,Auroradrake,Fighter / Supp,Int-Based,1,24,12,45,35,2191,20,10
46,Auroradrake,Fighter / Supp,Int-Based,1,24,12,46,36,2276,20,10
47,Auroradrake,Fighter / Supp,Int-Based,1,24,13,47,37,2363,20,10
48,Auroradrake,Fighter / Supp,Int-Based,1,25,14,47,38,2453,21,10
49,Auroradrake,Fighter / Supp,Int-Based,1,26,14,48,38,2525,21,10
50,Auroradrake,Fighter / Supp,Int-Based,1,26,15,49,39,2618,22,10
51,Auroradrake,Fighter / Supp,Int-Based,1,27,16,50,39,2695,23,11
52,Auroradrake,Fighter / Supp,Int-Based,1,27,16,51,40,2791,23,11
53,Auroradrake,Fighter / Supp,Int-Based,1,28,16,51,42,2911,23,11
54,Auroradrake,Fighter / Supp,Int-Based,1,29,16,52,42,2991,24,11
55,Auroradrake,Fighter / Supp,Int-Based,1,29,16,53,43,3094,24,11
56,Auroradrake,Fighter / Supp,Int-Based,1,31,16,54,43,3177,24,12
57,Auroradrake,Fighter / Supp,Int-Based,1,31,16,55,44,3284,25,12
58,Auroradrake,Fighter / Supp,Int-Based,1,31,17,56,45,3394,25,12
59,Auroradrake,Fighter / Supp,Int-Based,1,32,17,57,45,3482,25,12
60,Auroradrake,Fighter / Supp,Int-Based,1,32,18,58,46,3595,26,12
61,Auroradrake,Fighter / Supp,Int-Based,1,33,19,59,46,3686,26,12
62,Auroradrake,Fighter / Supp,Int-Based,1,33,19,60,47,3804,26,13
63,Auroradrake,Fighter / Supp,Int-Based,1,34,19,60,49,3951,27,13
64,Auroradrake,Fighter / Supp,Int-Based,1,35,19,61,49,4046,27,13
65,Auroradrake,Fighter / Supp,Int-Based,1,35,19,62,50,4173,27,13
66,Auroradrake,Fighter / Supp,Int-Based,1,36,19,63,51,4300,28,13
67,Auroradrake,Fighter / Supp,Int-Based,1,37,19,64,51,4400,28,14
68,Auroradrake,Fighter / Supp,Int-Based,1,38,19,65,52,4532,28,14
69,Auroradrake,Fighter / Supp,Int-Based,1,38,19,66,53,4666,28,14
70,Auroradrake,Fighter / Supp,Int-Based,1,39,19,67,53,4772,29,14
71,Auroradrake,Fighter / Supp,Int-Based,1,40,19,68,54,4911,29,14
72,Auroradrake,Fighter / Supp,Int-Based,1,40,19,69,55,5053,29,14
73,Auroradrake,Fighter / Supp,Int-Based,1,41,19,70,56,5196,30,15
74,Auroradrake,Fighter / Supp,Int-Based,1,41,19,71,57,5342,30,15
75,Auroradrake,Fighter / Supp,Int-Based,1,42,19,72,57,5457,30,15
76,Auroradrake,Fighter / Supp,Int-Based,1,43,19,73,58,5609,31,15
77,Auroradrake,Fighter / Supp,Int-Based,1,44,19,73,59,5762,31,15
78,Auroradrake,Fighter / Supp,Int-Based,1,45,19,74,60,5920,31,16
79,Auroradrake,Fighter / Supp,Int-Based,1,45,19,75,61,6079,32,16
80,Auroradrake,Fighter / Supp,Int-Based,1,47,19,76,61,6201,32,16
81,Auroradrake,Fighter / Supp,Int-Based,1,47,19,77,62,6366,32,16
82,Auroradrake,Fighter / Supp,Int-Based,1,47,19,78,63,6533,33,16
83,Auroradrake,Fighter / Supp,Int-Based,1,48,19,79,64,6702,33,16
84,Auroradrake,Fighter / Supp,Int-Based,1,49,19,80,64,6833,33,17
85,Auroradrake,Fighter / Supp,Int-Based,1,50,19,81,65,7009,34,17
86,Auroradrake,Fighter / Supp,Int-Based,1,50,19,82,66,7186,34,17
87,Auroradrake,Fighter / Supp,Int-Based,1,50,19,83,67,7366,34,17
88,Auroradrake,Fighter / Supp,Int-Based,1,51,19,84,68,7549,35,17
89,Auroradrake,Fighter / Supp,Int-Based,1,52,19,85,68,7691,35,18
90,Auroradrake,Fighter / Supp,Int-Based,1,53,19,85,70,7925,35,18
91,Auroradrake,Fighter / Supp,Int-Based,1,53,19,87,70,8071,36,18
92,Auroradrake,Fighter / Supp,Int-Based,1,55,19,87,71,8266,36,18
93,Auroradrake,Fighter / Supp,Int-Based,1,55,19,88,72,8462,36,18
94,Auroradrake,Fighter / Supp,Int-Based,1,56,19,89,72,8613,37,18
95,Auroradrake,Fighter / Supp,Int-Based,1,57,19,90,73,8816,37,19
96,Auroradrake,Fighter / Supp,Int-Based,1,57,19,91,74,9021,37,19
97,Auroradrake,Fighter / Supp,Int-Based,1,59,19,92,74,9178,38,19
98,Auroradrake,Fighter / Supp,Int-Based,1,59,19,93,75,9390,38,19
99,Auroradrake,Fighter / Supp,Int-Based,1,59,19,94,76,9604,38,19
100,Auroradrake,Fighter / Supp,Int-Based,1,60,19,95,77,9823,39,20
1,Cindertroop,Fighter,Strength-based,9,3,6,2,9,179,18,3
2,Cindertroop,Fighter,Strength-based,9,3,6,2,10,201,19,3
3,Cindertroop,Fighter,Strength-based,10,3,6,2,11,224,22,3
4,Cindertroop,Fighter,Strength-based,11,3,6,2,11,245,25,3
5,Cindertroop,Fighter,Strength-based,11,4,7,2,11,268,26,3
6,Cindertroop,Fighter,Strength-based,11,4,7,2,12,294,28,4
7,Cindertroop,Fighter,Strength-based,12,4,8,2,12,320,30,4
8,Cindertroop,Fighter,Strength-based,12,4,8,2,13,349,32,4
9,Cindertroop,Fighter,Strength-based,13,4,9,2,13,376,34,4
10,Cindertroop,Fighter,Strength-based,13,4,9,2,14,406,36,5
11,Cindertroop,Fighter,Strength-based,14,5,9,2,14,436,38,5
12,Cindertroop,Fighter,Strength-based,14,5,10,2,15,470,41,5
13,Cindertroop,Fighter,Strength-based,15,5,10,2,16,506,43,5
14,Cindertroop,Fighter,Strength-based,16,5,11,2,16,539,46,5
15,Cindertroop,Fighter,Strength-based,16,6,11,2,17,577,47,6
16,Cindertroop,Fighter,Strength-based,17,6,12,2,17,611,50,6
17,Cindertroop,Fighter,Strength-based,18,6,12,2,18,653,52,6
18,Cindertroop,Fighter,Strength-based,18,6,13,2,19,697,54,6
19,Cindertroop,Fighter,Strength-based,19,7,13,2,19,735,56,7
20,Cindertroop,Fighter,Strength-based,20,7,13,2,20,781,62,7
21,Cindertroop,Fighter,Strength-based,20,8,14,2,21,828,63,7
22,Cindertroop,Fighter,Strength-based,21,8,14,2,22,878,66,7
23,Cindertroop,Fighter,Strength-based,22,8,15,2,22,921,69,7
24,Cindertroop,Fighter,Strength-based,22,9,15,2,23,974,71,8
25,Cindertroop,Fighter,Strength-based,23,9,16,2,23,1019,73,8
26,Cindertroop,Fighter,Strength-based,24,9,16,2,24,1075,76,8
27,Cindertroop,Fighter,Strength-based,24,10,17,2,25,1132,77,8
28,Cindertroop,Fighter,Strength-based,25,10,17,2,26,1191,80,9
29,Cindertroop,Fighter,Strength-based,26,10,18,2,26,1242,82,9
30,Cindertroop,Fighter,Strength-based,26,11,18,3,27,1305,84,9
31,Cindertroop,Fighter,Strength-based,27,12,19,3,27,1358,86,9
32,Cindertroop,Fighter,Strength-based,28,12,19,3,28,1424,89,9
33,Cindertroop,Fighter,Strength-based,28,12,21,3,29,1492,91,10
34,Cindertroop,Fighter,Strength-based,29,12,21,3,30,1562,94,10
35,Cindertroop,Fighter,Strength-based,30,12,21,4,31,1633,101,10
36,Cindertroop,Fighter,Strength-based,31,14,21,4,31,1695,103,10
37,Cindertroop,Fighter,Strength-based,31,14,22,4,32,1770,105,11
38,Cindertroop,Fighter,Strength-based,32,14,22,4,33,1847,107,11
39,Cindertroop,Fighter,Strength-based,33,14,23,5,33,1912,110,11
40,Cindertroop,Fighter,Strength-based,34,14,23,5,34,1993,112,11
41,Cindertroop,Fighter,Strength-based,34,14,24,6,35,2077,114,11
42,Cindertroop,Fighter,Strength-based,35,16,24,6,35,2146,116,12
43,Cindertroop,Fighter,Strength-based,35,16,25,7,36,2233,119,12
44,Cindertroop,Fighter,Strength-based,36,16,25,7,37,2322,121,12
45,Cindertroop,Fighter,Strength-based,37,17,26,7,37,2396,124,12
46,Cindertroop,Fighter,Strength-based,38,17,26,8,38,2489,126,13
47,Cindertroop,Fighter,Strength-based,38,18,27,8,39,2585,128,13
48,Cindertroop,Fighter,Strength-based,39,18,27,9,40,2682,130,13
49,Cindertroop,Fighter,Strength-based,40,19,28,9,40,2762,140,13
50,Cindertroop,Fighter,Strength-based,41,19,28,10,41,2865,142,13
51,Cindertroop,Fighter,Strength-based,41,20,29,10,42,2967,144,14
52,Cindertroop,Fighter,Strength-based,42,20,29,10,43,3074,146,14
53,Cindertroop,Fighter,Strength-based,43,20,31,10,43,3161,150,14
54,Cindertroop,Fighter,Strength-based,44,20,31,10,44,3271,152,14
55,Cindertroop,Fighter,Strength-based,44,21,32,10,45,3385,154,15
56,Cindertroop,Fighter,Strength-based,45,21,32,11,46,3501,156,15
57,Cindertroop,Fighter,Strength-based,46,21,32,11,47,3619,159,15
58,Cindertroop,Fighter,Strength-based,47,22,33,11,47,3713,161,15
59,Cindertroop,Fighter,Strength-based,48,22,33,12,48,3836,164,15
60,Cindertroop,Fighter,Strength-based,48,22,34,12,49,3960,165,16
61,Cindertroop,Fighter,Strength-based,49,23,34,12,50,4089,168,16
62,Cindertroop,Fighter,Strength-based,50,23,35,12,51,4218,180,16
63,Cindertroop,Fighter,Strength-based,51,24,36,12,51,4323,183,16
64,Cindertroop,Fighter,Strength-based,52,24,36,12,52,4458,185,17
65,Cindertroop,Fighter,Strength-based,52,25,37,12,53,4594,187,17
66,Cindertroop,Fighter,Strength-based,53,25,37,12,54,4735,189,17
67,Cindertroop,Fighter,Strength-based,54,26,38,12,54,4846,192,17
68,Cindertroop,Fighter,Strength-based,54,27,39,12,55,4991,193,17
69,Cindertroop,Fighter,Strength-based,55,28,39,12,56,5138,195,18
70,Cindertroop,Fighter,Strength-based,56,29,40,12,56,5255,199,18
71,Cindertroop,Fighter,Strength-based,57,29,40,12,57,5407,201,18
72,Cindertroop,Fighter,Strength-based,58,29,41,12,58,5563,204,18
73,Cindertroop,Fighter,Strength-based,58,30,42,12,59,5720,205,19
74,Cindertroop,Fighter,Strength-based,59,31,42,12,60,5881,208,19
75,Cindertroop,Fighter,Strength-based,60,31,43,12,60,6008,221,19
76,Cindertroop,Fighter,Strength-based,61,31,43,12,62,6212,224,19
77,Cindertroop,Fighter,Strength-based,62,31,44,12,62,6342,226,19
78,Cindertroop,Fighter,Strength-based,62,32,45,12,63,6515,229,20
79,Cindertroop,Fighter,Strength-based,63,33,45,12,64,6689,231,20
80,Cindertroop,Fighter,Strength-based,64,33,46,12,64,6825,234,20
81,Cindertroop,Fighter,Strength-based,65,33,47,12,65,7005,236,20
82,Cindertroop,Fighter,Strength-based,66,33,47,12,66,7189,239,21
83,Cindertroop,Fighter,Strength-based,66,34,48,12,67,7376,240,21
84,Cindertroop,Fighter,Strength-based,67,35,48,12,68,7565,243,21
85,Cindertroop,Fighter,Strength-based,68,36,49,12,68,7711,245,21
86,Cindertroop,Fighter,Strength-based,69,36,50,12,69,7905,249,21
87,Cindertroop,Fighter,Strength-based,70,36,50,12,70,8103,264,22
88,Cindertroop,Fighter,Strength-based,70,38,51,12,71,8305,266,22
89,Cindertroop,Fighter,Strength-based,71,38,51,12,72,8510,268,22
90,Cindertroop,Fighter,Strength-based,72,38,53,12,72,8667,271,22
91,Cindertroop,Fighter,Strength-based,73,38,53,12,73,8876,273,23
92,Cindertroop,Fighter,Strength-based,74,39,53,12,74,9091,276,23
93,Cindertroop,Fighter,Strength-based,74,40,54,12,75,9308,277,23
94,Cindertroop,Fighter,Strength-based,75,40,54,12,76,9526,280,23
95,Cindertroop,Fighter,Strength-based,76,40,55,12,77,9750,283,23
96,Cindertroop,Fighter,Strength-based,77,41,56,12,77,9920,286,24
97,Cindertroop,Fighter,Strength-based,78,41,56,12,78,10151,288,24
98,Cindertroop,Fighter,Strength-based,78,42,57,12,79,10383,290,24
99,Cindertroop,Fighter,Strength-based,79,43,57,12,80,10620,292,24
100,Cindertroop,Fighter,Strength-based,80,43,58,12,81,10860,310,25
1,Cloverguard,Tank,Strength-based,6,9,4,1,9,207,14,3
2,Cloverguard,Tank,Strength-based,6,9,4,1,10,231,15,3
3,Cloverguard,Tank,Strength-based,7,9,4,1,11,256,17,3
4,Cloverguard,Tank,Strength-based,7,10,4,1,11,281,18,3
5,Cloverguard,Tank,Strength-based,7,10,4,1,12,310,19,4
6,Cloverguard,Tank,Strength-based,7,11,5,1,12,337,21,4
7,Cloverguard,Tank,Strength-based,8,11,5,1,13,369,23,4
8,Cloverguard,Tank,Strength-based,8,12,5,1,13,398,24,4
9,Cloverguard,Tank,Strength-based,9,12,5,1,14,433,27,5
10,Cloverguard,Tank,Strength-based,9,13,5,1,14,465,28,5
11,Cloverguard,Tank,Strength-based,10,13,6,2,14,498,31,5
12,Cloverguard,Tank,Strength-based,11,13,6,2,15,537,33,5
13,Cloverguard,Tank,Strength-based,11,14,7,2,15,572,34,6
14,Cloverguard,Tank,Strength-based,11,14,8,2,16,614,35,6
15,Cloverguard,Tank,Strength-based,11,15,8,3,16,651,36,6
16,Cloverguard,Tank,Strength-based,11,16,8,3,17,697,37,6
17,Cloverguard,Tank,Strength-based,12,16,8,3,18,744,40,7
18,Cloverguard,Tank,Strength-based,12,17,8,3,19,792,41,7
19,Cloverguard,Tank,Strength-based,13,17,8,3,20,843,43,7
20,Cloverguard,Tank,Strength-based,13,18,8,3,21,896,44,7
21,Cloverguard,Tank,Strength-based,13,19,10,3,21,942,46,8
22,Cloverguard,Tank,Strength-based,14,19,10,3,22,997,48,8
23,Cloverguard,Tank,Strength-based,15,20,10,3,22,1047,50,8
24,Cloverguard,Tank,Strength-based,15,21,10,3,23,1107,52,8
25,Cloverguard,Tank,Strength-based,16,21,10,3,24,1168,54,9
26,Cloverguard,Tank,Strength-based,17,22,11,3,24,1221,56,9
27,Cloverguard,Tank,Strength-based,17,23,11,3,25,1286,57,9
28,Cloverguard,Tank,Strength-based,17,24,11,3,26,1353,58,9
29,Cloverguard,Tank,Strength-based,18,24,12,4,26,1411,60,10
30,Cloverguard,Tank,Strength-based,18,25,12,4,27,1482,61,10
31,Cloverguard,Tank,Strength-based,19,25,12,5,28,1555,63,10
32,Cloverguard,Tank,Strength-based,19,26,12,5,29,1630,65,10
33,Cloverguard,Tank,Strength-based,20,26,13,5,30,1708,70,11
34,Cloverguard,Tank,Strength-based,21,27,13,6,30,1774,72,11
35,Cloverguard,Tank,Strength-based,21,28,13,6,31,1854,73,11
36,Cloverguard,Tank,Strength-based,21,28,15,6,32,1939,75,11
37,Cloverguard,Tank,Strength-based,22,29,15,7,32,2009,77,12
38,Cloverguard,Tank,Strength-based,22,30,15,7,33,2097,78,12
39,Cloverguard,Tank,Strength-based,23,31,16,7,33,2170,80,12
40,Cloverguard,Tank,Strength-based,23,31,16,7,35,2280,82,12
41,Cloverguard,Tank,Strength-based,24,32,16,7,35,2357,84,13
42,Cloverguard,Tank,Strength-based,24,33,17,7,36,2453,85,13
43,Cloverguard,Tank,Strength-based,25,33,17,7,37,2553,87,13
44,Cloverguard,Tank,Strength-based,25,34,18,7,38,2655,88,13
45,Cloverguard,Tank,Strength-based,26,35,18,7,38,2739,90,14
46,Cloverguard,Tank,Strength-based,27,36,18,7,39,2845,92,14
47,Cloverguard,Tank,Strength-based,28,36,19,7,40,2954,95,14
48,Cloverguard,Tank,Strength-based,28,37,19,7,41,3065,96,14
49,Cloverguard,Tank,Strength-based,28,38,20,7,42,3179,98,15
50,Cloverguard,Tank,Strength-based,29,39,21,7,42,3271,100,15
51,Cloverguard,Tank,Strength-based,30,39,21,7,43,3390,107,15
52,Cloverguard,Tank,Strength-based,31,40,21,7,44,3512,109,15
53,Cloverguard,Tank,Strength-based,31,41,21,7,45,3636,110,16
54,Cloverguard,Tank,Strength-based,31,42,22,7,46,3762,111,16
55,Cloverguard,Tank,Strength-based,32,42,22,7,47,3892,114,16
56,Cloverguard,Tank,Strength-based,33,43,23,7,47,3996,116,16
57,Cloverguard,Tank,Strength-based,33,44,23,7,48,4132,117,17
58,Cloverguard,Tank,Strength-based,34,45,23,7,49,4268,119,17
59,Cloverguard,Tank,Strength-based,35,45,23,7,50,4408,121,17
60,Cloverguard,Tank,Strength-based,35,46,24,7,51,4552,122,17
61,Cloverguard,Tank,Strength-based,36,47,25,7,51,4667,125,18
62,Cloverguard,Tank,Strength-based,36,48,25,7,52,4815,127,18
63,Cloverguard,Tank,Strength-based,37,49,25,7,53,4966,129,18
64,Cloverguard,Tank,Strength-based,38,49,25,7,54,5120,131,18
65,Cloverguard,Tank,Strength-based,38,50,26,7,55,5277,132,19
66,Cloverguard,Tank,Strength-based,39,51,27,7,55,5403,134,19
67,Cloverguard,Tank,Strength-based,39,52,28,7,56,5566,135,19
68,Cloverguard,Tank,Strength-based,40,52,29,7,57,5732,144,19
69,Cloverguard,Tank,Strength-based,40,53,29,7,58,5901,145,20
70,Cloverguard,Tank,Strength-based,42,53,29,7,59,6072,149,20
71,Cloverguard,Tank,Strength-based,42,54,29,7,60,6248,150,20
72,Cloverguard,Tank,Strength-based,43,55,29,7,61,6425,152,20
73,Cloverguard,Tank,Strength-based,44,56,30,7,61,6567,155,21
74,Cloverguard,Tank,Strength-based,44,57,30,7,62,6752,156,21
75,Cloverguard,Tank,Strength-based,44,58,31,7,63,6938,157,21
76,Cloverguard,Tank,Strength-based,45,58,31,7,64,7129,159,21
77,Cloverguard,Tank,Strength-based,46,59,31,7,65,7324,161,22
78,Cloverguard,Tank,Strength-based,47,60,32,7,65,7476,164,22
79,Cloverguard,Tank,Strength-based,47,61,32,7,66,7675,165,22
80,Cloverguard,Tank,Strength-based,47,62,33,7,67,7879,166,22
81,Cloverguard,Tank,Strength-based,48,62,34,7,68,8085,168,23
82,Cloverguard,Tank,Strength-based,48,63,34,7,69,8296,169,23
83,Cloverguard,Tank,Strength-based,49,64,34,7,70,8510,171,23
84,Cloverguard,Tank,Strength-based,50,64,35,7,71,8727,183,23
85,Cloverguard,Tank,Strength-based,51,65,36,7,71,8897,186,24
86,Cloverguard,Tank,Strength-based,51,66,36,7,72,9121,187,24
87,Cloverguard,Tank,Strength-based,52,67,36,7,73,9348,189,24
88,Cloverguard,Tank,Strength-based,52,68,36,7,74,9578,190,24
89,Cloverguard,Tank,Strength-based,53,68,37,7,75,9814,192,25
90,Cloverguard,Tank,Strength-based,54,69,38,7,75,9996,194,25
91,Cloverguard,Tank,Strength-based,54,70,39,7,76,10236,195,25
92,Cloverguard,Tank,Strength-based,54,71,40,7,77,10481,197,25
93,Cloverguard,Tank,Strength-based,55,71,41,7,78,10729,200,26
94,Cloverguard,Tank,Strength-based,56,72,41,7,78,10920,202,26
95,Cloverguard,Tank,Strength-based,57,73,41,7,79,11176,204,26
96,Cloverguard,Tank,Strength-based,57,74,41,7,80,11435,205,26
97,Cloverguard,Tank,Strength-based,58,75,41,7,81,11698,207,27
98,Cloverguard,Tank,Strength-based,59,75,42,7,82,11964,209,27
99,Cloverguard,Tank,Strength-based,59,76,42,7,83,12235,210,27
100,Cloverguard,Tank,Strength-based,60,77,42,7,84,12512,224,28
1,Reefvault,DPS,Strength-based,9,6,7,2,5,147,18,1
2,Reefvault,DPS,Strength-based,10,6,7,2,5,159,21,1
3,Reefvault,DPS,Strength-based,11,6,8,2,5,174,24,1
4,Reefvault,DPS,Strength-based,12,6,8,2,5,189,27,1
5,Reefvault,DPS,Strength-based,13,6,8,2,5,203,30,1
6,Reefvault,DPS,Strength-based,14,6,8,2,5,219,33,1
7,Reefvault,DPS,Strength-based,14,6,9,2,6,238,35,1
8,Reefvault,DPS,Strength-based,15,7,9,2,6,255,38,1
9,Reefvault,DPS,Strength-based,16,7,9,2,6,273,41,2
10,Reefvault,DPS,Strength-based,16,7,10,2,7,294,44,2
11,Reefvault,DPS,Strength-based,17,8,10,2,7,313,46,2
12,Reefvault,DPS,Strength-based,18,8,11,2,7,333,49,2
13,Reefvault,DPS,Strength-based,18,9,11,2,9,360,51,2
14,Reefvault,DPS,Strength-based,19,10,11,2,9,382,54,2
15,Reefvault,DPS,Strength-based,19,10,12,2,10,408,56,2
16,Reefvault,DPS,Strength-based,21,10,12,2,10,431,63,2
17,Reefvault,DPS,Strength-based,21,11,13,2,10,455,65,3
18,Reefvault,DPS,Strength-based,22,11,14,2,10,479,68,3
19,Reefvault,DPS,Strength-based,23,11,14,2,11,509,71,3
20,Reefvault,DPS,Strength-based,23,12,15,2,11,535,73,3
21,Reefvault,DPS,Strength-based,24,12,15,2,12,566,76,3
22,Reefvault,DPS,Strength-based,25,13,15,2,12,593,79,3
23,Reefvault,DPS,Strength-based,26,13,16,2,12,622,82,3
24,Reefvault,DPS,Strength-based,26,14,16,2,13,656,84,4
25,Reefvault,DPS,Strength-based,27,14,17,2,13,685,87,4
26,Reefvault,DPS,Strength-based,28,15,17,3,13,716,90,4
27,Reefvault,DPS,Strength-based,29,15,18,3,13,748,93,4
28,Reefvault,DPS,Strength-based,30,15,18,4,14,786,101,4
29,Reefvault,DPS,Strength-based,30,16,19,5,14,818,102,4
30,Reefvault,DPS,Strength-based,31,16,19,5,15,860,105,4
31,Reefvault,DPS,Strength-based,31,17,21,5,15,893,108,4
32,Reefvault,DPS,Strength-based,32,17,21,6,16,937,111,5
33,Reefvault,DPS,Strength-based,33,18,21,6,16,973,114,5
34,Reefvault,DPS,Strength-based,34,19,21,6,16,1009,117,5
35,Reefvault,DPS,Strength-based,34,20,22,6,17,1055,119,5
36,Reefvault,DPS,Strength-based,35,20,23,6,17,1093,122,5
37,Reefvault,DPS,Strength-based,36,21,23,6,18,1142,125,5
38,Reefvault,DPS,Strength-based,37,21,24,6,18,1182,127,5
39,Reefvault,DPS,Strength-based,38,22,24,6,19,1234,130,5
40,Reefvault,DPS,Strength-based,39,22,25,6,19,1275,134,6
41,Reefvault,DPS,Strength-based,40,23,25,6,20,1328,144,6
42,Reefvault,DPS,Strength-based,40,24,26,6,21,1384,146,6
43,Reefvault,DPS,Strength-based,41,24,27,6,21,1427,149,6
44,Reefvault,DPS,Strength-based,42,24,27,6,22,1485,152,6
45,Reefvault,DPS,Strength-based,43,25,28,6,22,1532,155,6
46,Reefvault,DPS,Strength-based,44,26,28,6,22,1578,158,6
47,Reefvault,DPS,Strength-based,45,26,29,6,23,1640,160,7
48,Reefvault,DPS,Strength-based,45,27,30,6,24,1702,163,7
49,Reefvault,DPS,Strength-based,46,28,30,6,24,1753,166,7
50,Reefvault,DPS,Strength-based,47,28,31,6,25,1818,169,7
51,Reefvault,DPS,Strength-based,48,29,31,6,25,1870,172,7
52,Reefvault,DPS,Strength-based,49,30,32,6,25,1922,175,7
53,Reefvault,DPS,Strength-based,50,31,32,6,26,1992,187,7
54,Reefvault,DPS,Strength-based,51,31,33,6,26,2046,190,7
55,Reefvault,DPS,Strength-based,51,32,34,6,27,2118,192,8
56,Reefvault,DPS,Strength-based,52,32,34,6,29,2208,194,8
57,Reefvault,DPS,Strength-based,53,32,35,6,29,2267,198,8
58,Reefvault,DPS,Strength-based,54,33,35,6,30,2343,201,8
59,Reefvault,DPS,Strength-based,54,34,36,6,31,2422,203,8
60,Reefvault,DPS,Strength-based,56,34,36,6,31,2483,207,8
61,Reefvault,DPS,Strength-based,56,35,38,6,31,2546,209,8
62,Reefvault,DPS,Strength-based,57,36,38,6,31,2608,212,9
63,Reefvault,DPS,Strength-based,58,37,38,6,32,2692,215,9
64,Reefvault,DPS,Strength-based,59,37,39,6,32,2757,218,9
65,Reefvault,DPS,Strength-based,60,38,40,6,32,2823,232,9
66,Reefvault,DPS,Strength-based,61,39,40,6,33,2911,235,9
67,Reefvault,DPS,Strength-based,62,39,41,6,33,2979,238,9
68,Reefvault,DPS,Strength-based,62,40,42,6,34,3071,240,9
69,Reefvault,DPS,Strength-based,63,41,42,6,35,3164,243,9
70,Reefvault,DPS,Strength-based,64,41,43,6,35,3234,246,10
71,Reefvault,DPS,Strength-based,65,42,43,6,36,3332,249,10
72,Reefvault,DPS,Strength-based,66,42,44,6,37,3430,252,10
73,Reefvault,DPS,Strength-based,67,43,44,6,37,3504,255,10
74,Reefvault,DPS,Strength-based,68,44,45,6,37,3579,258,10
75,Reefvault,DPS,Strength-based,68,45,46,6,38,3683,260,10
76,Reefvault,DPS,Strength-based,69,45,46,6,40,3815,263,10
77,Reefvault,DPS,Strength-based,70,46,46,6,40,3894,279,10
78,Reefvault,DPS,Strength-based,71,47,47,6,40,3974,282,11
79,Reefvault,DPS,Strength-based,72,47,48,6,41,4084,285,11
80,Reefvault,DPS,Strength-based,73,48,48,6,41,4166,288,11
81,Reefvault,DPS,Strength-based,74,49,49,6,41,4251,291,11
82,Reefvault,DPS,Strength-based,74,50,50,6,42,4365,294,11
83,Reefvault,DPS,Strength-based,75,50,51,6,43,4483,296,11
84,Reefvault,DPS,Strength-based,76,51,51,6,43,4568,299,11
85,Reefvault,DPS,Strength-based,77,52,52,6,43,4657,302,12
86,Reefvault,DPS,Strength-based,78,52,52,6,44,4779,305,12
87,Reefvault,DPS,Strength-based,79,53,53,6,44,4870,308,12
88,Reefvault,DPS,Strength-based,80,53,54,6,45,4995,326,12
89,Reefvault,DPS,Strength-based,80,55,54,6,46,5123,328,12
90,Reefvault,DPS,Strength-based,81,55,55,6,46,5216,332,12
91,Reefvault,DPS,Strength-based,82,56,55,6,47,5347,335,12
92,Reefvault,DPS,Strength-based,83,56,56,6,48,5481,337,12
93,Reefvault,DPS,Strength-based,84,57,56,6,48,5579,340,13
94,Reefvault,DPS,Strength-based,85,58,57,6,48,5678,343,13
95,Reefvault,DPS,Strength-based,85,59,58,6,49,5816,345,13
96,Reefvault,DPS,Strength-based,86,59,59,6,50,5958,348,13
97,Reefvault,DPS,Strength-based,87,60,59,6,51,6100,351,13
98,Reefvault,DPS,Strength-based,88,60,60,6,51,6206,355,13
99,Reefvault,DPS,Strength-based,89,61,60,6,52,6352,358,13
100,Reefvault,DPS,Strength-based,90,62,61,6,52,6460,378,14
1,Cinderwink,DPS,Int-Based,1,9,4,9,6,148,4,1
2,Cinderwink,DPS,Int-Based,1,9,4,10,6,159,4,1
3,Cinderwink,DPS,Int-Based,1,10,4,11,6,170,4,1
4,Cinderwink,DPS,Int-Based,1,11,4,11,6,182,4,1
5,Cinderwink,DPS,Int-Based,1,11,4,12,6,193,4,1
6,Cinderwink,DPS,Int-Based,1,11,4,13,7,209,5,1
7,Cinderwink,DPS,Int-Based,1,12,4,13,7,222,5,1
8,Cinderwink,DPS,Int-Based,1,12,4,14,8,238,5,1
9,Cinderwink,DPS,Int-Based,1,13,4,14,8,253,5,1
10,Cinderwink,DPS,Int-Based,1,13,4,15,9,271,6,1
11,Cinderwink,DPS,Int-Based,1,14,5,15,9,286,7,1
12,Cinderwink,DPS,Int-Based,1,14,5,16,10,305,7,1
13,Cinderwink,DPS,Int-Based,1,14,5,17,11,326,7,1
14,Cinderwink,DPS,Int-Based,1,15,6,17,11,344,7,1
15,Cinderwink,DPS,Int-Based,1,15,7,18,11,361,8,1
16,Cinderwink,DPS,Int-Based,1,16,7,19,11,380,8,2
17,Cinderwink,DPS,Int-Based,1,17,7,20,11,400,8,2
18,Cinderwink,DPS,Int-Based,1,18,7,21,11,419,8,2
19,Cinderwink,DPS,Int-Based,1,20,7,21,11,440,9,2
20,Cinderwink,DPS,Int-Based,1,20,8,22,11,460,9,2
21,Cinderwink,DPS,Int-Based,1,21,8,23,11,482,9,2
22,Cinderwink,DPS,Int-Based,1,21,8,24,12,508,9,2
23,Cinderwink,DPS,Int-Based,1,22,8,24,13,536,9,2
24,Cinderwink,DPS,Int-Based,1,22,8,25,14,564,10,2
25,Cinderwink,DPS,Int-Based,1,23,8,25,15,593,10,2
26,Cinderwink,DPS,Int-Based,1,24,8,26,15,618,10,2
27,Cinderwink,DPS,Int-Based,1,24,8,28,15,644,10,2
28,Cinderwink,DPS,Int-Based,1,25,8,29,15,670,11,2
29,Cinderwink,DPS,Int-Based,1,26,8,30,15,696,11,2
30,Cinderwink,DPS,Int-Based,1,27,8,31,15,723,11,3
31,Cinderwink,DPS,Int-Based,1,28,8,32,15,750,11,3
32,Cinderwink,DPS,Int-Based,1,29,8,33,15,779,11,3
33,Cinderwink,DPS,Int-Based,1,31,8,33,15,808,12,3
34,Cinderwink,DPS,Int-Based,1,31,8,35,15,837,12,3
35,Cinderwink,DPS,Int-Based,1,32,8,35,16,874,12,3
36,Cinderwink,DPS,Int-Based,1,33,8,36,16,904,12,3
37,Cinderwink,DPS,Int-Based,1,34,8,37,16,936,13,3
38,Cinderwink,DPS,Int-Based,1,35,8,38,16,967,13,3
39,Cinderwink,DPS,Int-Based,1,35,8,39,18,1017,13,3
40,Cinderwink,DPS,Int-Based,1,36,8,40,18,1050,13,3
41,Cinderwink,DPS,Int-Based,1,37,8,41,18,1084,13,3
42,Cinderwink,DPS,Int-Based,1,38,8,42,18,1118,14,3
43,Cinderwink,DPS,Int-Based,1,39,8,42,20,1173,14,3
44,Cinderwink,DPS,Int-Based,1,40,8,43,20,1209,14,4
45,Cinderwink,DPS,Int-Based,1,41,8,44,20,1246,14,4
46,Cinderwink,DPS,Int-Based,1,41,8,45,22,1305,15,4
47,Cinderwink,DPS,Int-Based,1,42,8,46,22,1343,15,4
48,Cinderwink,DPS,Int-Based,1,43,8,47,22,1382,15,4
49,Cinderwink,DPS,Int-Based,1,44,8,48,22,1422,15,4
50,Cinderwink,DPS,Int-Based,1,45,8,49,22,1462,15,4
51,Cinderwink,DPS,Int-Based,1,45,9,50,23,1515,16,4
52,Cinderwink,DPS,Int-Based,1,46,10,51,23,1557,17,4
53,Cinderwink,DPS,Int-Based,1,47,10,52,23,1599,17,4
54,Cinderwink,DPS,Int-Based,1,48,11,52,24,1655,17,4
55,Cinderwink,DPS,Int-Based,1,48,12,53,25,1712,18,4
56,Cinderwink,DPS,Int-Based,1,49,12,54,25,1757,18,4
57,Cinderwink,DPS,Int-Based,1,50,12,55,25,1803,18,4
58,Cinderwink,DPS,Int-Based,1,51,12,55,27,1878,18,5
59,Cinderwink,DPS,Int-Based,1,51,12,57,27,1926,18,5
60,Cinderwink,DPS,Int-Based,1,52,12,58,27,1973,19,5
61,Cinderwink,DPS,Int-Based,1,53,12,59,27,2021,19,5
62,Cinderwink,DPS,Int-Based,1,54,12,60,28,2087,19,5
63,Cinderwink,DPS,Int-Based,1,55,12,60,30,2171,19,5
64,Cinderwink,DPS,Int-Based,1,56,12,61,30,2223,20,5
65,Cinderwink,DPS,Int-Based,1,57,12,62,30,2275,20,5
66,Cinderwink,DPS,Int-Based,1,58,12,63,30,2327,20,5
67,Cinderwink,DPS,Int-Based,1,58,12,64,32,2416,20,5
68,Cinderwink,DPS,Int-Based,1,59,12,65,32,2472,20,5
69,Cinderwink,DPS,Int-Based,1,60,12,66,32,2527,21,5
70,Cinderwink,DPS,Int-Based,1,61,12,67,32,2583,21,5
71,Cinderwink,DPS,Int-Based,1,62,12,68,33,2660,21,5
72,Cinderwink,DPS,Int-Based,1,63,12,69,33,2717,21,6
73,Cinderwink,DPS,Int-Based,1,63,12,70,35,2817,22,6
74,Cinderwink,DPS,Int-Based,1,64,12,71,35,2878,22,6
75,Cinderwink,DPS,Int-Based,1,65,12,72,35,2937,22,6
76,Cinderwink,DPS,Int-Based,1,66,12,72,37,3044,22,6
77,Cinderwink,DPS,Int-Based,1,67,12,73,37,3105,22,6
78,Cinderwink,DPS,Int-Based,1,68,12,74,37,3168,23,6
79,Cinderwink,DPS,Int-Based,1,69,12,75,37,3233,23,6
80,Cinderwink,DPS,Int-Based,1,70,12,76,38,3321,23,6
81,Cinderwink,DPS,Int-Based,1,71,12,77,38,3387,23,6
82,Cinderwink,DPS,Int-Based,1,71,12,78,40,3504,24,6
83,Cinderwink,DPS,Int-Based,1,72,12,79,40,3572,24,6
84,Cinderwink,DPS,Int-Based,1,73,12,80,40,3641,24,6
85,Cinderwink,DPS,Int-Based,1,74,12,81,41,3736,24,6
86,Cinderwink,DPS,Int-Based,1,75,12,82,41,3807,24,7
87,Cinderwink,DPS,Int-Based,1,75,12,83,42,3906,25,7
88,Cinderwink,DPS,Int-Based,1,76,12,84,43,4005,25,7
89,Cinderwink,DPS,Int-Based,1,77,12,85,43,4079,25,7
90,Cinderwink,DPS,Int-Based,1,78,12,86,43,4154,25,7
91,Cinderwink,DPS,Int-Based,1,79,12,86,45,4287,26,7
92,Cinderwink,DPS,Int-Based,1,80,12,87,45,4364,26,7
93,Cinderwink,DPS,Int-Based,1,81,12,88,46,4471,26,7
94,Cinderwink,DPS,Int-Based,1,82,12,89,46,4550,26,7
95,Cinderwink,DPS,Int-Based,1,83,12,90,46,4629,26,7
96,Cinderwink,DPS,Int-Based,1,83,12,91,48,4774,27,7
97,Cinderwink,DPS,Int-Based,1,84,12,92,48,4855,27,7
98,Cinderwink,DPS,Int-Based,1,85,12,93,48,4938,27,7
99,Cinderwink,DPS,Int-Based,1,86,12,94,48,5021,27,7
100,Cinderwink,DPS,Int-Based,1,87,12,95,49,5140,28,8
1,Leafmantis,DPS,Dex-Based,1,9,9,3,7,149,17,2
2,Leafmantis,DPS,Dex-Based,1,9,10,3,7,160,20,2
3,Leafmantis,DPS,Dex-Based,1,10,11,3,7,173,23,2
4,Leafmantis,DPS,Dex-Based,1,10,12,3,7,186,26,2
5,Leafmantis,DPS,Dex-Based,1,10,13,3,7,199,28,2
6,Leafmantis,DPS,Dex-Based,1,10,14,3,7,212,31,2
7,Leafmantis,DPS,Dex-Based,1,11,15,3,7,226,34,2
8,Leafmantis,DPS,Dex-Based,1,11,16,3,7,241,36,3
9,Leafmantis,DPS,Dex-Based,1,11,17,3,8,260,39,3
10,Leafmantis,DPS,Dex-Based,1,11,18,3,8,276,42,3
11,Leafmantis,DPS,Dex-Based,1,12,19,3,8,292,44,3
12,Leafmantis,DPS,Dex-Based,1,13,19,3,9,312,46,3
13,Leafmantis,DPS,Dex-Based,1,13,20,3,10,333,52,3
14,Leafmantis,DPS,Dex-Based,1,13,21,3,11,355,54,3
15,Leafmantis,DPS,Dex-Based,1,14,21,4,11,375,56,4
16,Leafmantis,DPS,Dex-Based,1,14,22,5,11,394,59,4
17,Leafmantis,DPS,Dex-Based,1,16,22,5,11,415,60,4
18,Leafmantis,DPS,Dex-Based,1,16,23,6,11,436,63,4
19,Leafmantis,DPS,Dex-Based,1,16,24,6,11,457,66,4
20,Leafmantis,DPS,Dex-Based,1,17,25,6,11,479,69,4
21,Leafmantis,DPS,Dex-Based,1,18,26,6,11,502,71,5
22,Leafmantis,DPS,Dex-Based,1,19,26,6,12,529,73,5
23,Leafmantis,DPS,Dex-Based,1,20,27,6,12,554,76,5
24,Leafmantis,DPS,Dex-Based,1,20,28,6,13,584,78,5
25,Leafmantis,DPS,Dex-Based,1,21,29,6,13,609,81,5
26,Leafmantis,DPS,Dex-Based,1,22,30,6,13,635,89,5
27,Leafmantis,DPS,Dex-Based,1,22,31,6,15,673,91,5
28,Leafmantis,DPS,Dex-Based,1,24,31,6,15,700,93,6
29,Leafmantis,DPS,Dex-Based,1,24,32,6,16,735,96,6
30,Leafmantis,DPS,Dex-Based,1,24,33,6,17,771,98,6
31,Leafmantis,DPS,Dex-Based,1,25,34,6,17,800,101,6
32,Leafmantis,DPS,Dex-Based,1,26,35,6,17,830,104,6
33,Leafmantis,DPS,Dex-Based,1,27,36,6,17,862,106,6
34,Leafmantis,DPS,Dex-Based,1,28,37,6,17,893,109,7
35,Leafmantis,DPS,Dex-Based,1,28,38,6,18,933,112,7
36,Leafmantis,DPS,Dex-Based,1,30,38,6,19,974,114,7
37,Leafmantis,DPS,Dex-Based,1,30,40,6,19,1007,124,7
38,Leafmantis,DPS,Dex-Based,1,31,40,6,21,1059,126,7
39,Leafmantis,DPS,Dex-Based,1,32,41,6,21,1096,129,7
40,Leafmantis,DPS,Dex-Based,1,32,42,6,22,1141,131,7
41,Leafmantis,DPS,Dex-Based,1,33,43,6,22,1178,134,8
42,Leafmantis,DPS,Dex-Based,1,34,44,6,22,1216,137,8
43,Leafmantis,DPS,Dex-Based,1,35,45,6,22,1254,139,8
44,Leafmantis,DPS,Dex-Based,1,36,45,6,23,1303,141,8
45,Leafmantis,DPS,Dex-Based,1,37,46,6,23,1344,144,8
46,Leafmantis,DPS,Dex-Based,1,37,47,6,25,1407,146,8
47,Leafmantis,DPS,Dex-Based,1,38,48,6,25,1448,149,8
48,Leafmantis,DPS,Dex-Based,1,39,49,6,25,1491,152,9
49,Leafmantis,DPS,Dex-Based,1,40,50,6,25,1535,163,9
50,Leafmantis,DPS,Dex-Based,1,41,51,6,26,1591,166,9
51,Leafmantis,DPS,Dex-Based,1,42,52,6,26,1635,169,9
52,Leafmantis,DPS,Dex-Based,1,42,53,6,27,1694,172,9
53,Leafmantis,DPS,Dex-Based,1,43,53,6,29,1767,173,9
54,Leafmantis,DPS,Dex-Based,1,44,54,6,29,1815,176,10
55,Leafmantis,DPS,Dex-Based,1,45,55,6,29,1864,179,10
56,Leafmantis,DPS,Dex-Based,1,46,56,6,29,1913,181,10
57,Leafmantis,DPS,Dex-Based,1,46,57,6,31,1992,184,10
58,Leafmantis,DPS,Dex-Based,1,47,58,6,31,2043,187,10
59,Leafmantis,DPS,Dex-Based,1,48,59,6,31,2096,189,10
60,Leafmantis,DPS,Dex-Based,1,49,60,6,31,2148,203,10
61,Leafmantis,DPS,Dex-Based,1,50,61,6,32,2217,206,11
62,Leafmantis,DPS,Dex-Based,1,51,61,6,34,2306,207,11
63,Leafmantis,DPS,Dex-Based,1,52,62,6,34,2362,210,11
64,Leafmantis,DPS,Dex-Based,1,53,63,6,34,2418,213,11
65,Leafmantis,DPS,Dex-Based,1,54,64,6,34,2474,215,11
66,Leafmantis,DPS,Dex-Based,1,54,65,6,35,2551,218,11
67,Leafmantis,DPS,Dex-Based,1,55,66,6,35,2610,221,12
68,Leafmantis,DPS,Dex-Based,1,56,67,6,36,2688,224,12
69,Leafmantis,DPS,Dex-Based,1,57,68,6,36,2749,226,12
70,Leafmantis,DPS,Dex-Based,1,58,68,6,38,2852,228,12
71,Leafmantis,DPS,Dex-Based,1,59,69,6,38,2914,231,12
72,Leafmantis,DPS,Dex-Based,1,60,70,6,38,2978,246,12
73,Leafmantis,DPS,Dex-Based,1,61,71,6,39,3064,249,12
74,Leafmantis,DPS,Dex-Based,1,62,72,6,39,3130,252,13
75,Leafmantis,DPS,Dex-Based,1,62,73,6,40,3218,254,13
76,Leafmantis,DPS,Dex-Based,1,63,74,6,41,3309,257,13
77,Leafmantis,DPS,Dex-Based,1,64,75,6,41,3378,260,13
78,Leafmantis,DPS,Dex-Based,1,65,75,6,42,3471,261,13
79,Leafmantis,DPS,Dex-Based,1,66,76,6,43,3566,264,13
80,Leafmantis,DPS,Dex-Based,1,67,77,6,43,3637,267,13
81,Leafmantis,DPS,Dex-Based,1,68,78,6,43,3710,269,14
82,Leafmantis,DPS,Dex-Based,1,68,79,6,45,3836,272,14
83,Leafmantis,DPS,Dex-Based,1,69,80,6,45,3910,290,14
84,Leafmantis,DPS,Dex-Based,1,70,81,6,45,3986,293,14
85,Leafmantis,DPS,Dex-Based,1,71,82,6,46,4090,295,14
86,Leafmantis,DPS,Dex-Based,1,72,83,6,46,4168,298,14
87,Leafmantis,DPS,Dex-Based,1,73,83,6,48,4303,300,15
88,Leafmantis,DPS,Dex-Based,1,74,84,6,48,4383,302,15
89,Leafmantis,DPS,Dex-Based,1,75,85,6,48,4465,305,15
90,Leafmantis,DPS,Dex-Based,1,76,86,6,48,4546,308,15
91,Leafmantis,DPS,Dex-Based,1,76,87,6,50,4690,310,15
92,Leafmantis,DPS,Dex-Based,1,77,88,6,50,4774,313,15
93,Leafmantis,DPS,Dex-Based,1,78,89,6,51,4892,316,15
94,Leafmantis,DPS,Dex-Based,1,79,90,6,51,4978,335,16
95,Leafmantis,DPS,Dex-Based,1,80,91,6,51,5064,338,16
96,Leafmantis,DPS,Dex-Based,1,82,91,6,52,5186,340,16
97,Leafmantis,DPS,Dex-Based,1,82,93,6,52,5275,343,16
98,Leafmantis,DPS,Dex-Based,1,83,93,6,53,5400,345,16
99,Leafmantis,DPS,Dex-Based,1,84,94,6,53,5491,348,16
100,Leafmantis,DPS,Dex-Based,1,85,95,6,54,5621,351,17
1,Lumimoth,Supp,Int-Based,1,5,5,9,9,163,5,1
2,Lumimoth,Supp,Int-Based,1,5,5,10,9,175,5,1
3,Lumimoth,Supp,Int-Based,1,5,5,11,10,189,5,1
4,Lumimoth,Supp,Int-Based,1,5,5,12,10,202,5,1
5,Lumimoth,Supp,Int-Based,1,5,5,13,10,216,5,1
6,Lumimoth,Supp,Int-Based,1,6,5,13,11,233,6,1
7,Lumimoth,Supp,Int-Based,1,6,5,14,11,247,6,1
8,Lumimoth,Supp,Int-Based,1,7,5,15,11,263,6,1
9,Lumimoth,Supp,Int-Based,1,7,5,15,12,282,6,1
10,Lumimoth,Supp,Int-Based,1,7,6,16,12,299,6,1
11,Lumimoth,Supp,Int-Based,1,8,6,16,13,318,7,1
12,Lumimoth,Supp,Int-Based,1,8,7,17,13,337,7,2
13,Lumimoth,Supp,Int-Based,1,9,7,18,13,355,7,2
14,Lumimoth,Supp,Int-Based,1,10,7,18,14,378,7,2
15,Lumimoth,Supp,Int-Based,1,10,8,19,14,399,7,2
16,Lumimoth,Supp,Int-Based,1,10,8,20,15,423,8,2
17,Lumimoth,Supp,Int-Based,1,10,8,21,16,448,8,2
18,Lumimoth,Supp,Int-Based,1,10,8,21,18,479,8,2
19,Lumimoth,Supp,Int-Based,1,11,8,22,18,501,8,2
20,Lumimoth,Supp,Int-Based,1,11,8,22,20,534,9,2
21,Lumimoth,Supp,Int-Based,1,11,8,23,21,563,9,2
22,Lumimoth,Supp,Int-Based,1,12,8,24,21,589,9,2
23,Lumimoth,Supp,Int-Based,1,13,8,25,21,615,9,3
24,Lumimoth,Supp,Int-Based,1,13,9,26,21,642,9,3
25,Lumimoth,Supp,Int-Based,1,13,9,27,22,675,10,3
26,Lumimoth,Supp,Int-Based,1,13,9,28,23,709,10,3
27,Lumimoth,Supp,Int-Based,1,13,9,29,24,745,10,3
28,Lumimoth,Supp,Int-Based,1,13,9,30,25,781,10,3
29,Lumimoth,Supp,Int-Based,1,13,9,31,26,817,10,3
30,Lumimoth,Supp,Int-Based,1,13,9,31,28,864,11,3
31,Lumimoth,Supp,Int-Based,1,13,9,32,29,903,11,3
32,Lumimoth,Supp,Int-Based,1,13,9,33,30,945,11,3
33,Lumimoth,Supp,Int-Based,1,13,9,34,31,986,11,3
34,Lumimoth,Supp,Int-Based,1,14,9,35,31,1023,12,4
35,Lumimoth,Supp,Int-Based,1,14,9,37,31,1058,12,4
36,Lumimoth,Supp,Int-Based,1,14,9,38,32,1104,12,4
37,Lumimoth,Supp,Int-Based,1,14,9,39,33,1150,12,4
38,Lumimoth,Supp,Int-Based,1,14,9,40,34,1199,12,4
39,Lumimoth,Supp,Int-Based,1,14,9,41,35,1247,13,4
40,Lumimoth,Supp,Int-Based,1,14,9,41,37,1308,13,4
41,Lumimoth,Supp,Int-Based,1,14,9,42,38,1359,13,4
42,Lumimoth,Supp,Int-Based,1,15,10,43,38,1403,14,4
43,Lumimoth,Supp,Int-Based,1,15,10,44,39,1458,14,4
44,Lumimoth,Supp,Int-Based,1,15,10,45,40,1513,15,4
45,Lumimoth,Supp,Int-Based,1,15,10,46,41,1570,15,5
46,Lumimoth,Supp,Int-Based,1,17,10,47,41,1617,15,5
47,Lumimoth,Supp,Int-Based,1,17,10,48,42,1677,15,5
48,Lumimoth,Supp,Int-Based,1,17,10,49,43,1737,15,5
49,Lumimoth,Supp,Int-Based,1,17,10,50,44,1800,16,5
50,Lumimoth,Supp,Int-Based,1,17,10,51,45,1863,16,5
51,Lumimoth,Supp,Int-Based,1,18,11,52,45,1915,16,5
52,Lumimoth,Supp,Int-Based,1,18,11,53,46,1982,16,5
53,Lumimoth,Supp,Int-Based,1,19,12,53,47,2049,17,5
54,Lumimoth,Supp,Int-Based,1,19,12,54,48,2119,17,5
55,Lumimoth,Supp,Int-Based,1,19,12,55,49,2190,17,5
56,Lumimoth,Supp,Int-Based,1,20,12,56,50,2262,17,6
57,Lumimoth,Supp,Int-Based,1,20,12,57,51,2335,17,6
58,Lumimoth,Supp,Int-Based,1,21,13,58,51,2394,18,6
59,Lumimoth,Supp,Int-Based,1,21,13,59,52,2471,18,6
60,Lumimoth,Supp,Int-Based,1,22,14,59,53,2550,18,6
61,Lumimoth,Supp,Int-Based,1,22,15,60,54,2630,19,6
62,Lumimoth,Supp,Int-Based,1,22,15,61,55,2710,19,6
63,Lumimoth,Supp,Int-Based,1,24,15,62,55,2776,20,6
64,Lumimoth,Supp,Int-Based,1,24,15,63,56,2861,20,6
65,Lumimoth,Supp,Int-Based,1,24,15,64,57,2946,20,6
66,Lumimoth,Supp,Int-Based,1,24,15,65,58,3033,20,6
67,Lumimoth,Supp,Int-Based,1,24,15,66,59,3122,21,7
68,Lumimoth,Supp,Int-Based,1,25,15,66,61,3232,21,7
69,Lumimoth,Supp,Int-Based,1,26,16,67,61,3305,21,7
70,Lumimoth,Supp,Int-Based,1,26,16,68,62,3400,21,7
71,Lumimoth,Supp,Int-Based,1,26,16,69,63,3496,21,7
72,Lumimoth,Supp,Int-Based,1,28,17,70,63,3571,22,7
73,Lumimoth,Supp,Int-Based,1,28,17,71,64,3670,22,7
74,Lumimoth,Supp,Int-Based,1,28,17,72,65,3771,22,7
75,Lumimoth,Supp,Int-Based,1,28,17,73,66,3874,22,7
76,Lumimoth,Supp,Int-Based,1,30,18,73,67,3979,22,7
77,Lumimoth,Supp,Int-Based,1,30,18,74,68,4085,23,7
78,Lumimoth,Supp,Int-Based,1,30,18,75,69,4192,23,8
79,Lumimoth,Supp,Int-Based,1,30,19,76,70,4302,23,8
80,Lumimoth,Supp,Int-Based,1,31,20,77,70,4389,24,8
81,Lumimoth,Supp,Int-Based,1,31,21,78,71,4502,24,8
82,Lumimoth,Supp,Int-Based,1,31,21,79,72,4616,25,8
83,Lumimoth,Supp,Int-Based,1,33,21,79,73,4733,25,8
84,Lumimoth,Supp,Int-Based,1,33,21,80,74,4852,25,8
85,Lumimoth,Supp,Int-Based,1,33,22,81,75,4973,25,8
86,Lumimoth,Supp,Int-Based,1,33,22,82,76,5096,26,8
87,Lumimoth,Supp,Int-Based,1,35,22,83,76,5192,26,8
88,Lumimoth,Supp,Int-Based,1,35,22,84,77,5317,26,8
89,Lumimoth,Supp,Int-Based,1,35,22,85,78,5446,26,9
90,Lumimoth,Supp,Int-Based,1,35,23,86,79,5575,26,9
91,Lumimoth,Supp,Int-Based,1,35,23,87,80,5707,27,9
92,Lumimoth,Supp,Int-Based,1,37,24,87,81,5842,27,9
93,Lumimoth,Supp,Int-Based,1,37,24,88,82,5978,27,9
94,Lumimoth,Supp,Int-Based,1,37,24,89,83,6117,27,9
95,Lumimoth,Supp,Int-Based,1,37,24,91,83,6223,27,9
96,Lumimoth,Supp,Int-Based,1,38,24,91,85,6401,28,9
97,Lumimoth,Supp,Int-Based,1,39,25,92,85,6510,29,9
98,Lumimoth,Supp,Int-Based,1,39,25,93,86,6656,29,9
99,Lumimoth,Supp,Int-Based,1,39,25,94,87,6804,29,9
100,Lumimoth,Supp,Int-Based,1,40,25,95,88,6956,30,10
1,Mirrormantis,Fighter,Strength-based,9,3,7,2,8,178,18,3
2,Mirrormantis,Fighter,Strength-based,10,3,7,2,8,195,21,3
3,Mirrormantis,Fighter,Strength-based,11,3,7,2,9,215,24,3
4,Mirrormantis,Fighter,Strength-based,12,3,7,2,9,234,27,3
5,Mirrormantis,Fighter,Strength-based,13,3,7,2,9,255,29,3
6,Mirrormantis,Fighter,Strength-based,13,3,8,2,10,278,31,4
7,Mirrormantis,Fighter,Strength-based,14,3,8,2,10,300,34,4
8,Mirrormantis,Fighter,Strength-based,14,3,9,2,11,326,35,4
9,Mirrormantis,Fighter,Strength-based,15,3,10,2,11,349,39,4
10,Mirrormantis,Fighter,Strength-based,15,3,10,2,12,378,41,4
11,Mirrormantis,Fighter,Strength-based,16,4,10,2,12,404,43,5
12,Mirrormantis,Fighter,Strength-based,17,4,11,2,12,430,46,5
13,Mirrormantis,Fighter,Strength-based,18,4,11,2,13,462,49,5
14,Mirrormantis,Fighter,Strength-based,18,5,11,2,14,494,50,5
15,Mirrormantis,Fighter,Strength-based,19,5,11,3,14,524,53,5
16,Mirrormantis,Fighter,Strength-based,20,5,12,3,14,555,59,6
17,Mirrormantis,Fighter,Strength-based,20,5,13,3,15,591,60,6
18,Mirrormantis,Fighter,Strength-based,21,5,13,3,16,628,63,6
19,Mirrormantis,Fighter,Strength-based,22,6,13,3,16,662,66,6
20,Mirrormantis,Fighter,Strength-based,22,6,14,3,17,703,68,7
21,Mirrormantis,Fighter,Strength-based,23,6,14,3,18,744,70,7
22,Mirrormantis,Fighter,Strength-based,24,6,15,3,18,782,74,7
23,Mirrormantis,Fighter,Strength-based,25,6,15,3,19,825,77,7
24,Mirrormantis,Fighter,Strength-based,25,6,16,3,20,872,78,7
25,Mirrormantis,Fighter,Strength-based,26,6,17,3,20,913,81,8
26,Mirrormantis,Fighter,Strength-based,27,7,17,3,21,961,84,8
27,Mirrormantis,Fighter,Strength-based,28,7,18,3,21,1004,86,8
28,Mirrormantis,Fighter,Strength-based,29,7,18,3,22,1055,89,8
29,Mirrormantis,Fighter,Strength-based,29,8,19,3,23,1109,91,8
30,Mirrormantis,Fighter,Strength-based,30,8,20,3,23,1154,99,9
31,Mirrormantis,Fighter,Strength-based,31,9,20,3,24,1211,102,9
32,Mirrormantis,Fighter,Strength-based,32,9,21,3,24,1259,105,9
33,Mirrormantis,Fighter,Strength-based,33,9,21,3,25,1318,107,9
34,Mirrormantis,Fighter,Strength-based,33,10,22,3,26,1379,109,10
35,Mirrormantis,Fighter,Strength-based,34,10,22,3,27,1442,112,10
36,Mirrormantis,Fighter,Strength-based,35,10,23,3,27,1496,115,10
37,Mirrormantis,Fighter,Strength-based,36,11,23,3,28,1561,117,10
38,Mirrormantis,Fighter,Strength-based,37,11,24,3,28,1616,120,10
39,Mirrormantis,Fighter,Strength-based,37,12,25,3,29,1686,123,11
40,Mirrormantis,Fighter,Strength-based,38,12,25,3,30,1757,125,11
41,Mirrormantis,Fighter,Strength-based,39,12,25,4,31,1830,128,11
42,Mirrormantis,Fighter,Strength-based,40,13,26,4,31,1890,138,11
43,Mirrormantis,Fighter,Strength-based,41,13,26,4,32,1966,140,11
44,Mirrormantis,Fighter,Strength-based,42,13,27,5,32,2030,143,12
45,Mirrormantis,Fighter,Strength-based,42,13,28,6,33,2109,145,12
46,Mirrormantis,Fighter,Strength-based,43,13,28,6,34,2190,147,12
47,Mirrormantis,Fighter,Strength-based,44,14,29,6,34,2257,150,12
48,Mirrormantis,Fighter,Strength-based,45,14,29,6,35,2343,153,12
49,Mirrormantis,Fighter,Strength-based,45,14,31,6,36,2430,155,13
50,Mirrormantis,Fighter,Strength-based,47,14,31,6,36,2502,159,13
51,Mirrormantis,Fighter,Strength-based,47,15,32,6,37,2592,161,13
52,Mirrormantis,Fighter,Strength-based,48,15,32,7,38,2685,164,13
53,Mirrormantis,Fighter,Strength-based,49,15,33,8,38,2760,166,14
54,Mirrormantis,Fighter,Strength-based,50,15,33,9,39,2857,178,14
55,Mirrormantis,Fighter,Strength-based,50,16,34,9,40,2955,180,14
56,Mirrormantis,Fighter,Strength-based,51,17,34,9,41,3056,182,14
57,Mirrormantis,Fighter,Strength-based,52,17,35,10,41,3137,186,14
58,Mirrormantis,Fighter,Strength-based,53,17,35,10,42,3241,189,15
59,Mirrormantis,Fighter,Strength-based,54,18,36,10,42,3325,191,15
60,Mirrormantis,Fighter,Strength-based,55,18,36,10,43,3434,194,15
61,Mirrormantis,Fighter,Strength-based,55,19,37,10,44,3545,196,15
62,Mirrormantis,Fighter,Strength-based,56,19,39,10,44,3633,198,15
63,Mirrormantis,Fighter,Strength-based,57,19,39,10,45,3748,201,16
64,Mirrormantis,Fighter,Strength-based,58,20,39,10,46,3866,204,16
65,Mirrormantis,Fighter,Strength-based,59,21,40,10,46,3958,207,16
66,Mirrormantis,Fighter,Strength-based,60,22,40,10,47,4079,221,16
67,Mirrormantis,Fighter,Strength-based,60,23,41,10,48,4203,223,17
68,Mirrormantis,Fighter,Strength-based,61,24,41,10,49,4329,226,17
69,Mirrormantis,Fighter,Strength-based,62,24,42,10,49,4428,228,17
70,Mirrormantis,Fighter,Strength-based,63,25,42,10,50,4558,231,17
71,Mirrormantis,Fighter,Strength-based,64,25,43,10,50,4660,234,17
72,Mirrormantis,Fighter,Strength-based,65,25,44,10,51,4795,236,18
73,Mirrormantis,Fighter,Strength-based,66,25,44,10,52,4932,239,18
74,Mirrormantis,Fighter,Strength-based,66,25,46,10,53,5071,242,18
75,Mirrormantis,Fighter,Strength-based,68,25,46,10,53,5180,245,18
76,Mirrormantis,Fighter,Strength-based,69,26,46,10,54,5323,248,18
77,Mirrormantis,Fighter,Strength-based,69,27,47,10,55,5471,250,19
78,Mirrormantis,Fighter,Strength-based,70,28,47,10,56,5620,265,19
79,Mirrormantis,Fighter,Strength-based,71,29,48,10,56,5736,268,19
80,Mirrormantis,Fighter,Strength-based,72,29,48,10,57,5889,271,19
81,Mirrormantis,Fighter,Strength-based,73,29,50,10,57,6006,274,19
82,Mirrormantis,Fighter,Strength-based,74,29,50,10,58,6166,277,20
83,Mirrormantis,Fighter,Strength-based,75,29,51,10,59,6326,280,20
84,Mirrormantis,Fighter,Strength-based,75,30,52,10,60,6491,282,20
85,Mirrormantis,Fighter,Strength-based,76,31,52,10,61,6657,284,20
86,Mirrormantis,Fighter,Strength-based,77,31,53,10,61,6784,287,21
87,Mirrormantis,Fighter,Strength-based,78,31,54,10,62,6956,290,21
88,Mirrormantis,Fighter,Strength-based,79,31,54,10,63,7131,292,21
89,Mirrormantis,Fighter,Strength-based,80,32,54,10,64,7307,310,21
90,Mirrormantis,Fighter,Strength-based,81,33,55,10,64,7442,314,21
91,Mirrormantis,Fighter,Strength-based,81,34,56,10,65,7624,315,22
92,Mirrormantis,Fighter,Strength-based,82,34,56,10,66,7808,318,22
93,Mirrormantis,Fighter,Strength-based,83,34,57,10,67,7997,321,22
94,Mirrormantis,Fighter,Strength-based,84,34,58,10,67,8139,323,22
95,Mirrormantis,Fighter,Strength-based,85,34,59,10,68,8331,326,22
96,Mirrormantis,Fighter,Strength-based,86,34,59,10,69,8527,329,23
97,Mirrormantis,Fighter,Strength-based,87,34,60,10,70,8726,332,23
98,Mirrormantis,Fighter,Strength-based,88,35,61,10,70,8875,335,23
99,Mirrormantis,Fighter,Strength-based,89,35,61,10,71,9080,338,23
100,Mirrormantis,Fighter,Strength-based,90,35,62,10,72,9288,358,24
1,Prismspear,DPS,Dex-Based,1,8,9,3,8,151,17,2
2,Prismspear,DPS,Dex-Based,1,8,10,3,8,162,20,2
3,Prismspear,DPS,Dex-Based,1,9,11,3,8,173,23,2
4,Prismspear,DPS,Dex-Based,1,9,12,3,8,185,26,2
5,Prismspear,DPS,Dex-Based,1,9,13,3,8,198,29,2
6,Prismspear,DPS,Dex-Based,1,9,14,3,8,211,31,2
7,Prismspear,DPS,Dex-Based,1,10,15,3,8,225,34,2
8,Prismspear,DPS,Dex-Based,1,10,16,3,8,240,37,2
9,Prismspear,DPS,Dex-Based,1,10,17,3,9,257,40,3
10,Prismspear,DPS,Dex-Based,1,10,18,3,9,273,43,3
11,Prismspear,DPS,Dex-Based,1,11,19,3,9,288,45,3
12,Prismspear,DPS,Dex-Based,1,11,20,3,10,309,51,3
13,Prismspear,DPS,Dex-Based,1,12,21,3,10,325,54,3
14,Prismspear,DPS,Dex-Based,1,13,21,3,11,346,56,3
15,Prismspear,DPS,Dex-Based,1,13,22,3,11,365,59,3
16,Prismspear,DPS,Dex-Based,1,13,23,3,12,387,61,4
17,Prismspear,DPS,Dex-Based,1,13,24,3,12,407,64,4
18,Prismspear,DPS,Dex-Based,1,14,25,3,12,427,67,4
19,Prismspear,DPS,Dex-Based,1,15,25,3,13,453,69,4
20,Prismspear,DPS,Dex-Based,1,16,26,3,13,474,71,4
21,Prismspear,DPS,Dex-Based,1,16,27,3,14,500,74,4
22,Prismspear,DPS,Dex-Based,1,17,28,3,14,523,77,4
23,Prismspear,DPS,Dex-Based,1,17,29,3,15,552,80,5
24,Prismspear,DPS,Dex-Based,1,18,30,3,15,576,88,5
25,Prismspear,DPS,Dex-Based,1,19,31,3,15,600,90,5
26,Prismspear,DPS,Dex-Based,1,20,31,3,16,631,92,5
27,Prismspear,DPS,Dex-Based,1,20,32,3,17,662,95,5
28,Prismspear,DPS,Dex-Based,1,21,33,3,17,689,98,5
29,Prismspear,DPS,Dex-Based,1,21,34,3,18,723,101,5
30,Prismspear,DPS,Dex-Based,1,22,35,3,18,751,103,6
31,Prismspear,DPS,Dex-Based,1,23,35,3,20,793,105,6
32,Prismspear,DPS,Dex-Based,1,24,36,3,20,823,108,6
33,Prismspear,DPS,Dex-Based,1,24,37,3,21,860,111,6
34,Prismspear,DPS,Dex-Based,1,25,38,3,21,891,114,6
35,Prismspear,DPS,Dex-Based,1,26,39,3,21,923,116,6
36,Prismspear,DPS,Dex-Based,1,26,40,3,22,963,126,6
37,Prismspear,DPS,Dex-Based,1,27,41,3,22,996,129,7
38,Prismspear,DPS,Dex-Based,1,27,42,3,23,1039,132,7
39,Prismspear,DPS,Dex-Based,1,28,43,3,23,1073,134,7
40,Prismspear,DPS,Dex-Based,1,30,43,3,24,1118,136,7
41,Prismspear,DPS,Dex-Based,1,30,44,3,25,1163,139,7
42,Prismspear,DPS,Dex-Based,1,31,45,3,25,1200,142,7
43,Prismspear,DPS,Dex-Based,1,31,46,3,27,1257,145,7
44,Prismspear,DPS,Dex-Based,1,32,47,3,27,1296,147,8
45,Prismspear,DPS,Dex-Based,1,33,48,3,27,1336,150,8
46,Prismspear,DPS,Dex-Based,1,34,49,3,27,1376,153,8
47,Prismspear,DPS,Dex-Based,1,34,50,3,28,1428,165,8
48,Prismspear,DPS,Dex-Based,1,35,51,3,29,1480,168,8
49,Prismspear,DPS,Dex-Based,1,36,52,3,29,1523,170,8
50,Prismspear,DPS,Dex-Based,1,36,53,3,30,1579,173,8
51,Prismspear,DPS,Dex-Based,1,38,53,3,31,1636,175,9
52,Prismspear,DPS,Dex-Based,1,38,54,3,32,1693,178,9
53,Prismspear,DPS,Dex-Based,1,39,55,3,32,1739,180,9
54,Prismspear,DPS,Dex-Based,1,40,56,3,32,1785,183,9
55,Prismspear,DPS,Dex-Based,1,40,57,3,33,1847,186,9
56,Prismspear,DPS,Dex-Based,1,41,58,3,34,1909,189,9
57,Prismspear,DPS,Dex-Based,1,42,59,3,34,1959,192,9
58,Prismspear,DPS,Dex-Based,1,43,60,3,34,2010,205,10
59,Prismspear,DPS,Dex-Based,1,43,61,3,36,2090,208,10
60,Prismspear,DPS,Dex-Based,1,44,62,3,36,2143,211,10
61,Prismspear,DPS,Dex-Based,1,45,63,3,36,2195,214,10
62,Prismspear,DPS,Dex-Based,1,46,63,3,38,2282,216,10
63,Prismspear,DPS,Dex-Based,1,47,64,3,38,2336,218,10
64,Prismspear,DPS,Dex-Based,1,48,65,3,38,2391,221,10
65,Prismspear,DPS,Dex-Based,1,48,66,3,39,2465,224,11
66,Prismspear,DPS,Dex-Based,1,49,67,3,40,2541,227,11
67,Prismspear,DPS,Dex-Based,1,50,68,3,40,2599,230,11
68,Prismspear,DPS,Dex-Based,1,51,69,3,41,2677,232,11
69,Prismspear,DPS,Dex-Based,1,52,70,3,41,2738,248,11
70,Prismspear,DPS,Dex-Based,1,52,71,3,42,2818,251,11
71,Prismspear,DPS,Dex-Based,1,54,71,3,43,2900,253,11
72,Prismspear,DPS,Dex-Based,1,54,72,3,44,2983,255,12
73,Prismspear,DPS,Dex-Based,1,55,73,3,44,3048,258,12
74,Prismspear,DPS,Dex-Based,1,56,74,3,44,3113,261,12
75,Prismspear,DPS,Dex-Based,1,56,75,3,46,3222,264,12
76,Prismspear,DPS,Dex-Based,1,57,76,3,46,3289,267,12
77,Prismspear,DPS,Dex-Based,1,58,77,3,46,3356,269,12
78,Prismspear,DPS,Dex-Based,1,59,78,3,47,3448,272,12
79,Prismspear,DPS,Dex-Based,1,60,79,3,47,3519,275,13
80,Prismspear,DPS,Dex-Based,1,60,80,3,48,3614,293,13
81,Prismspear,DPS,Dex-Based,1,61,81,3,49,3710,296,13
82,Prismspear,DPS,Dex-Based,1,62,82,3,49,3783,298,13
83,Prismspear,DPS,Dex-Based,1,63,82,3,51,3907,300,13
84,Prismspear,DPS,Dex-Based,1,64,83,3,51,3983,303,13
85,Prismspear,DPS,Dex-Based,1,64,84,3,52,4085,306,13
86,Prismspear,DPS,Dex-Based,1,65,85,3,53,4190,308,14
87,Prismspear,DPS,Dex-Based,1,66,86,3,53,4268,311,14
88,Prismspear,DPS,Dex-Based,1,67,87,3,53,4348,314,14
89,Prismspear,DPS,Dex-Based,1,67,88,3,55,4485,317,14
90,Prismspear,DPS,Dex-Based,1,68,89,3,55,4567,320,14
91,Prismspear,DPS,Dex-Based,1,69,90,3,55,4650,339,14
92,Prismspear,DPS,Dex-Based,1,70,91,3,56,4762,342,14
93,Prismspear,DPS,Dex-Based,1,71,92,3,56,4846,345,15
94,Prismspear,DPS,Dex-Based,1,72,92,3,58,4995,347,15
95,Prismspear,DPS,Dex-Based,1,73,93,3,58,5082,350,15
96,Prismspear,DPS,Dex-Based,1,74,94,3,58,5171,352,15
97,Prismspear,DPS,Dex-Based,1,74,95,3,60,5326,355,15
98,Prismspear,DPS,Dex-Based,1,75,96,3,60,5416,358,15
99,Prismspear,DPS,Dex-Based,1,76,97,3,60,5507,361,15
100,Prismspear,DPS,Dex-Based,1,77,98,3,61,5635,364,16
1,Resinrook,Tank,Strength-based,8,2,7,3,9,207,17,4
2,Resinrook,Tank,Strength-based,8,2,7,3,10,233,18,4
3,Resinrook,Tank,Strength-based,9,2,7,3,11,261,20,4
4,Resinrook,Tank,Strength-based,9,2,7,3,12,291,21,4
5,Resinrook,Tank,Strength-based,9,2,7,3,13,323,22,5
6,Resinrook,Tank,Strength-based,9,2,7,3,14,355,23,5
7,Resinrook,Tank,Strength-based,10,2,7,3,15,391,27,5
8,Resinrook,Tank,Strength-based,10,2,7,3,16,428,28,6
9,Resinrook,Tank,Strength-based,11,2,8,3,16,462,30,6
10,Resinrook,Tank,Strength-based,11,2,9,3,17,503,31,6
11,Resinrook,Tank,Strength-based,11,2,10,3,18,543,33,7
12,Resinrook,Tank,Strength-based,12,3,10,3,18,582,36,7
13,Resinrook,Tank,Strength-based,12,3,11,3,19,628,37,7
14,Resinrook,Tank,Strength-based,12,3,11,4,20,675,38,8
15,Resinrook,Tank,Strength-based,13,4,11,4,20,718,40,8
16,Resinrook,Tank,Strength-based,14,4,11,4,21,769,42,8
17,Resinrook,Tank,Strength-based,14,4,11,5,22,822,43,9
18,Resinrook,Tank,Strength-based,14,5,11,5,23,876,45,9
19,Resinrook,Tank,Strength-based,15,5,12,5,23,927,47,9
20,Resinrook,Tank,Strength-based,15,5,12,6,24,985,48,10
21,Resinrook,Tank,Strength-based,16,5,12,6,25,1046,50,10
22,Resinrook,Tank,Strength-based,16,5,13,6,26,1108,51,10
23,Resinrook,Tank,Strength-based,17,5,13,6,27,1173,54,11
24,Resinrook,Tank,Strength-based,18,5,14,6,27,1231,56,11
25,Resinrook,Tank,Strength-based,19,5,14,6,28,1300,58,11
26,Resinrook,Tank,Strength-based,19,6,15,6,29,1372,60,12
27,Resinrook,Tank,Strength-based,20,6,15,6,30,1445,65,12
28,Resinrook,Tank,Strength-based,20,6,16,7,31,1522,66,12
29,Resinrook,Tank,Strength-based,21,6,16,7,32,1599,69,13
30,Resinrook,Tank,Strength-based,21,6,17,7,33,1681,70,13
31,Resinrook,Tank,Strength-based,22,7,18,7,33,1750,72,13
32,Resinrook,Tank,Strength-based,23,7,18,7,34,1835,74,14
33,Resinrook,Tank,Strength-based,23,7,19,7,35,1922,75,14
34,Resinrook,Tank,Strength-based,24,7,19,7,36,2012,78,14
35,Resinrook,Tank,Strength-based,24,7,20,8,37,2105,80,14
36,Resinrook,Tank,Strength-based,25,7,20,8,38,2201,82,15
37,Resinrook,Tank,Strength-based,25,8,21,8,39,2299,83,15
38,Resinrook,Tank,Strength-based,26,8,21,9,40,2398,85,15
39,Resinrook,Tank,Strength-based,27,8,21,9,41,2501,87,16
40,Resinrook,Tank,Strength-based,28,9,22,9,41,2588,90,16
41,Resinrook,Tank,Strength-based,28,9,23,10,42,2696,91,16
42,Resinrook,Tank,Strength-based,29,9,23,10,43,2807,93,17
43,Resinrook,Tank,Strength-based,30,10,23,10,44,2920,100,17
44,Resinrook,Tank,Strength-based,30,10,24,10,45,3036,101,17
45,Resinrook,Tank,Strength-based,31,10,24,11,46,3155,104,18
46,Resinrook,Tank,Strength-based,31,11,25,11,47,3278,106,18
47,Resinrook,Tank,Strength-based,32,11,26,12,47,3379,108,18
48,Resinrook,Tank,Strength-based,33,11,26,12,48,3506,110,19
49,Resinrook,Tank,Strength-based,33,12,27,12,49,3635,111,19
50,Resinrook,Tank,Strength-based,34,12,27,12,50,3768,113,19
51,Resinrook,Tank,Strength-based,34,12,29,12,51,3904,115,20
52,Resinrook,Tank,Strength-based,35,12,29,12,52,4043,117,20
53,Resinrook,Tank,Strength-based,36,12,29,12,53,4186,119,20
54,Resinrook,Tank,Strength-based,36,12,31,12,54,4330,121,21
55,Resinrook,Tank,Strength-based,37,12,31,12,55,4479,123,21
56,Resinrook,Tank,Strength-based,38,12,31,13,56,4630,126,21
57,Resinrook,Tank,Strength-based,39,12,31,13,57,4785,128,22
58,Resinrook,Tank,Strength-based,39,13,32,13,58,4942,129,22
59,Resinrook,Tank,Strength-based,40,13,32,14,59,5103,138,22
60,Resinrook,Tank,Strength-based,41,14,33,14,59,5234,140,23
61,Resinrook,Tank,Strength-based,41,14,33,14,61,5435,141,23
62,Resinrook,Tank,Strength-based,42,14,35,14,61,5572,145,23
63,Resinrook,Tank,Strength-based,43,14,35,14,62,5746,147,24
64,Resinrook,Tank,Strength-based,44,14,35,15,63,5923,149,24
65,Resinrook,Tank,Strength-based,44,14,36,15,64,6102,150,24
66,Resinrook,Tank,Strength-based,45,15,36,15,65,6286,152,25
67,Resinrook,Tank,Strength-based,45,15,37,16,66,6474,154,25
68,Resinrook,Tank,Strength-based,46,16,37,16,67,6664,156,25
69,Resinrook,Tank,Strength-based,46,16,38,17,68,6859,157,25
70,Resinrook,Tank,Strength-based,47,16,38,17,69,7057,159,26
71,Resinrook,Tank,Strength-based,48,16,39,17,70,7259,161,26
72,Resinrook,Tank,Strength-based,49,16,41,17,70,7420,164,26
73,Resinrook,Tank,Strength-based,50,16,41,18,71,7630,176,27
74,Resinrook,Tank,Strength-based,50,16,41,18,73,7887,177,27
75,Resinrook,Tank,Strength-based,51,16,42,18,73,8056,179,27
76,Resinrook,Tank,Strength-based,52,16,43,18,74,8275,181,28
77,Resinrook,Tank,Strength-based,52,16,43,18,76,8546,182,28
78,Resinrook,Tank,Strength-based,53,16,43,18,77,8775,185,28
79,Resinrook,Tank,Strength-based,54,16,45,18,77,8956,188,29
80,Resinrook,Tank,Strength-based,54,16,45,18,79,9243,189,29
81,Resinrook,Tank,Strength-based,55,16,45,18,80,9482,191,29
82,Resinrook,Tank,Strength-based,56,16,46,18,81,9726,193,30
83,Resinrook,Tank,Strength-based,58,16,47,18,81,9918,196,30
84,Resinrook,Tank,Strength-based,58,16,47,18,83,10226,198,30
85,Resinrook,Tank,Strength-based,58,16,48,18,84,10480,199,31
86,Resinrook,Tank,Strength-based,59,16,49,18,85,10741,201,31
87,Resinrook,Tank,Strength-based,60,16,49,18,86,11003,214,31
88,Resinrook,Tank,Strength-based,61,16,50,18,87,11272,217,32
89,Resinrook,Tank,Strength-based,61,16,51,18,88,11545,219,32
90,Resinrook,Tank,Strength-based,62,16,51,18,89,11821,221,32
91,Resinrook,Tank,Strength-based,63,16,52,18,90,12103,223,33
92,Resinrook,Tank,Strength-based,64,16,52,18,91,12386,225,33
93,Resinrook,Tank,Strength-based,65,16,53,18,92,12675,227,33
94,Resinrook,Tank,Strength-based,65,16,54,18,93,12969,228,34
95,Resinrook,Tank,Strength-based,66,16,54,18,94,13267,231,34
96,Resinrook,Tank,Strength-based,67,16,55,18,95,13570,234,34
97,Resinrook,Tank,Strength-based,67,16,56,18,96,13876,235,35
98,Resinrook,Tank,Strength-based,68,16,57,18,97,14187,237,35
99,Resinrook,Tank,Strength-based,69,16,57,18,98,14503,239,35
100,Resinrook,Tank,Strength-based,70,16,58,18,99,14825,255,36
1,Saffrune,Supp,Int-Based,1,5,5,9,9,163,5,1
2,Saffrune,Supp,Int-Based,1,5,5,10,9,175,5,1
3,Saffrune,Supp,Int-Based,1,5,5,11,10,190,5,1
4,Saffrune,Supp,Int-Based,1,5,5,12,10,204,5,1
5,Saffrune,Supp,Int-Based,1,5,5,13,10,218,5,1
6,Saffrune,Supp,Int-Based,1,5,5,14,10,233,6,1
7,Saffrune,Supp,Int-Based,1,5,5,15,11,250,6,1
8,Saffrune,Supp,Int-Based,1,5,5,16,11,267,6,1
9,Saffrune,Supp,Int-Based,1,6,5,16,12,286,6,1
10,Saffrune,Supp,Int-Based,1,6,5,17,12,304,7,2
11,Saffrune,Supp,Int-Based,1,6,5,18,13,325,7,2
12,Saffrune,Supp,Int-Based,1,6,6,18,14,347,7,2
13,Saffrune,Supp,Int-Based,1,7,6,19,14,367,7,2
14,Saffrune,Supp,Int-Based,1,7,7,20,14,387,7,2
15,Saffrune,Supp,Int-Based,1,8,7,20,15,411,8,2
16,Saffrune,Supp,Int-Based,1,8,7,21,16,437,8,2
17,Saffrune,Supp,Int-Based,1,8,8,22,16,460,8,2
18,Saffrune,Supp,Int-Based,1,8,8,22,18,490,8,2
19,Saffrune,Supp,Int-Based,1,9,8,23,18,515,9,3
20,Saffrune,Supp,Int-Based,1,9,9,24,18,540,9,3
21,Saffrune,Supp,Int-Based,1,9,9,25,19,570,9,3
22,Saffrune,Supp,Int-Based,1,9,9,26,20,601,9,3
23,Saffrune,Supp,Int-Based,1,9,9,27,21,634,9,3
24,Saffrune,Supp,Int-Based,1,10,9,27,22,667,10,3
25,Saffrune,Supp,Int-Based,1,10,9,29,22,696,10,3
26,Saffrune,Supp,Int-Based,1,10,9,30,23,731,10,3
27,Saffrune,Supp,Int-Based,1,10,9,31,24,768,10,3
28,Saffrune,Supp,Int-Based,1,10,9,31,26,812,11,4
29,Saffrune,Supp,Int-Based,1,11,9,32,26,845,11,4
30,Saffrune,Supp,Int-Based,1,11,9,33,27,885,11,4
31,Saffrune,Supp,Int-Based,1,11,9,34,28,926,11,4
32,Saffrune,Supp,Int-Based,1,11,9,35,29,968,11,4
33,Saffrune,Supp,Int-Based,1,11,9,36,30,1012,12,4
34,Saffrune,Supp,Int-Based,1,11,9,37,31,1057,12,4
35,Saffrune,Supp,Int-Based,1,12,9,38,31,1095,12,4
36,Saffrune,Supp,Int-Based,1,12,9,39,32,1143,12,4
37,Saffrune,Supp,Int-Based,1,12,9,40,33,1191,13,5
38,Saffrune,Supp,Int-Based,1,12,9,41,34,1240,13,5
39,Saffrune,Supp,Int-Based,1,12,9,42,35,1291,13,5
40,Saffrune,Supp,Int-Based,1,12,11,43,35,1335,14,5
41,Saffrune,Supp,Int-Based,1,12,11,44,36,1388,14,5
42,Saffrune,Supp,Int-Based,1,12,11,45,37,1442,15,5
43,Saffrune,Supp,Int-Based,1,12,11,46,38,1500,15,5
44,Saffrune,Supp,Int-Based,1,12,11,47,39,1556,15,5
45,Saffrune,Supp,Int-Based,1,12,11,48,40,1615,15,5
46,Saffrune,Supp,Int-Based,1,13,12,48,41,1676,16,6
47,Saffrune,Supp,Int-Based,1,13,12,49,42,1738,16,6
48,Saffrune,Supp,Int-Based,1,13,12,51,42,1789,16,6
49,Saffrune,Supp,Int-Based,1,15,12,51,43,1854,16,6
50,Saffrune,Supp,Int-Based,1,15,12,52,44,1919,16,6
51,Saffrune,Supp,Int-Based,1,15,12,53,45,1987,17,6
52,Saffrune,Supp,Int-Based,1,15,12,54,46,2057,17,6
53,Saffrune,Supp,Int-Based,1,16,13,55,46,2112,17,6
54,Saffrune,Supp,Int-Based,1,16,13,56,47,2184,17,6
55,Saffrune,Supp,Int-Based,1,16,13,57,48,2258,18,7
56,Saffrune,Supp,Int-Based,1,16,13,58,49,2333,18,7
57,Saffrune,Supp,Int-Based,1,17,15,58,50,2409,19,7
58,Saffrune,Supp,Int-Based,1,17,15,59,51,2486,19,7
59,Saffrune,Supp,Int-Based,1,17,15,60,52,2567,19,7
60,Saffrune,Supp,Int-Based,1,17,15,61,53,2648,20,7
61,Saffrune,Supp,Int-Based,1,18,16,62,53,2714,20,7
62,Saffrune,Supp,Int-Based,1,18,16,63,54,2798,20,7
63,Saffrune,Supp,Int-Based,1,18,16,64,55,2883,20,7
64,Saffrune,Supp,Int-Based,1,20,17,65,55,2952,21,8
65,Saffrune,Supp,Int-Based,1,20,17,66,56,3040,21,8
66,Saffrune,Supp,Int-Based,1,20,17,67,57,3132,21,8
67,Saffrune,Supp,Int-Based,1,20,17,68,58,3224,21,8
68,Saffrune,Supp,Int-Based,1,21,17,69,59,3318,21,8
69,Saffrune,Supp,Int-Based,1,21,17,70,60,3414,22,8
70,Saffrune,Supp,Int-Based,1,22,19,70,61,3511,22,8
71,Saffrune,Supp,Int-Based,1,22,19,71,62,3610,22,8
72,Saffrune,Supp,Int-Based,1,22,19,72,63,3713,22,8
73,Saffrune,Supp,Int-Based,1,22,19,73,64,3816,23,9
74,Saffrune,Supp,Int-Based,1,23,20,74,64,3896,24,9
75,Saffrune,Supp,Int-Based,1,23,20,75,65,4002,24,9
76,Saffrune,Supp,Int-Based,1,23,21,76,66,4111,24,9
77,Saffrune,Supp,Int-Based,1,23,21,77,67,4221,24,9
78,Saffrune,Supp,Int-Based,1,25,21,77,68,4334,25,9
79,Saffrune,Supp,Int-Based,1,25,22,78,69,4448,25,9
80,Saffrune,Supp,Int-Based,1,25,22,80,69,4535,25,9
81,Saffrune,Supp,Int-Based,1,25,22,81,70,4654,25,9
82,Saffrune,Supp,Int-Based,1,26,22,81,72,4800,26,10
83,Saffrune,Supp,Int-Based,1,26,22,82,73,4923,26,10
84,Saffrune,Supp,Int-Based,1,27,23,83,73,5018,26,10
85,Saffrune,Supp,Int-Based,1,27,23,84,74,5143,26,10
86,Saffrune,Supp,Int-Based,1,27,23,85,75,5271,26,10
87,Saffrune,Supp,Int-Based,1,29,24,86,75,5369,27,10
88,Saffrune,Supp,Int-Based,1,29,24,87,76,5500,27,10
89,Saffrune,Supp,Int-Based,1,29,24,88,77,5633,27,10
90,Saffrune,Supp,Int-Based,1,29,24,89,78,5768,27,10
91,Saffrune,Supp,Int-Based,1,29,25,90,79,5905,29,11
92,Saffrune,Supp,Int-Based,1,31,26,90,80,6044,29,11
93,Saffrune,Supp,Int-Based,1,31,26,91,81,6186,29,11
94,Saffrune,Supp,Int-Based,1,31,26,92,82,6329,29,11
95,Saffrune,Supp,Int-Based,1,31,26,93,83,6474,29,11
96,Saffrune,Supp,Int-Based,1,31,27,94,84,6624,30,11
97,Saffrune,Supp,Int-Based,1,32,28,95,84,6736,30,11
98,Saffrune,Supp,Int-Based,1,32,28,96,85,6887,30,11
99,Saffrune,Supp,Int-Based,1,32,28,97,86,7041,30,11
100,Saffrune,Supp,Int-Based,1,33,28,98,87,7199,31,12
1,Coalgrub,Fighter,Strength-based,9,3,6,2,9,179,18,3
2,Coalgrub,Fighter,Strength-based,10,3,6,2,9,198,21,3
3,Coalgrub,Fighter,Strength-based,11,3,6,2,10,221,24,3
4,Coalgrub,Fighter,Strength-based,12,3,6,2,10,242,26,3
5,Coalgrub,Fighter,Strength-based,13,3,6,2,10,265,29,3
6,Coalgrub,Fighter,Strength-based,13,3,7,2,11,290,30,4
7,Coalgrub,Fighter,Strength-based,14,3,7,2,11,315,33,4
8,Coalgrub,Fighter,Strength-based,14,3,8,2,12,342,34,4
9,Coalgrub,Fighter,Strength-based,15,3,8,2,12,369,37,4
10,Coalgrub,Fighter,Strength-based,16,4,8,2,12,396,39,5
11,Coalgrub,Fighter,Strength-based,16,4,9,2,13,428,41,5
12,Coalgrub,Fighter,Strength-based,17,4,10,2,13,457,44,5
13,Coalgrub,Fighter,Strength-based,17,4,10,3,14,492,46,5
14,Coalgrub,Fighter,Strength-based,18,4,11,3,14,524,48,5
15,Coalgrub,Fighter,Strength-based,19,5,11,3,14,556,51,6
16,Coalgrub,Fighter,Strength-based,20,5,11,3,15,594,57,6
17,Coalgrub,Fighter,Strength-based,21,5,11,3,16,634,59,6
18,Coalgrub,Fighter,Strength-based,21,5,12,3,17,676,61,6
19,Coalgrub,Fighter,Strength-based,22,6,12,3,17,713,63,7
20,Coalgrub,Fighter,Strength-based,22,6,13,3,18,758,65,7
21,Coalgrub,Fighter,Strength-based,23,6,13,3,19,804,67,7
22,Coalgrub,Fighter,Strength-based,24,6,13,3,20,852,70,7
23,Coalgrub,Fighter,Strength-based,25,6,14,3,20,894,72,7
24,Coalgrub,Fighter,Strength-based,26,6,14,3,21,945,75,8
25,Coalgrub,Fighter,Strength-based,26,7,15,4,21,989,77,8
26,Coalgrub,Fighter,Strength-based,27,7,15,4,22,1043,80,8
27,Coalgrub,Fighter,Strength-based,28,7,15,4,23,1098,82,8
28,Coalgrub,Fighter,Strength-based,29,7,16,4,23,1146,85,9
29,Coalgrub,Fighter,Strength-based,29,8,17,4,24,1205,86,9
30,Coalgrub,Fighter,Strength-based,30,8,17,4,25,1266,94,9
31,Coalgrub,Fighter,Strength-based,31,9,18,4,25,1318,97,9
32,Coalgrub,Fighter,Strength-based,32,9,18,4,26,1382,99,9
33,Coalgrub,Fighter,Strength-based,33,9,18,4,27,1447,102,10
34,Coalgrub,Fighter,Strength-based,34,9,19,4,27,1503,104,10
35,Coalgrub,Fighter,Strength-based,34,10,20,4,28,1573,107,10
36,Coalgrub,Fighter,Strength-based,35,10,20,5,29,1644,109,10
37,Coalgrub,Fighter,Strength-based,36,11,21,5,29,1704,112,11
38,Coalgrub,Fighter,Strength-based,37,11,21,5,30,1778,114,11
39,Coalgrub,Fighter,Strength-based,37,12,22,5,31,1854,116,11
40,Coalgrub,Fighter,Strength-based,38,12,22,5,32,1933,118,11
41,Coalgrub,Fighter,Strength-based,39,12,23,6,32,1999,121,11
42,Coalgrub,Fighter,Strength-based,40,12,23,6,33,2082,130,12
43,Coalgrub,Fighter,Strength-based,41,13,24,6,33,2150,133,12
44,Coalgrub,Fighter,Strength-based,42,13,24,6,34,2236,136,12
45,Coalgrub,Fighter,Strength-based,43,13,24,6,35,2324,138,12
46,Coalgrub,Fighter,Strength-based,43,14,25,6,36,2415,141,13
47,Coalgrub,Fighter,Strength-based,44,14,26,7,36,2490,143,13
48,Coalgrub,Fighter,Strength-based,45,14,26,7,37,2583,146,13
49,Coalgrub,Fighter,Strength-based,46,15,27,7,37,2660,148,13
50,Coalgrub,Fighter,Strength-based,47,15,27,7,38,2760,151,13
51,Coalgrub,Fighter,Strength-based,47,15,28,7,40,2879,152,14
52,Coalgrub,Fighter,Strength-based,49,15,28,7,40,2962,156,14
53,Coalgrub,Fighter,Strength-based,49,16,29,8,41,3068,157,14
54,Coalgrub,Fighter,Strength-based,50,17,30,8,41,3152,170,14
55,Coalgrub,Fighter,Strength-based,51,17,30,8,42,3261,172,15
56,Coalgrub,Fighter,Strength-based,52,17,30,9,43,3373,175,15
57,Coalgrub,Fighter,Strength-based,53,18,31,9,43,3463,177,15
58,Coalgrub,Fighter,Strength-based,53,19,32,9,44,3579,179,15
59,Coalgrub,Fighter,Strength-based,54,19,32,9,45,3697,182,15
60,Coalgrub,Fighter,Strength-based,55,19,33,10,45,3793,184,16
61,Coalgrub,Fighter,Strength-based,56,20,33,10,46,3915,187,16
62,Coalgrub,Fighter,Strength-based,57,20,33,11,47,4041,189,16
63,Coalgrub,Fighter,Strength-based,58,21,34,11,47,4139,192,16
64,Coalgrub,Fighter,Strength-based,58,22,35,11,48,4269,194,17
65,Coalgrub,Fighter,Strength-based,59,22,35,11,49,4401,197,17
66,Coalgrub,Fighter,Strength-based,60,22,36,11,50,4537,210,17
67,Coalgrub,Fighter,Strength-based,61,22,36,12,51,4674,213,17
68,Coalgrub,Fighter,Strength-based,62,22,37,13,51,4783,215,17
69,Coalgrub,Fighter,Strength-based,63,22,37,13,52,4924,218,18
70,Coalgrub,Fighter,Strength-based,63,23,38,13,53,5070,219,18
71,Coalgrub,Fighter,Strength-based,64,24,39,13,53,5183,222,18
72,Coalgrub,Fighter,Strength-based,65,24,39,14,54,5333,225,18
73,Coalgrub,Fighter,Strength-based,66,24,39,14,55,5485,227,19
74,Coalgrub,Fighter,Strength-based,67,24,41,14,55,5604,231,19
75,Coalgrub,Fighter,Strength-based,68,24,41,15,56,5762,233,19
76,Coalgrub,Fighter,Strength-based,69,24,41,16,57,5922,236,19
77,Coalgrub,Fighter,Strength-based,69,25,42,16,58,6084,237,19
78,Coalgrub,Fighter,Strength-based,71,25,42,17,58,6210,254,20
79,Coalgrub,Fighter,Strength-based,71,26,43,17,59,6379,255,20
80,Coalgrub,Fighter,Strength-based,72,26,43,18,60,6550,258,20
81,Coalgrub,Fighter,Strength-based,73,27,44,18,60,6681,260,20
82,Coalgrub,Fighter,Strength-based,74,27,44,18,61,6858,263,21
83,Coalgrub,Fighter,Strength-based,74,29,45,18,62,7037,265,21
84,Coalgrub,Fighter,Strength-based,75,29,45,18,63,7219,268,21
85,Coalgrub,Fighter,Strength-based,76,29,47,18,63,7357,270,21
86,Coalgrub,Fighter,Strength-based,77,29,47,18,64,7545,273,21
87,Coalgrub,Fighter,Strength-based,78,29,48,18,65,7735,276,22
88,Coalgrub,Fighter,Strength-based,79,29,48,18,66,7929,278,22
89,Coalgrub,Fighter,Strength-based,80,30,48,18,67,8126,296,22
90,Coalgrub,Fighter,Strength-based,81,31,49,18,67,8276,298,22
91,Coalgrub,Fighter,Strength-based,82,31,50,18,68,8477,302,23
92,Coalgrub,Fighter,Strength-based,83,31,50,18,69,8683,304,23
93,Coalgrub,Fighter,Strength-based,83,33,51,18,70,8891,306,23
94,Coalgrub,Fighter,Strength-based,84,33,52,18,70,9049,308,23
95,Coalgrub,Fighter,Strength-based,85,33,53,18,71,9263,311,23
96,Coalgrub,Fighter,Strength-based,86,33,53,18,72,9480,313,24
97,Coalgrub,Fighter,Strength-based,87,34,53,18,73,9701,316,24
98,Coalgrub,Fighter,Strength-based,88,35,54,18,73,9867,318,24
99,Coalgrub,Fighter,Strength-based,89,35,54,18,74,10093,321,24
100,Coalgrub,Fighter,Strength-based,90,35,55,18,75,10325,342,25
1,Sunscarab,Tank / Supp,Int-Based,1,5,5,9,9,196,5,3
2,Sunscarab,Tank / Supp,Int-Based,1,5,5,10,9,216,5,3
3,Sunscarab,Tank / Supp,Int-Based,1,5,5,11,10,242,5,3
4,Sunscarab,Tank / Supp,Int-Based,1,5,5,11,11,268,5,3
5,Sunscarab,Tank / Supp,Int-Based,1,5,5,12,11,294,6,4
6,Sunscarab,Tank / Supp,Int-Based,1,6,5,12,12,322,6,4
7,Sunscarab,Tank / Supp,Int-Based,1,6,5,13,12,350,6,4
8,Sunscarab,Tank / Supp,Int-Based,1,7,5,13,13,381,7,4
9,Sunscarab,Tank / Supp,Int-Based,1,7,5,14,13,411,7,5
10,Sunscarab,Tank / Supp,Int-Based,1,7,6,14,14,446,7,5
11,Sunscarab,Tank / Supp,Int-Based,1,8,6,15,14,478,7,5
12,Sunscarab,Tank / Supp,Int-Based,1,8,7,15,15,516,8,6
13,Sunscarab,Tank / Supp,Int-Based,1,9,7,16,15,550,8,6
14,Sunscarab,Tank / Supp,Int-Based,1,9,8,16,16,591,8,6
15,Sunscarab,Tank / Supp,Int-Based,1,10,8,17,16,628,9,6
16,Sunscarab,Tank / Supp,Int-Based,1,10,8,18,17,671,9,7
17,Sunscarab,Tank / Supp,Int-Based,1,10,8,19,18,717,9,7
18,Sunscarab,Tank / Supp,Int-Based,1,10,8,20,19,765,9,7
19,Sunscarab,Tank / Supp,Int-Based,1,10,8,21,20,813,10,8
20,Sunscarab,Tank / Supp,Int-Based,1,11,8,21,21,865,10,8
21,Sunscarab,Tank / Supp,Int-Based,1,11,8,22,22,917,10,8
22,Sunscarab,Tank / Supp,Int-Based,1,12,8,23,22,963,11,8
23,Sunscarab,Tank / Supp,Int-Based,1,13,8,23,23,1019,11,9
24,Sunscarab,Tank / Supp,Int-Based,1,13,9,24,23,1070,11,9
25,Sunscarab,Tank / Supp,Int-Based,1,13,9,25,24,1129,12,9
26,Sunscarab,Tank / Supp,Int-Based,1,13,9,26,25,1190,12,10
27,Sunscarab,Tank / Supp,Int-Based,1,13,9,27,26,1253,12,10
28,Sunscarab,Tank / Supp,Int-Based,1,13,9,28,27,1319,12,10
29,Sunscarab,Tank / Supp,Int-Based,1,13,9,29,28,1387,13,10
30,Sunscarab,Tank / Supp,Int-Based,1,13,9,30,29,1456,13,11
31,Sunscarab,Tank / Supp,Int-Based,1,13,9,31,30,1528,13,11
32,Sunscarab,Tank / Supp,Int-Based,1,13,9,32,31,1602,14,11
33,Sunscarab,Tank / Supp,Int-Based,1,13,9,33,32,1679,14,12
34,Sunscarab,Tank / Supp,Int-Based,1,14,9,33,33,1756,14,12
35,Sunscarab,Tank / Supp,Int-Based,1,14,9,34,34,1837,14,12
36,Sunscarab,Tank / Supp,Int-Based,1,14,9,35,35,1919,15,12
37,Sunscarab,Tank / Supp,Int-Based,1,14,9,36,36,2004,15,13
38,Sunscarab,Tank / Supp,Int-Based,1,14,9,37,37,2091,15,13
39,Sunscarab,Tank / Supp,Int-Based,1,14,9,39,37,2165,16,13
40,Sunscarab,Tank / Supp,Int-Based,1,14,9,40,38,2257,16,14
41,Sunscarab,Tank / Supp,Int-Based,1,14,9,41,39,2350,16,14
42,Sunscarab,Tank / Supp,Int-Based,1,14,10,41,41,2464,18,14
43,Sunscarab,Tank / Supp,Int-Based,1,15,11,42,41,2545,18,14
44,Sunscarab,Tank / Supp,Int-Based,1,16,11,43,41,2628,18,15
45,Sunscarab,Tank / Supp,Int-Based,1,16,11,44,42,2730,18,15
46,Sunscarab,Tank / Supp,Int-Based,1,16,11,45,43,2835,19,15
47,Sunscarab,Tank / Supp,Int-Based,1,16,11,46,44,2944,19,16
48,Sunscarab,Tank / Supp,Int-Based,1,16,11,47,45,3055,19,16
49,Sunscarab,Tank / Supp,Int-Based,1,16,11,48,46,3168,20,16
50,Sunscarab,Tank / Supp,Int-Based,1,16,11,49,47,3283,20,16
51,Sunscarab,Tank / Supp,Int-Based,1,16,11,50,48,3402,20,17
52,Sunscarab,Tank / Supp,Int-Based,1,17,11,51,49,3522,20,17
53,Sunscarab,Tank / Supp,Int-Based,1,17,11,52,50,3646,21,17
54,Sunscarab,Tank / Supp,Int-Based,1,17,11,53,51,3773,21,17
55,Sunscarab,Tank / Supp,Int-Based,1,18,12,53,52,3901,21,18
56,Sunscarab,Tank / Supp,Int-Based,1,18,12,54,53,4034,22,18
57,Sunscarab,Tank / Supp,Int-Based,1,18,12,55,54,4168,22,18
58,Sunscarab,Tank / Supp,Int-Based,1,18,12,56,55,4305,22,19
59,Sunscarab,Tank / Supp,Int-Based,1,18,12,57,56,4446,22,19
60,Sunscarab,Tank / Supp,Int-Based,1,18,12,58,57,4589,23,19
61,Sunscarab,Tank / Supp,Int-Based,1,18,12,59,58,4735,23,19
62,Sunscarab,Tank / Supp,Int-Based,1,18,12,60,59,4884,23,20
63,Sunscarab,Tank / Supp,Int-Based,1,19,12,61,60,5036,24,20
64,Sunscarab,Tank / Supp,Int-Based,1,19,12,62,61,5192,24,20
65,Sunscarab,Tank / Supp,Int-Based,1,21,12,63,61,5317,24,21
66,Sunscarab,Tank / Supp,Int-Based,1,21,12,64,62,5477,25,21
67,Sunscarab,Tank / Supp,Int-Based,1,21,12,65,63,5641,25,21
68,Sunscarab,Tank / Supp,Int-Based,1,21,12,66,64,5807,25,21
69,Sunscarab,Tank / Supp,Int-Based,1,21,12,67,65,5977,25,22
70,Sunscarab,Tank / Supp,Int-Based,1,23,12,67,66,6150,26,22
71,Sunscarab,Tank / Supp,Int-Based,1,23,12,68,67,6325,26,22
72,Sunscarab,Tank / Supp,Int-Based,1,23,13,69,68,6504,26,23
73,Sunscarab,Tank / Supp,Int-Based,1,23,13,70,69,6687,27,23
74,Sunscarab,Tank / Supp,Int-Based,1,23,13,71,70,6873,27,23
75,Sunscarab,Tank / Supp,Int-Based,1,23,13,72,71,7062,27,23
76,Sunscarab,Tank / Supp,Int-Based,1,25,14,73,71,7212,27,24
77,Sunscarab,Tank / Supp,Int-Based,1,25,14,74,72,7406,28,24
78,Sunscarab,Tank / Supp,Int-Based,1,25,14,75,73,7605,28,24
79,Sunscarab,Tank / Supp,Int-Based,1,25,14,76,74,7807,28,25
80,Sunscarab,Tank / Supp,Int-Based,1,25,14,77,75,8011,29,25
81,Sunscarab,Tank / Supp,Int-Based,1,26,16,77,76,8219,30,25
82,Sunscarab,Tank / Supp,Int-Based,1,26,16,78,77,8432,30,25
83,Sunscarab,Tank / Supp,Int-Based,1,28,17,79,77,8598,31,26
84,Sunscarab,Tank / Supp,Int-Based,1,28,17,80,78,8816,31,26
85,Sunscarab,Tank / Supp,Int-Based,1,28,17,81,79,9037,31,26
86,Sunscarab,Tank / Supp,Int-Based,1,28,18,82,80,9262,31,27
87,Sunscarab,Tank / Supp,Int-Based,1,28,18,83,81,9491,32,27
88,Sunscarab,Tank / Supp,Int-Based,1,28,18,84,82,9724,32,27
89,Sunscarab,Tank / Supp,Int-Based,1,30,19,84,83,9958,32,27
90,Sunscarab,Tank / Supp,Int-Based,1,30,19,85,84,10199,33,28
91,Sunscarab,Tank / Supp,Int-Based,1,30,19,86,85,10441,33,28
92,Sunscarab,Tank / Supp,Int-Based,1,32,19,87,85,10631,33,28
93,Sunscarab,Tank / Supp,Int-Based,1,32,19,88,86,10881,33,29
94,Sunscarab,Tank / Supp,Int-Based,1,33,19,89,87,11135,34,29
95,Sunscarab,Tank / Supp,Int-Based,1,33,19,90,88,11392,34,29
96,Sunscarab,Tank / Supp,Int-Based,1,33,19,91,89,11653,34,29
97,Sunscarab,Tank / Supp,Int-Based,1,33,19,92,90,11918,35,30
98,Sunscarab,Tank / Supp,Int-Based,1,34,19,93,91,12187,35,30
99,Sunscarab,Tank / Supp,Int-Based,1,34,19,94,92,12460,35,30
100,Sunscarab,Tank / Supp,Int-Based,1,34,19,95,93,12738,36,31
1,Brontobug,Fighter,Strength-based,9,8,5,1,6,174,18,3
2,Brontobug,Fighter,Strength-based,9,9,5,1,6,192,19,3
3,Brontobug,Fighter,Strength-based,10,9,5,1,7,215,22,3
4,Brontobug,Fighter,Strength-based,10,10,5,1,7,235,24,3
5,Brontobug,Fighter,Strength-based,11,10,6,1,7,256,26,3
6,Brontobug,Fighter,Strength-based,11,11,6,1,8,281,28,4
7,Brontobug,Fighter,Strength-based,12,11,6,1,8,304,30,4
8,Brontobug,Fighter,Strength-based,12,12,6,1,9,332,32,4
9,Brontobug,Fighter,Strength-based,13,12,6,1,9,357,34,4
10,Brontobug,Fighter,Strength-based,13,12,7,1,10,387,35,5
11,Brontobug,Fighter,Strength-based,14,13,7,1,10,414,38,5
12,Brontobug,Fighter,Strength-based,14,13,8,1,11,447,39,5
13,Brontobug,Fighter,Strength-based,15,14,8,1,11,477,42,5
14,Brontobug,Fighter,Strength-based,16,14,9,1,11,507,44,6
15,Brontobug,Fighter,Strength-based,16,15,9,2,11,538,46,6
16,Brontobug,Fighter,Strength-based,17,15,9,2,12,575,48,6
17,Brontobug,Fighter,Strength-based,17,16,10,2,12,609,50,6
18,Brontobug,Fighter,Strength-based,18,16,10,2,13,649,53,6
19,Brontobug,Fighter,Strength-based,18,17,11,3,13,684,54,7
20,Brontobug,Fighter,Strength-based,19,18,11,3,13,720,57,7
21,Brontobug,Fighter,Strength-based,20,18,11,3,14,764,62,7
22,Brontobug,Fighter,Strength-based,21,19,11,4,14,803,65,7
23,Brontobug,Fighter,Strength-based,21,19,12,4,15,851,66,8
24,Brontobug,Fighter,Strength-based,22,20,12,4,15,892,68,8
25,Brontobug,Fighter,Strength-based,22,21,12,5,16,941,70,8
26,Brontobug,Fighter,Strength-based,23,21,13,5,16,984,72,8
27,Brontobug,Fighter,Strength-based,23,22,13,6,17,1037,74,9
28,Brontobug,Fighter,Strength-based,24,22,14,6,17,1083,76,9
29,Brontobug,Fighter,Strength-based,24,23,14,7,18,1138,78,9
30,Brontobug,Fighter,Strength-based,25,24,14,7,18,1187,80,9
31,Brontobug,Fighter,Strength-based,26,24,14,8,19,1245,83,9
32,Brontobug,Fighter,Strength-based,26,25,15,8,19,1295,85,10
33,Brontobug,Fighter,Strength-based,28,25,15,8,20,1358,88,10
34,Brontobug,Fighter,Strength-based,28,26,16,8,20,1410,90,10
35,Brontobug,Fighter,Strength-based,29,27,16,8,21,1476,92,10
36,Brontobug,Fighter,Strength-based,30,27,18,8,21,1530,100,11
37,Brontobug,Fighter,Strength-based,30,28,18,8,22,1599,101,11
38,Brontobug,Fighter,Strength-based,31,29,18,8,23,1670,104,11
39,Brontobug,Fighter,Strength-based,32,30,18,8,23,1728,106,11
40,Brontobug,Fighter,Strength-based,32,31,19,8,24,1802,107,12
41,Brontobug,Fighter,Strength-based,33,31,21,8,24,1863,111,12
42,Brontobug,Fighter,Strength-based,34,31,21,8,25,1941,113,12
43,Brontobug,Fighter,Strength-based,35,32,21,8,25,2005,116,12
44,Brontobug,Fighter,Strength-based,36,33,21,8,26,2086,118,12
45,Brontobug,Fighter,Strength-based,36,34,21,8,27,2170,120,13
46,Brontobug,Fighter,Strength-based,37,35,22,8,27,2237,122,13
47,Brontobug,Fighter,Strength-based,38,35,22,8,28,2324,124,13
48,Brontobug,Fighter,Strength-based,39,36,23,8,28,2394,127,13
49,Brontobug,Fighter,Strength-based,39,37,24,8,29,2485,128,14
50,Brontobug,Fighter,Strength-based,40,37,24,8,30,2579,138,14
51,Brontobug,Fighter,Strength-based,41,38,24,8,31,2673,140,14
52,Brontobug,Fighter,Strength-based,42,39,25,8,31,2749,144,14
53,Brontobug,Fighter,Strength-based,42,40,25,8,32,2848,145,15
54,Brontobug,Fighter,Strength-based,43,41,26,8,32,2927,148,15
55,Brontobug,Fighter,Strength-based,44,41,26,8,33,3031,150,15
56,Brontobug,Fighter,Strength-based,45,42,27,8,33,3112,152,15
57,Brontobug,Fighter,Strength-based,45,43,28,8,34,3220,154,16
58,Brontobug,Fighter,Strength-based,46,43,28,8,35,3329,156,16
59,Brontobug,Fighter,Strength-based,47,44,29,8,35,3415,159,16
60,Brontobug,Fighter,Strength-based,48,45,29,8,35,3501,161,16
61,Brontobug,Fighter,Strength-based,49,46,29,8,36,3617,164,16
62,Brontobug,Fighter,Strength-based,50,46,30,8,37,3734,176,17
63,Brontobug,Fighter,Strength-based,50,47,31,8,38,3854,177,17
64,Brontobug,Fighter,Strength-based,51,48,31,8,38,3948,180,17
65,Brontobug,Fighter,Strength-based,52,49,31,8,39,4072,182,17
66,Brontobug,Fighter,Strength-based,53,49,32,8,40,4200,185,18
67,Brontobug,Fighter,Strength-based,54,50,32,8,40,4298,187,18
68,Brontobug,Fighter,Strength-based,54,51,33,8,41,4428,189,18
69,Brontobug,Fighter,Strength-based,55,52,34,8,41,4530,191,18
70,Brontobug,Fighter,Strength-based,56,52,34,8,42,4666,193,19
71,Brontobug,Fighter,Strength-based,57,53,34,8,43,4804,196,19
72,Brontobug,Fighter,Strength-based,57,54,36,8,43,4910,198,19
73,Brontobug,Fighter,Strength-based,58,54,36,8,44,5054,201,19
74,Brontobug,Fighter,Strength-based,59,55,36,8,45,5199,203,19
75,Brontobug,Fighter,Strength-based,60,56,36,8,45,5311,217,20
76,Brontobug,Fighter,Strength-based,61,57,37,8,45,5423,219,20
77,Brontobug,Fighter,Strength-based,62,57,38,8,46,5575,222,20
78,Brontobug,Fighter,Strength-based,62,59,38,8,47,5730,223,20
79,Brontobug,Fighter,Strength-based,63,59,40,8,47,5849,226,21
80,Brontobug,Fighter,Strength-based,63,60,41,8,48,6007,228,21
81,Brontobug,Fighter,Strength-based,64,60,41,8,49,6170,230,21
82,Brontobug,Fighter,Strength-based,65,61,41,8,50,6336,233,21
83,Brontobug,Fighter,Strength-based,66,62,41,8,51,6503,235,22
84,Brontobug,Fighter,Strength-based,67,63,41,8,51,6631,238,22
85,Brontobug,Fighter,Strength-based,68,64,42,8,51,6760,240,22
86,Brontobug,Fighter,Strength-based,69,64,42,8,52,6934,242,22
87,Brontobug,Fighter,Strength-based,69,65,43,8,53,7112,244,22
88,Brontobug,Fighter,Strength-based,70,66,44,8,53,7247,259,23
89,Brontobug,Fighter,Strength-based,71,66,45,8,54,7430,263,23
90,Brontobug,Fighter,Strength-based,72,67,45,8,54,7567,265,23
91,Brontobug,Fighter,Strength-based,73,68,45,8,55,7756,268,23
92,Brontobug,Fighter,Strength-based,73,69,46,8,56,7948,269,24
93,Brontobug,Fighter,Strength-based,74,70,46,8,56,8090,271,24
94,Brontobug,Fighter,Strength-based,75,70,47,8,57,8286,274,24
95,Brontobug,Fighter,Strength-based,76,71,47,8,58,8487,276,24
96,Brontobug,Fighter,Strength-based,76,72,48,8,59,8690,278,25
97,Brontobug,Fighter,Strength-based,77,73,48,8,59,8840,280,25
98,Brontobug,Fighter,Strength-based,78,73,49,8,60,9049,283,25
99,Brontobug,Fighter,Strength-based,79,74,50,8,60,9203,286,25
100,Brontobug,Fighter,Strength-based,80,75,50,8,61,9418,304,26
1,Mournmantle,DPS,Int-Based,1,7,3,9,9,152,4,1
2,Mournmantle,DPS,Int-Based,1,7,3,10,9,163,4,1
3,Mournmantle,DPS,Int-Based,1,7,4,11,9,176,4,1
4,Mournmantle,DPS,Int-Based,1,7,4,12,9,189,4,1
5,Mournmantle,DPS,Int-Based,1,7,4,13,9,202,5,1
6,Mournmantle,DPS,Int-Based,1,7,4,14,9,216,5,1
7,Mournmantle,DPS,Int-Based,1,7,4,15,10,233,5,1
8,Mournmantle,DPS,Int-Based,1,7,4,16,10,248,5,1
9,Mournmantle,DPS,Int-Based,1,8,4,17,10,265,6,1
10,Mournmantle,DPS,Int-Based,1,8,4,18,10,281,6,1
11,Mournmantle,DPS,Int-Based,1,8,4,19,11,300,6,2
12,Mournmantle,DPS,Int-Based,1,9,4,20,11,318,6,2
13,Mournmantle,DPS,Int-Based,1,9,4,21,12,339,7,2
14,Mournmantle,DPS,Int-Based,1,9,4,22,12,358,7,2
15,Mournmantle,DPS,Int-Based,1,10,4,22,13,381,7,2
16,Mournmantle,DPS,Int-Based,1,11,4,23,13,401,7,2
17,Mournmantle,DPS,Int-Based,1,11,4,24,14,426,8,2
18,Mournmantle,DPS,Int-Based,1,11,5,25,14,448,9,2
19,Mournmantle,DPS,Int-Based,1,12,5,25,15,473,9,2
20,Mournmantle,DPS,Int-Based,1,12,6,26,15,496,9,2
21,Mournmantle,DPS,Int-Based,1,12,6,27,16,525,10,3
22,Mournmantle,DPS,Int-Based,1,13,6,28,16,548,10,3
23,Mournmantle,DPS,Int-Based,1,13,6,29,17,579,10,3
24,Mournmantle,DPS,Int-Based,1,14,6,29,18,610,10,3
25,Mournmantle,DPS,Int-Based,1,15,6,30,18,636,11,3
26,Mournmantle,DPS,Int-Based,1,15,7,31,19,668,11,3
27,Mournmantle,DPS,Int-Based,1,16,7,32,19,697,11,3
28,Mournmantle,DPS,Int-Based,1,16,7,33,20,730,11,3
29,Mournmantle,DPS,Int-Based,1,17,8,33,21,767,12,3
30,Mournmantle,DPS,Int-Based,1,18,8,34,21,797,12,3
31,Mournmantle,DPS,Int-Based,1,18,8,35,22,834,12,4
32,Mournmantle,DPS,Int-Based,1,19,8,36,22,866,12,4
33,Mournmantle,DPS,Int-Based,1,19,8,37,23,906,13,4
34,Mournmantle,DPS,Int-Based,1,20,9,38,23,939,13,4
35,Mournmantle,DPS,Int-Based,1,20,9,39,24,980,13,4
36,Mournmantle,DPS,Int-Based,1,21,10,40,24,1015,14,4
37,Mournmantle,DPS,Int-Based,1,21,10,41,25,1058,15,4
38,Mournmantle,DPS,Int-Based,1,22,11,41,26,1103,15,4
39,Mournmantle,DPS,Int-Based,1,22,11,42,27,1150,15,4
40,Mournmantle,DPS,Int-Based,1,23,11,43,27,1188,15,4
41,Mournmantle,DPS,Int-Based,1,23,11,44,28,1236,16,5
42,Mournmantle,DPS,Int-Based,1,24,12,45,28,1276,16,5
43,Mournmantle,DPS,Int-Based,1,25,13,45,29,1326,16,5
44,Mournmantle,DPS,Int-Based,1,25,13,46,30,1378,16,5
45,Mournmantle,DPS,Int-Based,1,26,13,47,30,1420,17,5
46,Mournmantle,DPS,Int-Based,1,27,13,48,31,1475,17,5
47,Mournmantle,DPS,Int-Based,1,27,13,49,32,1529,17,5
48,Mournmantle,DPS,Int-Based,1,28,14,50,32,1574,17,5
49,Mournmantle,DPS,Int-Based,1,28,14,51,33,1633,18,5
50,Mournmantle,DPS,Int-Based,1,29,14,52,33,1679,18,5
51,Mournmantle,DPS,Int-Based,1,30,14,52,35,1752,18,6
52,Mournmantle,DPS,Int-Based,1,31,15,53,35,1800,19,6
53,Mournmantle,DPS,Int-Based,1,31,15,54,36,1863,20,6
54,Mournmantle,DPS,Int-Based,1,32,15,55,36,1913,20,6
55,Mournmantle,DPS,Int-Based,1,32,16,56,37,1979,20,6
56,Mournmantle,DPS,Int-Based,1,33,16,57,37,2031,20,6
57,Mournmantle,DPS,Int-Based,1,33,17,58,38,2098,21,6
58,Mournmantle,DPS,Int-Based,1,34,18,59,38,2152,21,6
59,Mournmantle,DPS,Int-Based,1,34,18,60,39,2224,21,6
60,Mournmantle,DPS,Int-Based,1,35,18,60,41,2312,21,6
61,Mournmantle,DPS,Int-Based,1,36,19,61,41,2368,22,7
62,Mournmantle,DPS,Int-Based,1,37,20,62,41,2426,23,7
63,Mournmantle,DPS,Int-Based,1,37,20,63,42,2503,23,7
64,Mournmantle,DPS,Int-Based,1,38,21,64,42,2563,23,7
65,Mournmantle,DPS,Int-Based,1,38,21,65,43,2641,24,7
66,Mournmantle,DPS,Int-Based,1,40,21,65,44,2721,24,7
67,Mournmantle,DPS,Int-Based,1,40,21,67,44,2784,24,7
68,Mournmantle,DPS,Int-Based,1,41,21,67,46,2886,24,7
69,Mournmantle,DPS,Int-Based,1,41,21,69,46,2952,25,7
70,Mournmantle,DPS,Int-Based,1,42,21,69,47,3038,25,7
71,Mournmantle,DPS,Int-Based,1,42,21,71,47,3104,25,8
72,Mournmantle,DPS,Int-Based,1,43,21,72,48,3193,25,8
73,Mournmantle,DPS,Int-Based,1,44,21,72,50,3307,26,8
74,Mournmantle,DPS,Int-Based,1,45,21,73,50,3378,26,8
75,Mournmantle,DPS,Int-Based,1,45,21,74,51,3471,26,8
76,Mournmantle,DPS,Int-Based,1,46,21,75,52,3567,26,8
77,Mournmantle,DPS,Int-Based,1,47,21,76,52,3641,27,8
78,Mournmantle,DPS,Int-Based,1,49,21,77,52,3716,27,8
79,Mournmantle,DPS,Int-Based,1,49,21,78,53,3815,27,8
80,Mournmantle,DPS,Int-Based,1,49,21,79,54,3917,27,8
81,Mournmantle,DPS,Int-Based,1,50,21,80,55,4022,28,9
82,Mournmantle,DPS,Int-Based,1,51,21,81,55,4101,28,9
83,Mournmantle,DPS,Int-Based,1,52,21,82,56,4207,28,9
84,Mournmantle,DPS,Int-Based,1,52,21,83,57,4315,28,9
85,Mournmantle,DPS,Int-Based,1,53,21,83,59,4455,29,9
86,Mournmantle,DPS,Int-Based,1,53,21,85,59,4539,29,9
87,Mournmantle,DPS,Int-Based,1,54,21,86,59,4623,29,9
88,Mournmantle,DPS,Int-Based,1,55,21,86,61,4768,29,9
89,Mournmantle,DPS,Int-Based,1,56,21,87,61,4857,30,9
90,Mournmantle,DPS,Int-Based,1,57,21,88,62,4976,30,9
91,Mournmantle,DPS,Int-Based,1,57,21,90,62,5065,30,10
92,Mournmantle,DPS,Int-Based,1,59,21,90,63,5188,30,10
93,Mournmantle,DPS,Int-Based,1,59,21,91,64,5313,31,10
94,Mournmantle,DPS,Int-Based,1,60,21,92,64,5407,31,10
95,Mournmantle,DPS,Int-Based,1,61,21,93,65,5534,31,10
96,Mournmantle,DPS,Int-Based,1,61,21,94,66,5663,31,10
97,Mournmantle,DPS,Int-Based,1,62,21,95,66,5761,32,10
98,Mournmantle,DPS,Int-Based,1,63,21,96,67,5895,32,10
99,Mournmantle,DPS,Int-Based,1,63,21,97,68,6029,32,10
100,Mournmantle,DPS,Int-Based,1,64,21,98,69,6168,33,11
1,Whistlepod,Supp,Dex-Based,1,5,9,8,6,159,17,1
2,Whistlepod,Supp,Dex-Based,1,5,10,8,6,171,20,1
3,Whistlepod,Supp,Dex-Based,1,6,11,8,6,184,22,1
4,Whistlepod,Supp,Dex-Based,1,6,11,9,6,198,23,1
5,Whistlepod,Supp,Dex-Based,1,6,11,10,7,215,24,1
6,Whistlepod,Supp,Dex-Based,1,6,12,10,7,231,27,1
7,Whistlepod,Supp,Dex-Based,1,7,12,10,8,248,28,1
8,Whistlepod,Supp,Dex-Based,1,7,13,11,8,265,30,1
9,Whistlepod,Supp,Dex-Based,1,7,14,11,8,282,32,1
10,Whistlepod,Supp,Dex-Based,1,8,14,11,9,303,34,2
11,Whistlepod,Supp,Dex-Based,1,8,15,12,9,322,36,2
12,Whistlepod,Supp,Dex-Based,1,8,15,13,10,344,37,2
13,Whistlepod,Supp,Dex-Based,1,9,16,13,10,364,39,2
14,Whistlepod,Supp,Dex-Based,1,9,16,14,11,388,41,2
15,Whistlepod,Supp,Dex-Based,1,10,17,14,11,410,43,2
16,Whistlepod,Supp,Dex-Based,1,10,18,14,12,435,45,2
17,Whistlepod,Supp,Dex-Based,1,11,18,15,12,459,46,2
18,Whistlepod,Supp,Dex-Based,1,11,19,16,12,482,48,3
19,Whistlepod,Supp,Dex-Based,1,11,20,16,13,510,54,3
20,Whistlepod,Supp,Dex-Based,1,12,20,17,13,536,55,3
21,Whistlepod,Supp,Dex-Based,1,12,21,17,14,566,57,3
22,Whistlepod,Supp,Dex-Based,1,12,22,18,14,593,59,3
23,Whistlepod,Supp,Dex-Based,1,13,22,19,15,625,61,3
24,Whistlepod,Supp,Dex-Based,1,13,23,20,15,654,63,3
25,Whistlepod,Supp,Dex-Based,1,14,23,20,16,689,64,3
26,Whistlepod,Supp,Dex-Based,1,14,24,21,16,718,66,4
27,Whistlepod,Supp,Dex-Based,1,15,25,21,17,754,69,4
28,Whistlepod,Supp,Dex-Based,1,15,26,22,17,786,71,4
29,Whistlepod,Supp,Dex-Based,1,15,26,23,18,824,72,4
30,Whistlepod,Supp,Dex-Based,1,16,27,23,18,856,74,4
31,Whistlepod,Supp,Dex-Based,1,16,28,24,19,898,76,4
32,Whistlepod,Supp,Dex-Based,1,17,28,24,21,948,78,4
33,Whistlepod,Supp,Dex-Based,1,17,29,25,21,983,80,4
34,Whistlepod,Supp,Dex-Based,1,17,30,26,21,1020,87,5
35,Whistlepod,Supp,Dex-Based,1,18,31,27,21,1056,89,5
36,Whistlepod,Supp,Dex-Based,1,20,31,27,22,1102,91,5
37,Whistlepod,Supp,Dex-Based,1,20,32,28,22,1141,93,5
38,Whistlepod,Supp,Dex-Based,1,20,33,28,23,1190,95,5
39,Whistlepod,Supp,Dex-Based,1,20,33,30,24,1241,96,5
40,Whistlepod,Supp,Dex-Based,1,21,34,30,24,1282,99,5
41,Whistlepod,Supp,Dex-Based,1,21,35,31,25,1335,101,5
42,Whistlepod,Supp,Dex-Based,1,21,36,32,25,1377,103,5
43,Whistlepod,Supp,Dex-Based,1,23,36,32,26,1432,104,6
44,Whistlepod,Supp,Dex-Based,1,23,37,33,26,1477,106,6
45,Whistlepod,Supp,Dex-Based,1,23,38,33,27,1535,109,6
46,Whistlepod,Supp,Dex-Based,1,23,39,34,28,1593,111,6
47,Whistlepod,Supp,Dex-Based,1,24,39,35,29,1655,112,6
48,Whistlepod,Supp,Dex-Based,1,24,40,36,29,1702,121,6
49,Whistlepod,Supp,Dex-Based,1,25,41,36,30,1766,124,6
50,Whistlepod,Supp,Dex-Based,1,25,42,37,30,1816,126,6
51,Whistlepod,Supp,Dex-Based,1,26,42,38,31,1882,127,7
52,Whistlepod,Supp,Dex-Based,1,27,43,39,31,1934,129,7
53,Whistlepod,Supp,Dex-Based,1,27,44,39,32,2002,132,7
54,Whistlepod,Supp,Dex-Based,1,27,44,41,33,2072,133,7
55,Whistlepod,Supp,Dex-Based,1,28,45,41,33,2128,135,7
56,Whistlepod,Supp,Dex-Based,1,28,46,42,34,2200,137,7
57,Whistlepod,Supp,Dex-Based,1,30,47,42,34,2257,140,7
58,Whistlepod,Supp,Dex-Based,1,30,47,43,35,2332,141,7
59,Whistlepod,Supp,Dex-Based,1,30,48,44,36,2409,143,8
60,Whistlepod,Supp,Dex-Based,1,30,49,45,36,2469,145,8
61,Whistlepod,Supp,Dex-Based,1,31,50,45,37,2549,156,8
62,Whistlepod,Supp,Dex-Based,1,31,51,46,38,2631,159,8
63,Whistlepod,Supp,Dex-Based,1,32,51,47,38,2695,160,8
64,Whistlepod,Supp,Dex-Based,1,32,52,48,39,2780,162,8
65,Whistlepod,Supp,Dex-Based,1,33,53,48,39,2845,164,8
66,Whistlepod,Supp,Dex-Based,1,33,54,49,40,2933,167,8
67,Whistlepod,Supp,Dex-Based,1,34,54,50,41,3021,168,9
68,Whistlepod,Supp,Dex-Based,1,35,55,51,41,3090,170,9
69,Whistlepod,Supp,Dex-Based,1,35,56,51,42,3182,172,9
70,Whistlepod,Supp,Dex-Based,1,36,57,52,42,3253,175,9
71,Whistlepod,Supp,Dex-Based,1,36,57,53,43,3349,176,9
72,Whistlepod,Supp,Dex-Based,1,36,58,54,44,3445,178,9
73,Whistlepod,Supp,Dex-Based,1,37,59,54,45,3543,180,9
74,Whistlepod,Supp,Dex-Based,1,37,60,55,45,3620,193,9
75,Whistlepod,Supp,Dex-Based,1,38,61,56,45,3696,196,9
76,Whistlepod,Supp,Dex-Based,1,39,61,57,46,3800,197,10
77,Whistlepod,Supp,Dex-Based,1,40,62,57,47,3905,199,10
78,Whistlepod,Supp,Dex-Based,1,40,63,58,47,3985,201,10
79,Whistlepod,Supp,Dex-Based,1,40,64,59,48,4093,204,10
80,Whistlepod,Supp,Dex-Based,1,41,64,60,49,4204,205,10
81,Whistlepod,Supp,Dex-Based,1,41,65,60,50,4317,207,10
82,Whistlepod,Supp,Dex-Based,1,42,66,61,50,4401,209,10
83,Whistlepod,Supp,Dex-Based,1,42,67,62,51,4517,212,10
84,Whistlepod,Supp,Dex-Based,1,42,67,63,52,4634,213,11
85,Whistlepod,Supp,Dex-Based,1,43,68,64,52,4724,215,11
86,Whistlepod,Supp,Dex-Based,1,44,69,64,53,4845,217,11
87,Whistlepod,Supp,Dex-Based,1,44,70,65,53,4935,232,11
88,Whistlepod,Supp,Dex-Based,1,44,71,66,54,5060,235,11
89,Whistlepod,Supp,Dex-Based,1,45,71,67,55,5187,236,11
90,Whistlepod,Supp,Dex-Based,1,46,72,67,55,5282,238,11
91,Whistlepod,Supp,Dex-Based,1,46,73,68,56,5411,240,11
92,Whistlepod,Supp,Dex-Based,1,47,74,69,56,5509,243,12
93,Whistlepod,Supp,Dex-Based,1,48,74,70,57,5642,244,12
94,Whistlepod,Supp,Dex-Based,1,48,75,70,58,5779,246,12
95,Whistlepod,Supp,Dex-Based,1,48,76,71,59,5917,248,12
96,Whistlepod,Supp,Dex-Based,1,49,77,72,59,6019,251,12
97,Whistlepod,Supp,Dex-Based,1,50,77,73,60,6161,252,12
98,Whistlepod,Supp,Dex-Based,1,51,78,73,61,6306,254,12
99,Whistlepod,Supp,Dex-Based,1,51,79,74,61,6412,256,12
100,Whistlepod,Supp,Dex-Based,1,51,80,75,62,6561,274,13
1,Moonweaver,DPS / Supp,Int-Based,1,6,4,9,9,158,4,2
2,Moonweaver,DPS / Supp,Int-Based,1,6,4,10,9,171,4,2
3,Moonweaver,DPS / Supp,Int-Based,1,6,4,11,10,187,4,2
4,Moonweaver,DPS / Supp,Int-Based,1,6,4,12,10,201,4,2
5,Moonweaver,DPS / Supp,Int-Based,1,6,4,13,10,217,5,2
6,Moonweaver,DPS / Supp,Int-Based,1,6,4,14,10,233,5,2
7,Moonweaver,DPS / Supp,Int-Based,1,6,4,15,11,253,5,2
8,Moonweaver,DPS / Supp,Int-Based,1,6,4,16,11,269,5,2
9,Moonweaver,DPS / Supp,Int-Based,1,7,4,16,12,291,6,3
10,Moonweaver,DPS / Supp,Int-Based,1,7,4,17,12,310,6,3
11,Moonweaver,DPS / Supp,Int-Based,1,7,4,18,13,332,6,3
12,Moonweaver,DPS / Supp,Int-Based,1,7,5,18,14,356,8,3
13,Moonweaver,DPS / Supp,Int-Based,1,8,5,19,14,377,8,3
14,Moonweaver,DPS / Supp,Int-Based,1,9,5,20,14,400,8,3
15,Moonweaver,DPS / Supp,Int-Based,1,9,6,20,15,425,8,3
16,Moonweaver,DPS / Supp,Int-Based,1,9,6,21,16,453,9,4
17,Moonweaver,DPS / Supp,Int-Based,1,10,6,22,16,477,9,4
18,Moonweaver,DPS / Supp,Int-Based,1,10,6,22,18,510,9,4
19,Moonweaver,DPS / Supp,Int-Based,1,11,6,23,18,538,9,4
20,Moonweaver,DPS / Supp,Int-Based,1,11,7,24,18,564,10,4
21,Moonweaver,DPS / Supp,Int-Based,1,11,7,25,19,597,10,4
22,Moonweaver,DPS / Supp,Int-Based,1,11,7,26,20,631,10,4
23,Moonweaver,DPS / Supp,Int-Based,1,11,7,27,21,665,11,5
24,Moonweaver,DPS / Supp,Int-Based,1,12,7,27,22,701,11,5
25,Moonweaver,DPS / Supp,Int-Based,1,13,7,28,22,733,11,5
26,Moonweaver,DPS / Supp,Int-Based,1,13,7,29,23,771,11,5
27,Moonweaver,DPS / Supp,Int-Based,1,13,7,30,24,809,12,5
28,Moonweaver,DPS / Supp,Int-Based,1,13,7,31,25,851,12,5
29,Moonweaver,DPS / Supp,Int-Based,1,14,7,32,25,886,12,5
30,Moonweaver,DPS / Supp,Int-Based,1,14,7,32,27,935,12,6
31,Moonweaver,DPS / Supp,Int-Based,1,14,7,33,28,980,13,6
32,Moonweaver,DPS / Supp,Int-Based,1,14,7,34,29,1026,13,6
33,Moonweaver,DPS / Supp,Int-Based,1,14,7,35,30,1073,13,6
34,Moonweaver,DPS / Supp,Int-Based,1,14,7,36,31,1122,14,6
35,Moonweaver,DPS / Supp,Int-Based,1,15,7,37,31,1163,14,6
36,Moonweaver,DPS / Supp,Int-Based,1,15,7,39,31,1205,14,6
37,Moonweaver,DPS / Supp,Int-Based,1,15,7,40,32,1256,14,7
38,Moonweaver,DPS / Supp,Int-Based,1,15,7,41,33,1310,15,7
39,Moonweaver,DPS / Supp,Int-Based,1,15,7,42,34,1365,15,7
40,Moonweaver,DPS / Supp,Int-Based,1,15,7,42,36,1432,15,7
41,Moonweaver,DPS / Supp,Int-Based,1,15,7,43,37,1490,15,7
42,Moonweaver,DPS / Supp,Int-Based,1,15,7,44,38,1549,16,7
43,Moonweaver,DPS / Supp,Int-Based,1,15,7,45,39,1611,16,7
44,Moonweaver,DPS / Supp,Int-Based,1,16,8,46,39,1661,16,8
45,Moonweaver,DPS / Supp,Int-Based,1,16,8,47,40,1724,17,8
46,Moonweaver,DPS / Supp,Int-Based,1,16,8,48,41,1790,17,8
47,Moonweaver,DPS / Supp,Int-Based,1,16,8,49,42,1857,17,8
48,Moonweaver,DPS / Supp,Int-Based,1,18,8,50,42,1912,17,8
49,Moonweaver,DPS / Supp,Int-Based,1,18,8,51,43,1981,18,8
50,Moonweaver,DPS / Supp,Int-Based,1,18,8,52,44,2053,18,8
51,Moonweaver,DPS / Supp,Int-Based,1,18,8,53,45,2125,18,9
52,Moonweaver,DPS / Supp,Int-Based,1,20,8,54,45,2185,18,9
53,Moonweaver,DPS / Supp,Int-Based,1,20,8,55,46,2261,19,9
54,Moonweaver,DPS / Supp,Int-Based,1,20,8,56,47,2338,19,9
55,Moonweaver,DPS / Supp,Int-Based,1,20,8,57,48,2418,19,9
56,Moonweaver,DPS / Supp,Int-Based,1,20,8,58,49,2498,20,9
57,Moonweaver,DPS / Supp,Int-Based,1,22,9,58,50,2581,20,9
58,Moonweaver,DPS / Supp,Int-Based,1,22,9,59,51,2666,20,10
59,Moonweaver,DPS / Supp,Int-Based,1,22,9,60,52,2752,20,10
60,Moonweaver,DPS / Supp,Int-Based,1,22,9,61,53,2839,21,10
61,Moonweaver,DPS / Supp,Int-Based,1,23,11,62,53,2910,22,10
62,Moonweaver,DPS / Supp,Int-Based,1,23,11,63,54,3001,22,10
63,Moonweaver,DPS / Supp,Int-Based,1,23,11,64,55,3095,22,10
64,Moonweaver,DPS / Supp,Int-Based,1,24,12,65,55,3168,23,10
65,Moonweaver,DPS / Supp,Int-Based,1,24,12,66,56,3265,23,11
66,Moonweaver,DPS / Supp,Int-Based,1,24,12,67,57,3362,23,11
67,Moonweaver,DPS / Supp,Int-Based,1,26,12,67,58,3463,24,11
68,Moonweaver,DPS / Supp,Int-Based,1,26,13,68,59,3564,24,11
69,Moonweaver,DPS / Supp,Int-Based,1,26,13,69,60,3667,24,11
70,Moonweaver,DPS / Supp,Int-Based,1,26,13,70,61,3773,24,11
71,Moonweaver,DPS / Supp,Int-Based,1,28,14,71,61,3857,25,11
72,Moonweaver,DPS / Supp,Int-Based,1,28,14,72,62,3965,25,12
73,Moonweaver,DPS / Supp,Int-Based,1,28,14,73,63,4076,25,12
74,Moonweaver,DPS / Supp,Int-Based,1,28,14,74,64,4190,25,12
75,Moonweaver,DPS / Supp,Int-Based,1,28,14,75,65,4304,26,12
76,Moonweaver,DPS / Supp,Int-Based,1,30,14,75,66,4422,26,12
77,Moonweaver,DPS / Supp,Int-Based,1,30,15,76,67,4540,27,12
78,Moonweaver,DPS / Supp,Int-Based,1,30,15,77,68,4662,28,12
79,Moonweaver,DPS / Supp,Int-Based,1,32,15,78,68,4756,28,13
80,Moonweaver,DPS / Supp,Int-Based,1,32,15,79,69,4880,28,13
81,Moonweaver,DPS / Supp,Int-Based,1,32,16,80,70,5008,28,13
82,Moonweaver,DPS / Supp,Int-Based,1,32,17,81,71,5136,29,13
83,Moonweaver,DPS / Supp,Int-Based,1,32,17,82,72,5268,29,13
84,Moonweaver,DPS / Supp,Int-Based,1,33,17,83,72,5369,29,13
85,Moonweaver,DPS / Supp,Int-Based,1,33,17,84,73,5504,29,13
86,Moonweaver,DPS / Supp,Int-Based,1,34,17,85,74,5642,30,14
87,Moonweaver,DPS / Supp,Int-Based,1,34,17,86,75,5782,30,14
88,Moonweaver,DPS / Supp,Int-Based,1,34,17,87,76,5922,30,14
89,Moonweaver,DPS / Supp,Int-Based,1,36,17,87,77,6067,31,14
90,Moonweaver,DPS / Supp,Int-Based,1,36,17,88,78,6212,31,14
91,Moonweaver,DPS / Supp,Int-Based,1,37,17,89,79,6361,31,14
92,Moonweaver,DPS / Supp,Int-Based,1,37,17,90,80,6512,31,14
93,Moonweaver,DPS / Supp,Int-Based,1,38,17,91,81,6664,32,15
94,Moonweaver,DPS / Supp,Int-Based,1,38,17,92,82,6819,32,15
95,Moonweaver,DPS / Supp,Int-Based,1,38,17,93,83,6977,32,15
96,Moonweaver,DPS / Supp,Int-Based,1,40,17,94,83,7098,32,15
97,Moonweaver,DPS / Supp,Int-Based,1,40,17,95,84,7260,33,15
98,Moonweaver,DPS / Supp,Int-Based,1,40,17,96,85,7424,33,15
99,Moonweaver,DPS / Supp,Int-Based,1,40,17,97,86,7590,33,15
100,Moonweaver,DPS / Supp,Int-Based,1,41,17,98,87,7760,34,16
1,Pearlweaver,DPS,Dex-Based,1,9,9,3,7,149,17,2
2,Pearlweaver,DPS,Dex-Based,1,9,10,3,7,161,20,2
3,Pearlweaver,DPS,Dex-Based,1,10,11,3,7,173,23,2
4,Pearlweaver,DPS,Dex-Based,1,11,11,3,7,187,24,2
5,Pearlweaver,DPS,Dex-Based,1,11,12,3,7,200,27,2
6,Pearlweaver,DPS,Dex-Based,1,12,12,3,8,217,29,2
7,Pearlweaver,DPS,Dex-Based,1,12,13,3,8,231,31,2
8,Pearlweaver,DPS,Dex-Based,1,13,13,3,9,249,33,2
9,Pearlweaver,DPS,Dex-Based,1,13,14,3,9,265,36,3
10,Pearlweaver,DPS,Dex-Based,1,14,14,3,10,284,37,3
11,Pearlweaver,DPS,Dex-Based,1,14,15,4,10,302,40,3
12,Pearlweaver,DPS,Dex-Based,1,15,15,4,11,323,42,3
13,Pearlweaver,DPS,Dex-Based,1,15,16,4,11,341,44,3
14,Pearlweaver,DPS,Dex-Based,1,16,17,4,11,360,47,3
15,Pearlweaver,DPS,Dex-Based,1,17,18,4,11,380,49,3
16,Pearlweaver,DPS,Dex-Based,1,18,19,4,11,401,52,4
17,Pearlweaver,DPS,Dex-Based,1,19,20,4,11,422,58,4
18,Pearlweaver,DPS,Dex-Based,1,20,21,4,11,444,60,4
19,Pearlweaver,DPS,Dex-Based,1,21,21,4,12,470,62,4
20,Pearlweaver,DPS,Dex-Based,1,21,22,4,12,492,65,4
21,Pearlweaver,DPS,Dex-Based,1,22,23,4,12,516,67,4
22,Pearlweaver,DPS,Dex-Based,1,23,24,4,12,540,70,4
23,Pearlweaver,DPS,Dex-Based,1,23,25,4,13,570,73,5
24,Pearlweaver,DPS,Dex-Based,1,24,25,4,14,600,74,5
25,Pearlweaver,DPS,Dex-Based,1,24,26,4,15,633,77,5
26,Pearlweaver,DPS,Dex-Based,1,25,27,4,15,660,79,5
27,Pearlweaver,DPS,Dex-Based,1,26,28,4,15,687,82,5
28,Pearlweaver,DPS,Dex-Based,1,27,29,4,15,716,85,5
29,Pearlweaver,DPS,Dex-Based,1,28,30,4,15,745,92,5
30,Pearlweaver,DPS,Dex-Based,1,29,31,4,15,775,95,6
31,Pearlweaver,DPS,Dex-Based,1,30,31,4,16,812,97,6
32,Pearlweaver,DPS,Dex-Based,1,31,32,4,16,842,99,6
33,Pearlweaver,DPS,Dex-Based,1,31,33,4,18,889,102,6
34,Pearlweaver,DPS,Dex-Based,1,32,33,4,19,929,104,6
35,Pearlweaver,DPS,Dex-Based,1,33,34,4,19,962,106,6
36,Pearlweaver,DPS,Dex-Based,1,34,35,4,19,997,109,6
37,Pearlweaver,DPS,Dex-Based,1,35,36,4,19,1031,111,7
38,Pearlweaver,DPS,Dex-Based,1,35,37,4,20,1076,114,7
39,Pearlweaver,DPS,Dex-Based,1,36,38,4,20,1113,117,7
40,Pearlweaver,DPS,Dex-Based,1,37,39,4,20,1149,119,7
41,Pearlweaver,DPS,Dex-Based,1,38,40,4,21,1197,129,7
42,Pearlweaver,DPS,Dex-Based,1,39,41,4,21,1235,132,7
43,Pearlweaver,DPS,Dex-Based,1,40,41,4,22,1285,133,7
44,Pearlweaver,DPS,Dex-Based,1,40,42,4,24,1347,136,8
45,Pearlweaver,DPS,Dex-Based,1,41,43,4,24,1388,139,8
46,Pearlweaver,DPS,Dex-Based,1,42,44,4,24,1430,141,8
47,Pearlweaver,DPS,Dex-Based,1,43,45,4,24,1473,144,8
48,Pearlweaver,DPS,Dex-Based,1,44,46,4,24,1516,146,8
49,Pearlweaver,DPS,Dex-Based,1,44,47,4,25,1573,149,8
50,Pearlweaver,DPS,Dex-Based,1,45,47,4,27,1644,151,8
51,Pearlweaver,DPS,Dex-Based,1,46,48,4,27,1690,153,9
52,Pearlweaver,DPS,Dex-Based,1,47,49,4,27,1737,156,9
53,Pearlweaver,DPS,Dex-Based,1,48,50,4,27,1785,168,9
54,Pearlweaver,DPS,Dex-Based,1,49,51,4,28,1848,170,9
55,Pearlweaver,DPS,Dex-Based,1,50,52,4,28,1896,173,9
56,Pearlweaver,DPS,Dex-Based,1,50,53,4,29,1962,176,9
57,Pearlweaver,DPS,Dex-Based,1,51,54,4,30,2029,178,9
58,Pearlweaver,DPS,Dex-Based,1,52,55,4,30,2081,181,10
59,Pearlweaver,DPS,Dex-Based,1,53,55,4,31,2149,182,10
60,Pearlweaver,DPS,Dex-Based,1,54,56,4,31,2203,185,10
61,Pearlweaver,DPS,Dex-Based,1,54,57,4,33,2292,188,10
62,Pearlweaver,DPS,Dex-Based,1,55,58,4,33,2348,190,10
63,Pearlweaver,DPS,Dex-Based,1,56,59,4,33,2405,193,10
64,Pearlweaver,DPS,Dex-Based,1,57,60,4,33,2463,207,10
65,Pearlweaver,DPS,Dex-Based,1,58,61,4,34,2540,209,11
66,Pearlweaver,DPS,Dex-Based,1,59,61,4,35,2619,211,11
67,Pearlweaver,DPS,Dex-Based,1,60,62,4,36,2699,214,11
68,Pearlweaver,DPS,Dex-Based,1,61,63,4,36,2760,216,11
69,Pearlweaver,DPS,Dex-Based,1,61,64,4,37,2844,219,11
70,Pearlweaver,DPS,Dex-Based,1,62,65,4,37,2907,221,11
71,Pearlweaver,DPS,Dex-Based,1,63,66,4,38,2993,224,11
72,Pearlweaver,DPS,Dex-Based,1,64,67,4,38,3058,227,12
73,Pearlweaver,DPS,Dex-Based,1,64,68,4,40,3169,229,12
74,Pearlweaver,DPS,Dex-Based,1,65,69,4,40,3236,232,12
75,Pearlweaver,DPS,Dex-Based,1,66,70,4,40,3305,248,12
76,Pearlweaver,DPS,Dex-Based,1,67,70,4,42,3422,249,12
77,Pearlweaver,DPS,Dex-Based,1,68,71,4,42,3493,252,12
78,Pearlweaver,DPS,Dex-Based,1,69,72,4,42,3565,255,12
79,Pearlweaver,DPS,Dex-Based,1,70,73,4,42,3636,257,13
80,Pearlweaver,DPS,Dex-Based,1,71,74,4,43,3736,260,13
81,Pearlweaver,DPS,Dex-Based,1,72,75,4,43,3810,262,13
82,Pearlweaver,DPS,Dex-Based,1,72,76,4,44,3912,265,13
83,Pearlweaver,DPS,Dex-Based,1,73,77,4,45,4016,268,13
84,Pearlweaver,DPS,Dex-Based,1,74,78,4,45,4094,270,13
85,Pearlweaver,DPS,Dex-Based,1,75,78,4,46,4201,272,13
86,Pearlweaver,DPS,Dex-Based,1,76,79,4,47,4310,275,14
87,Pearlweaver,DPS,Dex-Based,1,77,80,4,47,4390,292,14
88,Pearlweaver,DPS,Dex-Based,1,77,81,4,49,4534,295,14
89,Pearlweaver,DPS,Dex-Based,1,78,82,4,49,4617,298,14
90,Pearlweaver,DPS,Dex-Based,1,79,83,4,49,4700,300,14
91,Pearlweaver,DPS,Dex-Based,1,80,84,4,50,4818,303,14
92,Pearlweaver,DPS,Dex-Based,1,81,85,4,50,4905,305,14
93,Pearlweaver,DPS,Dex-Based,1,82,85,4,52,5058,307,15
94,Pearlweaver,DPS,Dex-Based,1,83,86,4,52,5148,310,15
95,Pearlweaver,DPS,Dex-Based,1,84,87,4,52,5237,312,15
96,Pearlweaver,DPS,Dex-Based,1,84,88,4,54,5399,315,15
97,Pearlweaver,DPS,Dex-Based,1,85,89,4,54,5491,318,15
98,Pearlweaver,DPS,Dex-Based,1,86,90,4,54,5585,337,15
99,Pearlweaver,DPS,Dex-Based,1,87,91,4,54,5679,340,15
100,Pearlweaver,DPS,Dex-Based,1,88,92,4,55,5812,343,16
1,Silkstep,DPS,Dex-Based,1,9,9,3,7,149,17,1
2,Silkstep,DPS,Dex-Based,1,10,9,3,7,160,18,1
3,Silkstep,DPS,Dex-Based,1,11,10,3,7,172,22,1
4,Silkstep,DPS,Dex-Based,1,11,11,3,7,184,24,1
5,Silkstep,DPS,Dex-Based,1,12,11,3,7,196,26,1
6,Silkstep,DPS,Dex-Based,1,12,12,3,8,211,28,1
7,Silkstep,DPS,Dex-Based,1,13,12,3,8,225,30,1
8,Silkstep,DPS,Dex-Based,1,13,13,3,9,243,33,1
9,Silkstep,DPS,Dex-Based,1,14,13,3,9,257,34,1
10,Silkstep,DPS,Dex-Based,1,14,14,3,10,276,37,2
11,Silkstep,DPS,Dex-Based,1,15,14,3,11,294,38,2
12,Silkstep,DPS,Dex-Based,1,16,14,3,11,311,40,2
13,Silkstep,DPS,Dex-Based,1,17,15,3,11,328,43,2
14,Silkstep,DPS,Dex-Based,1,18,16,3,11,346,45,2
15,Silkstep,DPS,Dex-Based,1,18,17,3,11,365,48,2
16,Silkstep,DPS,Dex-Based,1,19,18,3,11,384,50,2
17,Silkstep,DPS,Dex-Based,1,20,19,3,11,404,53,2
18,Silkstep,DPS,Dex-Based,1,21,20,3,11,424,58,2
19,Silkstep,DPS,Dex-Based,1,22,21,3,11,445,61,3
20,Silkstep,DPS,Dex-Based,1,23,21,3,12,470,63,3
21,Silkstep,DPS,Dex-Based,1,23,22,3,13,496,65,3
22,Silkstep,DPS,Dex-Based,1,24,22,3,14,523,67,3
23,Silkstep,DPS,Dex-Based,1,24,23,3,15,552,69,3
24,Silkstep,DPS,Dex-Based,1,25,23,3,16,581,71,3
25,Silkstep,DPS,Dex-Based,1,25,24,3,17,610,74,3
26,Silkstep,DPS,Dex-Based,1,26,25,3,17,636,76,3
27,Silkstep,DPS,Dex-Based,1,27,26,3,17,662,79,3
28,Silkstep,DPS,Dex-Based,1,28,27,3,17,689,81,4
29,Silkstep,DPS,Dex-Based,1,29,28,3,17,717,84,4
30,Silkstep,DPS,Dex-Based,1,30,29,3,17,745,86,4
31,Silkstep,DPS,Dex-Based,1,31,30,3,17,773,94,4
32,Silkstep,DPS,Dex-Based,1,32,31,3,17,802,97,4
33,Silkstep,DPS,Dex-Based,1,33,32,3,17,831,99,4
34,Silkstep,DPS,Dex-Based,1,34,32,3,18,869,101,4
35,Silkstep,DPS,Dex-Based,1,35,33,3,18,900,103,4
36,Silkstep,DPS,Dex-Based,1,36,34,3,18,932,106,4
37,Silkstep,DPS,Dex-Based,1,37,35,3,18,964,109,5
38,Silkstep,DPS,Dex-Based,1,38,36,3,18,997,111,5
39,Silkstep,DPS,Dex-Based,1,39,37,3,18,1030,114,5
40,Silkstep,DPS,Dex-Based,1,40,38,3,18,1064,116,5
41,Silkstep,DPS,Dex-Based,1,41,39,3,18,1098,119,5
42,Silkstep,DPS,Dex-Based,1,41,40,3,20,1152,129,5
43,Silkstep,DPS,Dex-Based,1,42,41,3,20,1188,131,5
44,Silkstep,DPS,Dex-Based,1,43,42,3,20,1225,134,5
45,Silkstep,DPS,Dex-Based,1,44,42,3,21,1272,135,5
46,Silkstep,DPS,Dex-Based,1,45,43,3,21,1311,138,6
47,Silkstep,DPS,Dex-Based,1,46,44,3,21,1350,140,6
48,Silkstep,DPS,Dex-Based,1,47,44,3,23,1412,142,6
49,Silkstep,DPS,Dex-Based,1,48,45,3,23,1452,145,6
50,Silkstep,DPS,Dex-Based,1,49,46,3,23,1494,147,6
51,Silkstep,DPS,Dex-Based,1,50,47,3,23,1536,150,6
52,Silkstep,DPS,Dex-Based,1,51,48,3,23,1578,152,6
53,Silkstep,DPS,Dex-Based,1,51,49,3,25,1647,155,6
54,Silkstep,DPS,Dex-Based,1,52,50,3,25,1691,167,6
55,Silkstep,DPS,Dex-Based,1,53,51,3,25,1736,169,7
56,Silkstep,DPS,Dex-Based,1,54,52,3,25,1781,172,7
57,Silkstep,DPS,Dex-Based,1,55,52,3,27,1856,173,7
58,Silkstep,DPS,Dex-Based,1,56,53,3,27,1905,176,7
59,Silkstep,DPS,Dex-Based,1,57,54,3,27,1951,178,7
60,Silkstep,DPS,Dex-Based,1,57,55,3,28,2017,181,7
61,Silkstep,DPS,Dex-Based,1,58,56,3,29,2082,184,7
62,Silkstep,DPS,Dex-Based,1,59,57,3,29,2133,186,7
63,Silkstep,DPS,Dex-Based,1,60,58,3,29,2183,189,7
64,Silkstep,DPS,Dex-Based,1,61,58,3,31,2270,190,8
65,Silkstep,DPS,Dex-Based,1,62,59,3,31,2323,193,8
66,Silkstep,DPS,Dex-Based,1,63,60,3,31,2377,207,8
67,Silkstep,DPS,Dex-Based,1,64,61,3,31,2432,209,8
68,Silkstep,DPS,Dex-Based,1,64,62,3,33,2525,212,8
69,Silkstep,DPS,Dex-Based,1,65,63,3,33,2582,214,8
70,Silkstep,DPS,Dex-Based,1,66,64,3,33,2640,217,8
71,Silkstep,DPS,Dex-Based,1,68,64,3,33,2697,219,8
72,Silkstep,DPS,Dex-Based,1,68,65,3,35,2797,221,8
73,Silkstep,DPS,Dex-Based,1,69,66,3,35,2857,224,9
74,Silkstep,DPS,Dex-Based,1,70,67,3,35,2918,226,9
75,Silkstep,DPS,Dex-Based,1,71,68,3,36,3001,229,9
76,Silkstep,DPS,Dex-Based,1,72,69,3,36,3064,231,9
77,Silkstep,DPS,Dex-Based,1,73,70,3,36,3126,247,9
78,Silkstep,DPS,Dex-Based,1,74,70,3,38,3237,249,9
79,Silkstep,DPS,Dex-Based,1,75,71,3,38,3303,251,9
80,Silkstep,DPS,Dex-Based,1,76,72,3,38,3369,254,9
81,Silkstep,DPS,Dex-Based,1,76,73,3,40,3486,256,9
82,Silkstep,DPS,Dex-Based,1,77,74,3,40,3554,259,10
83,Silkstep,DPS,Dex-Based,1,78,75,3,40,3623,262,10
84,Silkstep,DPS,Dex-Based,1,79,76,3,41,3719,264,10
85,Silkstep,DPS,Dex-Based,1,80,77,3,41,3790,267,10
86,Silkstep,DPS,Dex-Based,1,81,78,3,41,3861,269,10
87,Silkstep,DPS,Dex-Based,1,82,78,3,43,3989,271,10
88,Silkstep,DPS,Dex-Based,1,83,79,3,43,4064,273,10
89,Silkstep,DPS,Dex-Based,1,84,80,3,43,4138,291,10
90,Silkstep,DPS,Dex-Based,1,85,81,3,43,4214,294,10
91,Silkstep,DPS,Dex-Based,1,85,82,3,45,4350,296,11
92,Silkstep,DPS,Dex-Based,1,86,83,3,45,4426,299,11
93,Silkstep,DPS,Dex-Based,1,87,84,3,45,4505,301,11
94,Silkstep,DPS,Dex-Based,1,88,85,3,46,4616,304,11
95,Silkstep,DPS,Dex-Based,1,89,86,3,46,4696,307,11
96,Silkstep,DPS,Dex-Based,1,90,86,3,48,4844,308,11
97,Silkstep,DPS,Dex-Based,1,91,87,3,48,4926,311,11
98,Silkstep,DPS,Dex-Based,1,92,88,3,48,5009,313,11
99,Silkstep,DPS,Dex-Based,1,93,89,3,48,5094,316,11
100,Silkstep,DPS,Dex-Based,1,94,90,3,49,5215,336,12
1,Grinroot,Fighter / Supp,Strength-based,8,4,4,7,6,169,16,2
2,Grinroot,Fighter / Supp,Strength-based,8,4,4,8,6,186,17,2
3,Grinroot,Fighter / Supp,Strength-based,9,4,4,8,7,206,19,2
4,Grinroot,Fighter / Supp,Strength-based,9,5,4,8,7,225,20,2
5,Grinroot,Fighter / Supp,Strength-based,9,5,5,9,7,246,23,2
6,Grinroot,Fighter / Supp,Strength-based,10,5,5,9,8,268,26,2
7,Grinroot,Fighter / Supp,Strength-based,11,5,5,10,8,290,28,3
8,Grinroot,Fighter / Supp,Strength-based,11,5,5,11,9,316,29,3
9,Grinroot,Fighter / Supp,Strength-based,11,6,6,11,9,340,31,3
10,Grinroot,Fighter / Supp,Strength-based,12,6,6,11,9,364,33,3
11,Grinroot,Fighter / Supp,Strength-based,12,6,6,12,10,393,34,3
12,Grinroot,Fighter / Supp,Strength-based,13,6,6,12,11,424,37,4
13,Grinroot,Fighter / Supp,Strength-based,13,8,7,12,11,450,38,4
14,Grinroot,Fighter / Supp,Strength-based,13,8,8,13,11,479,39,4
15,Grinroot,Fighter / Supp,Strength-based,14,9,8,13,11,508,41,4
16,Grinroot,Fighter / Supp,Strength-based,14,9,8,14,12,543,43,4
17,Grinroot,Fighter / Supp,Strength-based,15,9,8,15,12,574,45,4
18,Grinroot,Fighter / Supp,Strength-based,16,9,8,15,13,611,47,5
19,Grinroot,Fighter / Supp,Strength-based,16,9,9,16,13,644,49,5
20,Grinroot,Fighter / Supp,Strength-based,17,9,9,16,14,684,51,5
21,Grinroot,Fighter / Supp,Strength-based,17,10,10,17,14,719,53,5
22,Grinroot,Fighter / Supp,Strength-based,18,11,10,18,14,755,55,5
23,Grinroot,Fighter / Supp,Strength-based,19,11,10,18,15,799,58,6
24,Grinroot,Fighter / Supp,Strength-based,19,11,11,19,16,844,59,6
25,Grinroot,Fighter / Supp,Strength-based,20,11,11,20,16,883,64,6
26,Grinroot,Fighter / Supp,Strength-based,21,11,11,21,17,931,67,6
27,Grinroot,Fighter / Supp,Strength-based,21,12,12,21,17,973,68,6
28,Grinroot,Fighter / Supp,Strength-based,21,13,12,22,18,1024,69,6
29,Grinroot,Fighter / Supp,Strength-based,22,13,13,22,18,1067,71,7
30,Grinroot,Fighter / Supp,Strength-based,22,13,13,23,19,1120,73,7
31,Grinroot,Fighter / Supp,Strength-based,23,13,13,24,20,1176,75,7
32,Grinroot,Fighter / Supp,Strength-based,24,14,13,24,20,1224,77,7
33,Grinroot,Fighter / Supp,Strength-based,24,14,14,25,21,1281,79,7
34,Grinroot,Fighter / Supp,Strength-based,25,14,14,26,21,1331,81,8
35,Grinroot,Fighter / Supp,Strength-based,26,15,14,26,22,1392,83,8
36,Grinroot,Fighter / Supp,Strength-based,26,16,15,27,22,1443,85,8
37,Grinroot,Fighter / Supp,Strength-based,27,16,15,27,23,1507,88,8
38,Grinroot,Fighter / Supp,Strength-based,28,16,16,28,23,1562,90,8
39,Grinroot,Fighter / Supp,Strength-based,28,17,16,29,24,1629,91,8
40,Grinroot,Fighter / Supp,Strength-based,29,17,16,30,24,1685,94,9
41,Grinroot,Fighter / Supp,Strength-based,30,17,17,30,25,1756,101,9
42,Grinroot,Fighter / Supp,Strength-based,31,17,17,31,26,1829,103,9
43,Grinroot,Fighter / Supp,Strength-based,31,18,18,32,26,1888,104,9
44,Grinroot,Fighter / Supp,Strength-based,32,18,18,33,26,1949,107,9
45,Grinroot,Fighter / Supp,Strength-based,32,20,19,33,27,2026,108,10
46,Grinroot,Fighter / Supp,Strength-based,33,20,19,34,27,2090,110,10
47,Grinroot,Fighter / Supp,Strength-based,34,20,19,35,28,2170,113,10
48,Grinroot,Fighter / Supp,Strength-based,34,20,20,36,29,2254,115,10
49,Grinroot,Fighter / Supp,Strength-based,35,21,20,36,30,2338,117,10
50,Grinroot,Fighter / Supp,Strength-based,35,21,21,37,31,2426,118,10
51,Grinroot,Fighter / Supp,Strength-based,36,21,21,38,31,2496,121,11
52,Grinroot,Fighter / Supp,Strength-based,37,22,22,38,31,2567,123,11
53,Grinroot,Fighter / Supp,Strength-based,38,22,22,39,32,2659,125,11
54,Grinroot,Fighter / Supp,Strength-based,38,23,23,40,32,2732,126,11
55,Grinroot,Fighter / Supp,Strength-based,39,24,23,40,33,2828,129,11
56,Grinroot,Fighter / Supp,Strength-based,40,24,24,41,33,2904,138,12
57,Grinroot,Fighter / Supp,Strength-based,40,24,24,42,34,3004,139,12
58,Grinroot,Fighter / Supp,Strength-based,41,24,24,43,35,3106,142,12
59,Grinroot,Fighter / Supp,Strength-based,42,25,25,43,35,3186,145,12
60,Grinroot,Fighter / Supp,Strength-based,42,26,25,44,36,3291,146,12
61,Grinroot,Fighter / Supp,Strength-based,43,26,25,45,36,3374,148,12
62,Grinroot,Fighter / Supp,Strength-based,44,26,26,45,37,3483,151,13
63,Grinroot,Fighter / Supp,Strength-based,44,26,26,47,38,3596,152,13
64,Grinroot,Fighter / Supp,Strength-based,45,27,27,47,38,3683,154,13
65,Grinroot,Fighter / Supp,Strength-based,46,27,27,48,39,3798,157,13
66,Grinroot,Fighter / Supp,Strength-based,46,28,28,49,39,3889,158,13
67,Grinroot,Fighter / Supp,Strength-based,47,28,28,50,40,4008,160,14
68,Grinroot,Fighter / Supp,Strength-based,48,29,28,50,41,4131,162,14
69,Grinroot,Fighter / Supp,Strength-based,49,29,29,51,41,4225,165,14
70,Grinroot,Fighter / Supp,Strength-based,49,30,29,52,42,4350,166,14
71,Grinroot,Fighter / Supp,Strength-based,50,30,30,53,42,4448,178,14
72,Grinroot,Fighter / Supp,Strength-based,51,31,30,53,43,4578,181,14
73,Grinroot,Fighter / Supp,Strength-based,51,31,31,54,44,4711,182,15
74,Grinroot,Fighter / Supp,Strength-based,52,32,31,55,44,4813,184,15
75,Grinroot,Fighter / Supp,Strength-based,52,33,32,55,45,4951,185,15
76,Grinroot,Fighter / Supp,Strength-based,53,33,33,56,45,5056,188,15
77,Grinroot,Fighter / Supp,Strength-based,54,33,33,57,45,5162,190,15
78,Grinroot,Fighter / Supp,Strength-based,55,33,33,58,46,5305,192,16
79,Grinroot,Fighter / Supp,Strength-based,55,34,33,59,47,5452,194,16
80,Grinroot,Fighter / Supp,Strength-based,56,34,34,59,48,5600,196,16
81,Grinroot,Fighter / Supp,Strength-based,57,34,34,60,49,5751,198,16
82,Grinroot,Fighter / Supp,Strength-based,57,35,35,61,49,5866,200,16
83,Grinroot,Fighter / Supp,Strength-based,58,35,35,62,50,6021,203,16
84,Grinroot,Fighter / Supp,Strength-based,59,36,36,62,50,6139,205,17
85,Grinroot,Fighter / Supp,Strength-based,60,36,36,63,51,6299,218,17
86,Grinroot,Fighter / Supp,Strength-based,60,37,37,64,51,6420,220,17
87,Grinroot,Fighter / Supp,Strength-based,61,37,37,65,52,6584,222,17
88,Grinroot,Fighter / Supp,Strength-based,62,38,37,65,53,6753,224,17
89,Grinroot,Fighter / Supp,Strength-based,62,38,38,67,53,6878,225,18
90,Grinroot,Fighter / Supp,Strength-based,63,39,38,67,54,7051,228,18
91,Grinroot,Fighter / Supp,Strength-based,64,39,39,68,54,7181,230,18
92,Grinroot,Fighter / Supp,Strength-based,64,40,39,69,55,7357,231,18
93,Grinroot,Fighter / Supp,Strength-based,65,40,40,69,56,7537,235,18
94,Grinroot,Fighter / Supp,Strength-based,66,41,40,70,56,7672,237,18
95,Grinroot,Fighter / Supp,Strength-based,66,41,41,71,57,7857,238,19
96,Grinroot,Fighter / Supp,Strength-based,67,41,41,72,58,8045,240,19
97,Grinroot,Fighter / Supp,Strength-based,68,42,42,72,58,8184,243,19
98,Grinroot,Fighter / Supp,Strength-based,69,42,42,73,59,8377,245,19
99,Grinroot,Fighter / Supp,Strength-based,69,43,43,74,59,8520,246,19
100,Grinroot,Fighter / Supp,Strength-based,70,43,43,75,60,8720,262,20
1,Cloudfin,Supp,Int-Based,1,5,5,9,9,163,5,1
2,Cloudfin,Supp,Int-Based,1,5,5,10,9,175,5,1
3,Cloudfin,Supp,Int-Based,1,5,5,11,10,191,5,1
4,Cloudfin,Supp,Int-Based,1,5,5,12,10,204,5,1
5,Cloudfin,Supp,Int-Based,1,5,5,13,10,220,5,1
6,Cloudfin,Supp,Int-Based,1,6,5,13,11,237,6,1
7,Cloudfin,Supp,Int-Based,1,6,5,14,11,253,6,1
8,Cloudfin,Supp,Int-Based,1,7,5,15,11,269,6,1
9,Cloudfin,Supp,Int-Based,1,7,5,15,12,290,6,1
10,Cloudfin,Supp,Int-Based,1,7,6,16,12,308,6,1
11,Cloudfin,Supp,Int-Based,1,8,6,16,13,329,7,1
12,Cloudfin,Supp,Int-Based,1,8,7,17,13,349,7,2
13,Cloudfin,Supp,Int-Based,1,9,7,18,13,369,7,2
14,Cloudfin,Supp,Int-Based,1,9,8,18,14,393,7,2
15,Cloudfin,Supp,Int-Based,1,10,8,19,14,414,7,2
16,Cloudfin,Supp,Int-Based,1,10,8,20,15,440,8,2
17,Cloudfin,Supp,Int-Based,1,10,8,21,16,467,8,2
18,Cloudfin,Supp,Int-Based,1,10,8,21,18,500,8,2
19,Cloudfin,Supp,Int-Based,1,11,8,22,18,525,8,2
20,Cloudfin,Supp,Int-Based,1,11,8,22,20,559,9,2
21,Cloudfin,Supp,Int-Based,1,11,8,23,21,590,9,2
22,Cloudfin,Supp,Int-Based,1,12,8,24,21,618,9,2
23,Cloudfin,Supp,Int-Based,1,13,8,25,21,646,9,3
24,Cloudfin,Supp,Int-Based,1,13,9,26,21,675,9,3
25,Cloudfin,Supp,Int-Based,1,13,9,27,22,710,10,3
26,Cloudfin,Supp,Int-Based,1,13,9,28,23,746,10,3
27,Cloudfin,Supp,Int-Based,1,13,9,29,24,783,10,3
28,Cloudfin,Supp,Int-Based,1,13,9,30,25,822,10,3
29,Cloudfin,Supp,Int-Based,1,13,9,31,26,863,10,3
30,Cloudfin,Supp,Int-Based,1,13,9,31,28,911,11,3
31,Cloudfin,Supp,Int-Based,1,13,9,32,29,953,11,3
32,Cloudfin,Supp,Int-Based,1,13,9,33,30,997,11,3
33,Cloudfin,Supp,Int-Based,1,13,9,34,31,1042,11,3
34,Cloudfin,Supp,Int-Based,1,14,9,35,31,1080,12,4
35,Cloudfin,Supp,Int-Based,1,14,9,37,31,1120,12,4
36,Cloudfin,Supp,Int-Based,1,14,9,38,32,1168,12,4
37,Cloudfin,Supp,Int-Based,1,14,9,39,33,1218,12,4
38,Cloudfin,Supp,Int-Based,1,14,9,40,34,1268,12,4
39,Cloudfin,Supp,Int-Based,1,14,9,41,35,1321,13,4
40,Cloudfin,Supp,Int-Based,1,14,9,41,37,1385,13,4
41,Cloudfin,Supp,Int-Based,1,14,9,42,38,1440,13,4
42,Cloudfin,Supp,Int-Based,1,14,9,43,39,1498,13,4
43,Cloudfin,Supp,Int-Based,1,14,9,44,40,1556,13,4
44,Cloudfin,Supp,Int-Based,1,14,9,45,41,1615,14,4
45,Cloudfin,Supp,Int-Based,1,15,10,46,41,1666,15,5
46,Cloudfin,Supp,Int-Based,1,15,10,47,42,1728,15,5
47,Cloudfin,Supp,Int-Based,1,15,10,48,43,1791,15,5
48,Cloudfin,Supp,Int-Based,1,15,10,50,43,1844,15,5
49,Cloudfin,Supp,Int-Based,1,15,10,51,44,1912,16,5
50,Cloudfin,Supp,Int-Based,1,15,10,51,46,1992,16,5
51,Cloudfin,Supp,Int-Based,1,15,10,52,47,2063,16,5
52,Cloudfin,Supp,Int-Based,1,15,10,53,48,2135,16,5
53,Cloudfin,Supp,Int-Based,1,15,10,54,49,2208,17,5
54,Cloudfin,Supp,Int-Based,1,15,10,55,50,2283,17,5
55,Cloudfin,Supp,Int-Based,1,15,10,56,51,2360,17,5
56,Cloudfin,Supp,Int-Based,1,17,10,57,51,2422,17,6
57,Cloudfin,Supp,Int-Based,1,17,10,58,52,2500,17,6
58,Cloudfin,Supp,Int-Based,1,17,10,59,53,2582,18,6
59,Cloudfin,Supp,Int-Based,1,17,10,60,54,2664,18,6
60,Cloudfin,Supp,Int-Based,1,17,10,61,55,2749,18,6
61,Cloudfin,Supp,Int-Based,1,19,11,62,55,2816,18,6
62,Cloudfin,Supp,Int-Based,1,19,11,63,56,2904,18,6
63,Cloudfin,Supp,Int-Based,1,19,11,64,57,2993,19,6
64,Cloudfin,Supp,Int-Based,1,19,11,65,58,3084,19,6
65,Cloudfin,Supp,Int-Based,1,19,11,66,59,3176,19,6
66,Cloudfin,Supp,Int-Based,1,21,12,66,60,3272,19,6
67,Cloudfin,Supp,Int-Based,1,21,12,67,61,3368,20,7
68,Cloudfin,Supp,Int-Based,1,21,12,68,62,3465,20,7
69,Cloudfin,Supp,Int-Based,1,21,12,69,63,3564,20,7
70,Cloudfin,Supp,Int-Based,1,21,12,70,64,3667,20,7
71,Cloudfin,Supp,Int-Based,1,23,12,71,64,3747,20,7
72,Cloudfin,Supp,Int-Based,1,23,12,72,65,3852,21,7
73,Cloudfin,Supp,Int-Based,1,23,12,73,66,3960,21,7
74,Cloudfin,Supp,Int-Based,1,23,12,74,67,4068,21,7
75,Cloudfin,Supp,Int-Based,1,23,12,75,68,4179,21,7
76,Cloudfin,Supp,Int-Based,1,23,13,76,69,4292,21,7
77,Cloudfin,Supp,Int-Based,1,23,13,77,70,4406,22,7
78,Cloudfin,Supp,Int-Based,1,25,14,77,71,4522,22,8
79,Cloudfin,Supp,Int-Based,1,25,14,78,72,4642,22,8
80,Cloudfin,Supp,Int-Based,1,25,14,79,73,4762,22,8
81,Cloudfin,Supp,Int-Based,1,25,14,80,74,4885,22,8
82,Cloudfin,Supp,Int-Based,1,27,15,81,74,4981,24,8
83,Cloudfin,Supp,Int-Based,1,27,15,82,75,5108,24,8
84,Cloudfin,Supp,Int-Based,1,27,15,83,76,5236,24,8
85,Cloudfin,Supp,Int-Based,1,27,15,84,77,5366,24,8
86,Cloudfin,Supp,Int-Based,1,27,15,85,78,5498,25,8
87,Cloudfin,Supp,Int-Based,1,27,15,86,79,5633,25,8
88,Cloudfin,Supp,Int-Based,1,29,16,86,80,5770,25,8
89,Cloudfin,Supp,Int-Based,1,29,17,87,81,5909,25,9
90,Cloudfin,Supp,Int-Based,1,29,17,88,82,6049,25,9
91,Cloudfin,Supp,Int-Based,1,29,17,90,82,6158,26,9
92,Cloudfin,Supp,Int-Based,1,31,17,90,83,6304,26,9
93,Cloudfin,Supp,Int-Based,1,32,17,91,84,6451,26,9
94,Cloudfin,Supp,Int-Based,1,32,17,92,85,6600,26,9
95,Cloudfin,Supp,Int-Based,1,32,17,93,86,6751,26,9
96,Cloudfin,Supp,Int-Based,1,32,17,94,87,6905,27,9
97,Cloudfin,Supp,Int-Based,1,32,17,95,88,7061,27,9
98,Cloudfin,Supp,Int-Based,1,32,17,96,89,7219,27,9
99,Cloudfin,Supp,Int-Based,1,32,17,97,90,7381,27,9
100,Cloudfin,Supp,Int-Based,1,33,17,98,91,7544,28,10
1,Hexurchin,Tank,Strength-based,9,2,6,3,9,207,18,4
2,Hexurchin,Tank,Strength-based,9,2,6,3,10,232,19,4
3,Hexurchin,Tank,Strength-based,10,2,6,3,11,258,22,4
4,Hexurchin,Tank,Strength-based,10,2,6,3,12,287,24,4
5,Hexurchin,Tank,Strength-based,10,2,6,3,13,317,25,5
6,Hexurchin,Tank,Strength-based,11,2,7,3,13,346,27,5
7,Hexurchin,Tank,Strength-based,11,2,7,3,14,379,29,5
8,Hexurchin,Tank,Strength-based,12,2,8,3,14,410,31,6
9,Hexurchin,Tank,Strength-based,12,2,8,3,15,447,32,6
10,Hexurchin,Tank,Strength-based,12,3,8,3,16,484,34,6
11,Hexurchin,Tank,Strength-based,13,3,9,3,16,519,36,7
12,Hexurchin,Tank,Strength-based,13,3,10,3,17,561,38,7
13,Hexurchin,Tank,Strength-based,14,3,10,4,17,599,41,7
14,Hexurchin,Tank,Strength-based,14,3,11,4,18,643,42,8
15,Hexurchin,Tank,Strength-based,14,4,11,4,19,689,43,8
16,Hexurchin,Tank,Strength-based,15,4,11,4,20,738,46,8
17,Hexurchin,Tank,Strength-based,16,4,11,4,21,787,48,9
18,Hexurchin,Tank,Strength-based,18,4,11,4,21,832,51,9
19,Hexurchin,Tank,Strength-based,18,4,11,5,22,885,53,9
20,Hexurchin,Tank,Strength-based,18,5,11,5,23,942,54,9
21,Hexurchin,Tank,Strength-based,19,5,11,5,24,999,56,10
22,Hexurchin,Tank,Strength-based,20,5,11,5,25,1058,62,10
23,Hexurchin,Tank,Strength-based,21,5,12,5,25,1111,64,10
24,Hexurchin,Tank,Strength-based,22,5,12,5,26,1174,66,11
25,Hexurchin,Tank,Strength-based,22,5,13,5,27,1239,68,11
26,Hexurchin,Tank,Strength-based,23,5,13,5,28,1306,70,11
27,Hexurchin,Tank,Strength-based,23,5,14,5,29,1377,71,12
28,Hexurchin,Tank,Strength-based,24,5,14,5,30,1449,74,12
29,Hexurchin,Tank,Strength-based,25,5,14,5,31,1523,76,12
30,Hexurchin,Tank,Strength-based,26,5,15,6,31,1587,79,13
31,Hexurchin,Tank,Strength-based,26,5,16,6,32,1665,81,13
32,Hexurchin,Tank,Strength-based,27,5,16,6,33,1746,83,13
33,Hexurchin,Tank,Strength-based,28,5,16,6,34,1829,85,14
34,Hexurchin,Tank,Strength-based,28,5,17,7,35,1914,87,14
35,Hexurchin,Tank,Strength-based,29,5,17,7,36,2001,89,14
36,Hexurchin,Tank,Strength-based,30,5,19,7,36,2076,96,14
37,Hexurchin,Tank,Strength-based,31,5,19,7,37,2168,99,15
38,Hexurchin,Tank,Strength-based,32,5,19,7,38,2263,101,15
39,Hexurchin,Tank,Strength-based,32,5,21,7,39,2360,103,15
40,Hexurchin,Tank,Strength-based,33,5,21,7,40,2459,106,16
41,Hexurchin,Tank,Strength-based,34,5,21,7,41,2561,108,16
42,Hexurchin,Tank,Strength-based,35,5,21,7,42,2666,110,16
43,Hexurchin,Tank,Strength-based,35,5,22,8,43,2774,112,17
44,Hexurchin,Tank,Strength-based,36,5,22,8,44,2882,114,17
45,Hexurchin,Tank,Strength-based,37,6,23,8,44,2975,116,17
46,Hexurchin,Tank,Strength-based,38,6,23,8,45,3089,119,18
47,Hexurchin,Tank,Strength-based,38,6,24,9,46,3207,120,18
48,Hexurchin,Tank,Strength-based,39,7,24,9,47,3328,122,18
49,Hexurchin,Tank,Strength-based,40,7,24,9,48,3451,132,19
50,Hexurchin,Tank,Strength-based,40,7,25,10,49,3576,134,19
51,Hexurchin,Tank,Strength-based,41,7,25,11,50,3705,136,19
52,Hexurchin,Tank,Strength-based,42,7,27,11,50,3811,139,19
53,Hexurchin,Tank,Strength-based,43,7,27,11,51,3945,141,20
54,Hexurchin,Tank,Strength-based,43,7,27,11,53,4109,142,20
55,Hexurchin,Tank,Strength-based,44,7,28,12,53,4221,145,20
56,Hexurchin,Tank,Strength-based,45,7,28,12,54,4364,147,21
57,Hexurchin,Tank,Strength-based,46,8,28,12,55,4510,149,21
58,Hexurchin,Tank,Strength-based,46,8,29,13,56,4658,151,21
59,Hexurchin,Tank,Strength-based,47,8,29,13,57,4810,153,22
60,Hexurchin,Tank,Strength-based,48,8,31,13,57,4934,156,22
61,Hexurchin,Tank,Strength-based,49,9,31,13,58,5092,159,22
62,Hexurchin,Tank,Strength-based,49,10,31,13,60,5284,160,23
63,Hexurchin,Tank,Strength-based,50,11,31,13,61,5449,171,23
64,Hexurchin,Tank,Strength-based,51,11,32,14,61,5581,174,23
65,Hexurchin,Tank,Strength-based,52,11,32,14,62,5752,176,24
66,Hexurchin,Tank,Strength-based,52,11,33,15,63,5926,177,24
67,Hexurchin,Tank,Strength-based,53,11,33,15,64,6102,180,24
68,Hexurchin,Tank,Strength-based,54,11,35,15,64,6245,183,24
69,Hexurchin,Tank,Strength-based,55,11,35,15,65,6426,185,25
70,Hexurchin,Tank,Strength-based,55,11,35,15,67,6653,187,25
71,Hexurchin,Tank,Strength-based,56,12,35,15,68,6844,189,25
72,Hexurchin,Tank,Strength-based,57,12,37,15,68,6995,191,26
73,Hexurchin,Tank,Strength-based,58,12,37,16,69,7192,194,26
74,Hexurchin,Tank,Strength-based,59,12,37,16,70,7391,196,26
75,Hexurchin,Tank,Strength-based,59,12,39,16,71,7595,197,27
76,Hexurchin,Tank,Strength-based,60,12,39,17,72,7801,211,27
77,Hexurchin,Tank,Strength-based,61,12,39,17,73,8011,213,27
78,Hexurchin,Tank,Strength-based,62,13,39,17,74,8226,215,28
79,Hexurchin,Tank,Strength-based,62,13,40,18,75,8443,218,28
80,Hexurchin,Tank,Strength-based,63,13,40,18,76,8666,220,28
81,Hexurchin,Tank,Strength-based,65,13,41,18,76,8840,223,29
82,Hexurchin,Tank,Strength-based,65,13,41,18,78,9120,225,29
83,Hexurchin,Tank,Strength-based,66,13,43,18,78,9300,227,29
84,Hexurchin,Tank,Strength-based,66,13,43,18,80,9588,228,29
85,Hexurchin,Tank,Strength-based,67,13,43,19,81,9830,231,30
86,Hexurchin,Tank,Strength-based,68,13,45,19,81,10018,234,30
87,Hexurchin,Tank,Strength-based,69,13,45,19,82,10264,236,30
88,Hexurchin,Tank,Strength-based,70,13,45,20,83,10517,252,31
89,Hexurchin,Tank,Strength-based,71,13,45,20,84,10771,254,31
90,Hexurchin,Tank,Strength-based,71,13,47,20,85,11029,255,31
91,Hexurchin,Tank,Strength-based,72,13,47,20,86,11293,258,32
92,Hexurchin,Tank,Strength-based,73,13,47,20,87,11560,260,32
93,Hexurchin,Tank,Strength-based,74,13,48,20,88,11830,262,32
94,Hexurchin,Tank,Strength-based,75,13,48,20,89,12105,265,33
95,Hexurchin,Tank,Strength-based,75,13,50,20,90,12386,267,33
96,Hexurchin,Tank,Strength-based,76,13,50,20,91,12669,269,33
97,Hexurchin,Tank,Strength-based,77,13,51,20,92,12956,272,34
98,Hexurchin,Tank,Strength-based,78,13,51,20,93,13247,274,34
99,Hexurchin,Tank,Strength-based,79,13,51,20,94,13543,276,34
100,Hexurchin,Tank,Strength-based,80,13,52,20,95,13845,294,35
1,Dewloop,Supp,Int-Based,1,6,4,9,9,163,4,1
2,Dewloop,Supp,Int-Based,1,6,4,10,9,175,4,1
3,Dewloop,Supp,Int-Based,1,6,4,11,10,189,4,1
4,Dewloop,Supp,Int-Based,1,6,4,12,10,202,4,1
5,Dewloop,Supp,Int-Based,1,6,4,13,10,216,4,1
6,Dewloop,Supp,Int-Based,1,6,4,14,10,231,5,1
7,Dewloop,Supp,Int-Based,1,6,4,15,11,247,5,1
8,Dewloop,Supp,Int-Based,1,6,4,16,11,263,5,1
9,Dewloop,Supp,Int-Based,1,7,4,16,12,282,5,1
10,Dewloop,Supp,Int-Based,1,7,4,17,12,299,5,1
11,Dewloop,Supp,Int-Based,1,7,4,18,13,318,6,1
12,Dewloop,Supp,Int-Based,1,8,4,19,13,337,6,1
13,Dewloop,Supp,Int-Based,1,8,5,19,14,359,7,1
14,Dewloop,Supp,Int-Based,1,9,5,20,14,378,7,2
15,Dewloop,Supp,Int-Based,1,9,6,21,14,399,7,2
16,Dewloop,Supp,Int-Based,1,9,6,21,16,426,8,2
17,Dewloop,Supp,Int-Based,1,10,6,22,16,448,8,2
18,Dewloop,Supp,Int-Based,1,11,6,23,16,470,8,2
19,Dewloop,Supp,Int-Based,1,11,6,23,18,501,8,2
20,Dewloop,Supp,Int-Based,1,11,7,24,18,525,9,2
21,Dewloop,Supp,Int-Based,1,11,7,25,19,554,9,2
22,Dewloop,Supp,Int-Based,1,11,7,26,20,584,9,2
23,Dewloop,Supp,Int-Based,1,11,7,27,21,615,9,2
24,Dewloop,Supp,Int-Based,1,12,7,28,21,642,9,2
25,Dewloop,Supp,Int-Based,1,13,7,29,21,670,10,2
26,Dewloop,Supp,Int-Based,1,13,7,30,22,703,10,3
27,Dewloop,Supp,Int-Based,1,13,7,31,23,739,10,3
28,Dewloop,Supp,Int-Based,1,13,7,31,25,781,10,3
29,Dewloop,Supp,Int-Based,1,14,7,32,25,811,10,3
30,Dewloop,Supp,Int-Based,1,15,7,33,25,843,11,3
31,Dewloop,Supp,Int-Based,1,15,7,34,26,882,11,3
32,Dewloop,Supp,Int-Based,1,15,7,35,27,923,11,3
33,Dewloop,Supp,Int-Based,1,15,7,36,28,963,11,3
34,Dewloop,Supp,Int-Based,1,15,7,37,29,1007,12,3
35,Dewloop,Supp,Int-Based,1,15,7,38,30,1050,12,3
36,Dewloop,Supp,Int-Based,1,15,7,39,31,1096,12,3
37,Dewloop,Supp,Int-Based,1,15,7,40,32,1141,12,3
38,Dewloop,Supp,Int-Based,1,15,7,41,33,1190,12,3
39,Dewloop,Supp,Int-Based,1,15,7,42,34,1238,13,4
40,Dewloop,Supp,Int-Based,1,16,7,43,34,1279,13,4
41,Dewloop,Supp,Int-Based,1,16,7,44,35,1329,13,4
42,Dewloop,Supp,Int-Based,1,16,7,45,36,1383,13,4
43,Dewloop,Supp,Int-Based,1,16,7,46,37,1437,13,4
44,Dewloop,Supp,Int-Based,1,18,7,47,37,1480,14,4
45,Dewloop,Supp,Int-Based,1,18,7,48,38,1537,14,4
46,Dewloop,Supp,Int-Based,1,18,7,49,39,1594,14,4
47,Dewloop,Supp,Int-Based,1,18,8,50,40,1653,14,4
48,Dewloop,Supp,Int-Based,1,20,8,50,41,1713,14,4
49,Dewloop,Supp,Int-Based,1,20,8,51,42,1775,15,4
50,Dewloop,Supp,Int-Based,1,20,8,52,43,1837,15,4
51,Dewloop,Supp,Int-Based,1,21,9,53,43,1889,15,5
52,Dewloop,Supp,Int-Based,1,21,9,54,44,1955,15,5
53,Dewloop,Supp,Int-Based,1,21,9,55,45,2021,16,5
54,Dewloop,Supp,Int-Based,1,22,10,56,45,2076,17,5
55,Dewloop,Supp,Int-Based,1,22,10,57,46,2146,17,5
56,Dewloop,Supp,Int-Based,1,24,10,57,47,2216,17,5
57,Dewloop,Supp,Int-Based,1,24,11,58,48,2289,17,5
58,Dewloop,Supp,Int-Based,1,24,11,59,49,2363,18,5
59,Dewloop,Supp,Int-Based,1,24,11,60,50,2439,18,5
60,Dewloop,Supp,Int-Based,1,24,12,61,51,2517,18,5
61,Dewloop,Supp,Int-Based,1,25,13,62,51,2579,18,5
62,Dewloop,Supp,Int-Based,1,25,13,63,52,2658,18,5
63,Dewloop,Supp,Int-Based,1,25,13,64,53,2740,19,6
64,Dewloop,Supp,Int-Based,1,26,14,65,53,2806,19,6
65,Dewloop,Supp,Int-Based,1,28,14,65,54,2890,19,6
66,Dewloop,Supp,Int-Based,1,28,14,66,55,2976,19,6
67,Dewloop,Supp,Int-Based,1,28,14,67,56,3063,20,6
68,Dewloop,Supp,Int-Based,1,28,15,68,57,3152,21,6
69,Dewloop,Supp,Int-Based,1,30,15,69,57,3223,21,6
70,Dewloop,Supp,Int-Based,1,30,15,70,58,3316,21,6
71,Dewloop,Supp,Int-Based,1,30,16,71,59,3410,21,6
72,Dewloop,Supp,Int-Based,1,30,16,72,60,3505,22,6
73,Dewloop,Supp,Int-Based,1,32,16,72,61,3603,22,6
74,Dewloop,Supp,Int-Based,1,32,16,73,62,3703,22,6
75,Dewloop,Supp,Int-Based,1,32,16,75,62,3781,22,6
76,Dewloop,Supp,Int-Based,1,32,16,76,63,3884,22,7
77,Dewloop,Supp,Int-Based,1,34,16,76,64,3988,23,7
78,Dewloop,Supp,Int-Based,1,34,17,77,65,4093,23,7
79,Dewloop,Supp,Int-Based,1,34,17,78,66,4201,23,7
80,Dewloop,Supp,Int-Based,1,34,17,79,67,4311,23,7
81,Dewloop,Supp,Int-Based,1,36,17,80,67,4397,23,7
82,Dewloop,Supp,Int-Based,1,36,18,81,68,4509,24,7
83,Dewloop,Supp,Int-Based,1,36,18,82,69,4623,24,7
84,Dewloop,Supp,Int-Based,1,36,19,83,70,4741,24,7
85,Dewloop,Supp,Int-Based,1,36,19,84,71,4859,24,7
86,Dewloop,Supp,Int-Based,1,38,19,84,72,4981,25,7
87,Dewloop,Supp,Int-Based,1,38,19,86,72,5074,25,7
88,Dewloop,Supp,Int-Based,1,38,19,87,73,5196,25,8
89,Dewloop,Supp,Int-Based,1,39,19,87,75,5355,25,8
90,Dewloop,Supp,Int-Based,1,41,19,88,75,5451,25,8
91,Dewloop,Supp,Int-Based,1,41,19,89,76,5580,26,8
92,Dewloop,Supp,Int-Based,1,41,19,90,77,5713,26,8
93,Dewloop,Supp,Int-Based,1,42,19,91,78,5847,26,8
94,Dewloop,Supp,Int-Based,1,42,19,92,79,5983,26,8
95,Dewloop,Supp,Int-Based,1,42,19,93,80,6121,26,8
96,Dewloop,Supp,Int-Based,1,44,19,94,80,6228,27,8
97,Dewloop,Supp,Int-Based,1,44,19,95,81,6369,27,8
98,Dewloop,Supp,Int-Based,1,44,19,96,82,6513,27,8
99,Dewloop,Supp,Int-Based,1,44,19,97,83,6659,27,8
100,Dewloop,Supp,Int-Based,1,45,19,98,84,6808,28,9
1,Driftjelly,DPS / Supp,Int-Based,1,6,4,9,9,158,4,1
2,Driftjelly,DPS / Supp,Int-Based,1,6,4,10,9,171,4,1
3,Driftjelly,DPS / Supp,Int-Based,1,6,4,11,10,187,4,1
4,Driftjelly,DPS / Supp,Int-Based,1,6,4,12,10,201,4,1
5,Driftjelly,DPS / Supp,Int-Based,1,6,4,13,10,217,4,1
6,Driftjelly,DPS / Supp,Int-Based,1,6,4,14,10,233,5,1
7,Driftjelly,DPS / Supp,Int-Based,1,6,4,15,11,253,5,1
8,Driftjelly,DPS / Supp,Int-Based,1,6,4,16,11,269,5,1
9,Driftjelly,DPS / Supp,Int-Based,1,7,4,17,11,288,5,2
10,Driftjelly,DPS / Supp,Int-Based,1,7,4,17,12,310,6,2
11,Driftjelly,DPS / Supp,Int-Based,1,7,4,18,13,332,6,2
12,Driftjelly,DPS / Supp,Int-Based,1,8,4,19,13,353,6,2
13,Driftjelly,DPS / Supp,Int-Based,1,9,4,20,13,374,6,2
14,Driftjelly,DPS / Supp,Int-Based,1,9,5,20,14,400,8,2
15,Driftjelly,DPS / Supp,Int-Based,1,10,5,21,14,421,8,2
16,Driftjelly,DPS / Supp,Int-Based,1,10,5,21,16,453,8,2
17,Driftjelly,DPS / Supp,Int-Based,1,11,5,22,16,477,8,3
18,Driftjelly,DPS / Supp,Int-Based,1,11,6,23,16,502,8,3
19,Driftjelly,DPS / Supp,Int-Based,1,11,7,24,16,528,9,3
20,Driftjelly,DPS / Supp,Int-Based,1,11,7,24,18,564,9,3
21,Driftjelly,DPS / Supp,Int-Based,1,11,7,25,19,597,9,3
22,Driftjelly,DPS / Supp,Int-Based,1,11,7,26,20,631,9,3
23,Driftjelly,DPS / Supp,Int-Based,1,11,7,27,21,665,10,3
24,Driftjelly,DPS / Supp,Int-Based,1,12,7,28,21,695,10,4
25,Driftjelly,DPS / Supp,Int-Based,1,13,7,29,21,727,10,4
26,Driftjelly,DPS / Supp,Int-Based,1,13,7,30,22,764,10,4
27,Driftjelly,DPS / Supp,Int-Based,1,13,7,31,23,803,11,4
28,Driftjelly,DPS / Supp,Int-Based,1,14,7,32,23,837,11,4
29,Driftjelly,DPS / Supp,Int-Based,1,14,7,32,25,886,11,4
30,Driftjelly,DPS / Supp,Int-Based,1,15,7,33,25,921,11,4
31,Driftjelly,DPS / Supp,Int-Based,1,15,7,34,26,965,11,4
32,Driftjelly,DPS / Supp,Int-Based,1,15,7,35,27,1010,12,5
33,Driftjelly,DPS / Supp,Int-Based,1,15,7,36,28,1057,12,5
34,Driftjelly,DPS / Supp,Int-Based,1,15,7,37,29,1105,12,5
35,Driftjelly,DPS / Supp,Int-Based,1,15,7,38,30,1154,12,5
36,Driftjelly,DPS / Supp,Int-Based,1,15,7,40,30,1196,13,5
37,Driftjelly,DPS / Supp,Int-Based,1,17,7,40,31,1247,13,5
38,Driftjelly,DPS / Supp,Int-Based,1,17,7,41,32,1300,13,5
39,Driftjelly,DPS / Supp,Int-Based,1,18,7,42,32,1345,13,5
40,Driftjelly,DPS / Supp,Int-Based,1,18,7,43,33,1400,14,6
41,Driftjelly,DPS / Supp,Int-Based,1,18,7,44,34,1457,14,6
42,Driftjelly,DPS / Supp,Int-Based,1,18,7,45,35,1516,14,6
43,Driftjelly,DPS / Supp,Int-Based,1,19,8,46,35,1564,14,6
44,Driftjelly,DPS / Supp,Int-Based,1,19,8,47,36,1625,14,6
45,Driftjelly,DPS / Supp,Int-Based,1,21,8,47,37,1687,15,6
46,Driftjelly,DPS / Supp,Int-Based,1,21,8,49,37,1739,15,6
47,Driftjelly,DPS / Supp,Int-Based,1,21,8,50,38,1805,15,7
48,Driftjelly,DPS / Supp,Int-Based,1,21,9,51,39,1872,15,7
49,Driftjelly,DPS / Supp,Int-Based,1,22,10,51,40,1940,17,7
50,Driftjelly,DPS / Supp,Int-Based,1,22,10,52,41,2010,17,7
51,Driftjelly,DPS / Supp,Int-Based,1,23,11,53,41,2067,17,7
52,Driftjelly,DPS / Supp,Int-Based,1,23,11,54,42,2139,17,7
53,Driftjelly,DPS / Supp,Int-Based,1,23,11,55,43,2215,18,7
54,Driftjelly,DPS / Supp,Int-Based,1,24,12,56,43,2275,18,7
55,Driftjelly,DPS / Supp,Int-Based,1,25,13,56,44,2352,18,8
56,Driftjelly,DPS / Supp,Int-Based,1,25,13,57,45,2431,18,8
57,Driftjelly,DPS / Supp,Int-Based,1,25,13,58,46,2512,19,8
58,Driftjelly,DPS / Supp,Int-Based,1,27,13,59,46,2578,19,8
59,Driftjelly,DPS / Supp,Int-Based,1,27,13,60,47,2662,19,8
60,Driftjelly,DPS / Supp,Int-Based,1,27,14,61,48,2746,19,8
61,Driftjelly,DPS / Supp,Int-Based,1,27,14,62,49,2833,19,8
62,Driftjelly,DPS / Supp,Int-Based,1,29,14,62,50,2923,20,9
63,Driftjelly,DPS / Supp,Int-Based,1,29,15,63,51,3015,21,9
64,Driftjelly,DPS / Supp,Int-Based,1,30,16,64,51,3086,21,9
65,Driftjelly,DPS / Supp,Int-Based,1,30,16,65,52,3181,21,9
66,Driftjelly,DPS / Supp,Int-Based,1,30,16,66,53,3277,22,9
67,Driftjelly,DPS / Supp,Int-Based,1,32,16,67,53,3353,22,9
68,Driftjelly,DPS / Supp,Int-Based,1,32,16,68,54,3452,22,9
69,Driftjelly,DPS / Supp,Int-Based,1,32,16,69,55,3552,22,9
70,Driftjelly,DPS / Supp,Int-Based,1,32,17,70,56,3656,23,10
71,Driftjelly,DPS / Supp,Int-Based,1,33,18,71,56,3737,23,10
72,Driftjelly,DPS / Supp,Int-Based,1,33,18,72,57,3843,23,10
73,Driftjelly,DPS / Supp,Int-Based,1,34,18,72,59,3976,23,10
74,Driftjelly,DPS / Supp,Int-Based,1,35,19,73,59,4062,23,10
75,Driftjelly,DPS / Supp,Int-Based,1,35,19,74,60,4174,24,10
76,Driftjelly,DPS / Supp,Int-Based,1,35,19,75,61,4289,24,10
77,Driftjelly,DPS / Supp,Int-Based,1,37,19,76,61,4377,24,10
78,Driftjelly,DPS / Supp,Int-Based,1,37,19,77,62,4495,24,11
79,Driftjelly,DPS / Supp,Int-Based,1,37,19,78,63,4614,25,11
80,Driftjelly,DPS / Supp,Int-Based,1,38,19,79,64,4736,25,11
81,Driftjelly,DPS / Supp,Int-Based,1,38,19,80,65,4860,25,11
82,Driftjelly,DPS / Supp,Int-Based,1,40,19,81,65,4956,25,11
83,Driftjelly,DPS / Supp,Int-Based,1,40,19,82,66,5084,26,11
84,Driftjelly,DPS / Supp,Int-Based,1,40,19,83,67,5213,26,11
85,Driftjelly,DPS / Supp,Int-Based,1,41,19,84,68,5345,26,12
86,Driftjelly,DPS / Supp,Int-Based,1,41,19,85,69,5480,26,12
87,Driftjelly,DPS / Supp,Int-Based,1,43,19,85,70,5616,26,12
88,Driftjelly,DPS / Supp,Int-Based,1,43,19,86,71,5754,27,12
89,Driftjelly,DPS / Supp,Int-Based,1,43,19,87,72,5896,27,12
90,Driftjelly,DPS / Supp,Int-Based,1,44,19,88,73,6037,27,12
91,Driftjelly,DPS / Supp,Int-Based,1,44,19,90,73,6148,27,12
92,Driftjelly,DPS / Supp,Int-Based,1,46,19,90,74,6295,28,12
93,Driftjelly,DPS / Supp,Int-Based,1,46,19,91,75,6443,28,13
94,Driftjelly,DPS / Supp,Int-Based,1,46,19,92,76,6594,28,13
95,Driftjelly,DPS / Supp,Int-Based,1,48,19,93,76,6710,28,13
96,Driftjelly,DPS / Supp,Int-Based,1,48,19,94,77,6865,29,13
97,Driftjelly,DPS / Supp,Int-Based,1,49,19,95,78,7023,29,13
98,Driftjelly,DPS / Supp,Int-Based,1,49,19,96,79,7183,29,13
99,Driftjelly,DPS / Supp,Int-Based,1,49,19,97,80,7345,29,13
100,Driftjelly,DPS / Supp,Int-Based,1,50,19,98,81,7511,30,14
1,Snapglass,DPS,Strength-based,9,6,7,2,5,147,18,2
2,Snapglass,DPS,Strength-based,10,6,7,2,5,159,21,2
3,Snapglass,DPS,Strength-based,11,6,8,2,5,173,24,2
4,Snapglass,DPS,Strength-based,12,6,8,2,5,187,27,2
5,Snapglass,DPS,Strength-based,13,6,8,2,5,202,30,2
6,Snapglass,DPS,Strength-based,14,6,8,2,5,217,33,2
7,Snapglass,DPS,Strength-based,14,6,9,2,6,236,35,2
8,Snapglass,DPS,Strength-based,15,7,9,2,6,253,38,2
9,Snapglass,DPS,Strength-based,16,7,9,2,6,270,41,3
10,Snapglass,DPS,Strength-based,16,7,10,2,7,291,44,3
11,Snapglass,DPS,Strength-based,17,8,10,2,7,310,47,3
12,Snapglass,DPS,Strength-based,18,8,11,2,7,329,50,3
13,Snapglass,DPS,Strength-based,18,9,11,2,9,356,52,3
14,Snapglass,DPS,Strength-based,19,10,11,2,9,377,55,3
15,Snapglass,DPS,Strength-based,19,10,12,2,10,402,57,3
16,Snapglass,DPS,Strength-based,21,10,12,2,10,424,64,4
17,Snapglass,DPS,Strength-based,21,11,13,2,10,447,66,4
18,Snapglass,DPS,Strength-based,22,11,14,2,10,471,69,4
19,Snapglass,DPS,Strength-based,23,11,14,2,11,500,72,4
20,Snapglass,DPS,Strength-based,23,12,15,2,11,526,75,4
21,Snapglass,DPS,Strength-based,24,12,15,2,12,556,78,4
22,Snapglass,DPS,Strength-based,25,13,15,2,12,583,81,4
23,Snapglass,DPS,Strength-based,26,13,16,2,12,610,84,5
24,Snapglass,DPS,Strength-based,26,14,16,2,13,644,86,5
25,Snapglass,DPS,Strength-based,27,14,17,2,13,673,89,5
26,Snapglass,DPS,Strength-based,28,15,17,3,13,702,92,5
27,Snapglass,DPS,Strength-based,29,15,18,3,13,733,95,5
28,Snapglass,DPS,Strength-based,30,15,18,4,14,770,103,5
29,Snapglass,DPS,Strength-based,30,16,19,5,14,802,105,5
30,Snapglass,DPS,Strength-based,31,16,19,5,15,842,108,6
31,Snapglass,DPS,Strength-based,31,17,21,5,15,876,111,6
32,Snapglass,DPS,Strength-based,32,17,21,6,16,917,114,6
33,Snapglass,DPS,Strength-based,33,18,21,6,16,953,117,6
34,Snapglass,DPS,Strength-based,34,19,21,6,16,988,120,6
35,Snapglass,DPS,Strength-based,34,20,22,6,17,1034,122,6
36,Snapglass,DPS,Strength-based,35,20,23,6,17,1071,125,6
37,Snapglass,DPS,Strength-based,36,21,23,6,18,1118,128,7
38,Snapglass,DPS,Strength-based,37,21,24,6,18,1157,131,7
39,Snapglass,DPS,Strength-based,38,22,24,6,19,1207,134,7
40,Snapglass,DPS,Strength-based,39,22,25,6,19,1248,138,7
41,Snapglass,DPS,Strength-based,40,23,25,6,20,1300,148,7
42,Snapglass,DPS,Strength-based,40,24,26,6,21,1353,150,7
43,Snapglass,DPS,Strength-based,41,24,27,6,21,1397,153,7
44,Snapglass,DPS,Strength-based,42,24,27,6,22,1454,156,8
45,Snapglass,DPS,Strength-based,43,25,28,6,22,1499,159,8
46,Snapglass,DPS,Strength-based,44,26,28,6,22,1544,162,8
47,Snapglass,DPS,Strength-based,45,26,29,6,23,1603,165,8
48,Snapglass,DPS,Strength-based,45,27,30,6,24,1665,168,8
49,Snapglass,DPS,Strength-based,46,28,30,6,24,1714,171,8
50,Snapglass,DPS,Strength-based,47,28,31,6,25,1778,174,8
51,Snapglass,DPS,Strength-based,48,29,31,6,25,1828,177,9
52,Snapglass,DPS,Strength-based,49,30,32,6,25,1880,180,9
53,Snapglass,DPS,Strength-based,50,31,32,6,26,1947,192,9
54,Snapglass,DPS,Strength-based,51,31,33,6,26,2000,195,9
55,Snapglass,DPS,Strength-based,51,32,34,6,27,2071,197,9
56,Snapglass,DPS,Strength-based,52,32,34,6,29,2159,200,9
57,Snapglass,DPS,Strength-based,53,32,35,6,29,2216,204,9
58,Snapglass,DPS,Strength-based,54,33,35,6,30,2291,207,10
59,Snapglass,DPS,Strength-based,54,34,36,6,31,2368,209,10
60,Snapglass,DPS,Strength-based,56,34,36,6,31,2427,213,10
61,Snapglass,DPS,Strength-based,56,35,38,6,31,2489,215,10
62,Snapglass,DPS,Strength-based,57,36,38,6,31,2549,218,10
63,Snapglass,DPS,Strength-based,58,37,38,6,32,2632,221,10
64,Snapglass,DPS,Strength-based,59,37,39,6,32,2695,224,10
65,Snapglass,DPS,Strength-based,60,38,40,6,32,2758,239,11
66,Snapglass,DPS,Strength-based,61,39,40,6,33,2844,242,11
67,Snapglass,DPS,Strength-based,62,39,41,6,33,2911,245,11
68,Snapglass,DPS,Strength-based,62,40,42,6,34,3000,247,11
69,Snapglass,DPS,Strength-based,63,41,42,6,35,3091,250,11
70,Snapglass,DPS,Strength-based,64,41,43,6,35,3161,253,11
71,Snapglass,DPS,Strength-based,65,42,43,6,36,3254,256,11
72,Snapglass,DPS,Strength-based,66,42,44,6,37,3351,259,12
73,Snapglass,DPS,Strength-based,67,43,44,6,37,3423,262,12
74,Snapglass,DPS,Strength-based,68,44,45,6,37,3497,266,12
75,Snapglass,DPS,Strength-based,68,45,46,6,38,3597,268,12
76,Snapglass,DPS,Strength-based,69,45,46,6,40,3726,271,12
77,Snapglass,DPS,Strength-based,70,46,46,6,40,3803,287,12
78,Snapglass,DPS,Strength-based,71,47,47,6,40,3882,290,12
79,Snapglass,DPS,Strength-based,72,47,48,6,41,3990,293,13
80,Snapglass,DPS,Strength-based,73,48,48,6,41,4070,296,13
81,Snapglass,DPS,Strength-based,74,49,49,6,41,4152,299,13
82,Snapglass,DPS,Strength-based,74,50,50,6,42,4264,302,13
83,Snapglass,DPS,Strength-based,75,50,51,6,43,4378,305,13
84,Snapglass,DPS,Strength-based,76,51,51,6,43,4463,308,13
85,Snapglass,DPS,Strength-based,77,52,52,6,43,4548,311,13
86,Snapglass,DPS,Strength-based,78,52,52,6,44,4668,314,14
87,Snapglass,DPS,Strength-based,79,53,53,6,44,4756,317,14
88,Snapglass,DPS,Strength-based,80,53,54,6,45,4877,335,14
89,Snapglass,DPS,Strength-based,80,55,54,6,46,5003,337,14
90,Snapglass,DPS,Strength-based,81,55,55,6,46,5095,341,14
91,Snapglass,DPS,Strength-based,82,56,55,6,47,5222,344,14
92,Snapglass,DPS,Strength-based,83,56,56,6,48,5353,347,14
93,Snapglass,DPS,Strength-based,84,57,56,6,48,5449,350,15
94,Snapglass,DPS,Strength-based,85,58,57,6,48,5545,353,15
95,Snapglass,DPS,Strength-based,85,59,58,6,49,5679,355,15
96,Snapglass,DPS,Strength-based,86,59,59,6,50,5818,358,15
97,Snapglass,DPS,Strength-based,87,60,59,6,51,5958,361,15
98,Snapglass,DPS,Strength-based,88,60,60,6,51,6059,365,15
99,Snapglass,DPS,Strength-based,89,61,60,6,52,6203,368,15
100,Snapglass,DPS,Strength-based,90,62,61,6,52,6308,388,16
1,Kiteskulk,DPS,Int-Based,1,6,4,9,9,152,4,1
2,Kiteskulk,DPS,Int-Based,1,6,4,10,9,164,4,1
3,Kiteskulk,DPS,Int-Based,1,6,4,11,10,178,4,1
4,Kiteskulk,DPS,Int-Based,1,6,4,12,10,191,4,1
5,Kiteskulk,DPS,Int-Based,1,6,4,13,10,205,4,1
6,Kiteskulk,DPS,Int-Based,1,6,4,14,10,220,5,1
7,Kiteskulk,DPS,Int-Based,1,6,4,15,11,236,5,1
8,Kiteskulk,DPS,Int-Based,1,6,4,16,11,251,5,1
9,Kiteskulk,DPS,Int-Based,1,7,4,16,12,271,5,1
10,Kiteskulk,DPS,Int-Based,1,7,4,17,12,287,6,1
11,Kiteskulk,DPS,Int-Based,1,7,4,18,13,308,6,1
12,Kiteskulk,DPS,Int-Based,1,8,4,19,13,326,6,1
13,Kiteskulk,DPS,Int-Based,1,8,5,19,14,348,7,1
14,Kiteskulk,DPS,Int-Based,1,9,5,20,14,368,7,2
15,Kiteskulk,DPS,Int-Based,1,9,6,21,14,387,8,2
16,Kiteskulk,DPS,Int-Based,1,9,6,21,16,416,8,2
17,Kiteskulk,DPS,Int-Based,1,10,6,22,16,437,8,2
18,Kiteskulk,DPS,Int-Based,1,11,6,23,16,459,8,2
19,Kiteskulk,DPS,Int-Based,1,11,6,23,18,490,9,2
20,Kiteskulk,DPS,Int-Based,1,11,7,24,18,514,9,2
21,Kiteskulk,DPS,Int-Based,1,11,7,25,19,543,9,2
22,Kiteskulk,DPS,Int-Based,1,11,7,26,20,573,9,2
23,Kiteskulk,DPS,Int-Based,1,11,7,27,21,605,9,2
24,Kiteskulk,DPS,Int-Based,1,12,7,28,21,631,10,2
25,Kiteskulk,DPS,Int-Based,1,13,7,29,21,659,10,2
26,Kiteskulk,DPS,Int-Based,1,13,7,30,22,692,10,3
27,Kiteskulk,DPS,Int-Based,1,13,7,31,23,728,10,3
28,Kiteskulk,DPS,Int-Based,1,13,7,31,25,770,11,3
29,Kiteskulk,DPS,Int-Based,1,14,7,32,25,801,11,3
30,Kiteskulk,DPS,Int-Based,1,15,7,33,25,832,11,3
31,Kiteskulk,DPS,Int-Based,1,15,7,34,26,871,11,3
32,Kiteskulk,DPS,Int-Based,1,15,7,35,27,911,11,3
33,Kiteskulk,DPS,Int-Based,1,15,7,36,28,953,12,3
34,Kiteskulk,DPS,Int-Based,1,15,7,37,29,995,12,3
35,Kiteskulk,DPS,Int-Based,1,15,7,38,30,1040,12,3
36,Kiteskulk,DPS,Int-Based,1,15,7,39,31,1085,12,3
37,Kiteskulk,DPS,Int-Based,1,15,7,40,32,1131,13,3
38,Kiteskulk,DPS,Int-Based,1,15,7,41,33,1179,13,3
39,Kiteskulk,DPS,Int-Based,1,15,7,42,34,1228,13,4
40,Kiteskulk,DPS,Int-Based,1,16,7,43,34,1268,13,4
41,Kiteskulk,DPS,Int-Based,1,16,7,44,35,1320,13,4
42,Kiteskulk,DPS,Int-Based,1,16,7,45,36,1372,14,4
43,Kiteskulk,DPS,Int-Based,1,16,7,46,37,1426,14,4
44,Kiteskulk,DPS,Int-Based,1,18,7,47,37,1471,14,4
45,Kiteskulk,DPS,Int-Based,1,18,7,48,38,1526,14,4
46,Kiteskulk,DPS,Int-Based,1,18,7,49,39,1584,15,4
47,Kiteskulk,DPS,Int-Based,1,18,8,50,40,1643,15,4
48,Kiteskulk,DPS,Int-Based,1,20,8,50,41,1703,15,4
49,Kiteskulk,DPS,Int-Based,1,20,8,51,42,1765,15,4
50,Kiteskulk,DPS,Int-Based,1,20,8,52,43,1828,15,4
51,Kiteskulk,DPS,Int-Based,1,21,9,53,43,1880,16,5
52,Kiteskulk,DPS,Int-Based,1,21,9,54,44,1945,16,5
53,Kiteskulk,DPS,Int-Based,1,21,9,55,45,2012,16,5
54,Kiteskulk,DPS,Int-Based,1,22,10,56,45,2066,17,5
55,Kiteskulk,DPS,Int-Based,1,22,10,57,46,2135,18,5
56,Kiteskulk,DPS,Int-Based,1,24,10,57,47,2207,18,5
57,Kiteskulk,DPS,Int-Based,1,24,11,58,48,2280,18,5
58,Kiteskulk,DPS,Int-Based,1,24,11,59,49,2354,18,5
59,Kiteskulk,DPS,Int-Based,1,24,11,60,50,2431,18,5
60,Kiteskulk,DPS,Int-Based,1,24,12,61,51,2508,19,5
61,Kiteskulk,DPS,Int-Based,1,25,13,62,51,2570,19,5
62,Kiteskulk,DPS,Int-Based,1,25,13,63,52,2650,19,5
63,Kiteskulk,DPS,Int-Based,1,25,13,64,53,2732,19,6
64,Kiteskulk,DPS,Int-Based,1,26,14,65,53,2796,20,6
65,Kiteskulk,DPS,Int-Based,1,28,14,65,54,2881,20,6
66,Kiteskulk,DPS,Int-Based,1,28,14,66,55,2968,20,6
67,Kiteskulk,DPS,Int-Based,1,28,14,67,56,3056,20,6
68,Kiteskulk,DPS,Int-Based,1,28,15,68,57,3146,21,6
69,Kiteskulk,DPS,Int-Based,1,30,15,69,57,3216,22,6
70,Kiteskulk,DPS,Int-Based,1,30,15,70,58,3308,22,6
71,Kiteskulk,DPS,Int-Based,1,30,16,71,59,3404,22,6
72,Kiteskulk,DPS,Int-Based,1,30,16,72,60,3499,22,6
73,Kiteskulk,DPS,Int-Based,1,32,16,72,61,3596,23,6
74,Kiteskulk,DPS,Int-Based,1,32,16,73,62,3696,23,6
75,Kiteskulk,DPS,Int-Based,1,32,16,75,62,3774,23,6
76,Kiteskulk,DPS,Int-Based,1,32,16,76,63,3877,23,7
77,Kiteskulk,DPS,Int-Based,1,34,16,76,64,3981,23,7
78,Kiteskulk,DPS,Int-Based,1,34,17,77,65,4088,24,7
79,Kiteskulk,DPS,Int-Based,1,34,17,78,66,4196,24,7
80,Kiteskulk,DPS,Int-Based,1,34,17,79,67,4306,24,7
81,Kiteskulk,DPS,Int-Based,1,36,17,80,67,4392,24,7
82,Kiteskulk,DPS,Int-Based,1,36,18,81,68,4505,25,7
83,Kiteskulk,DPS,Int-Based,1,36,18,82,69,4620,25,7
84,Kiteskulk,DPS,Int-Based,1,36,19,83,70,4736,25,7
85,Kiteskulk,DPS,Int-Based,1,36,19,84,71,4856,25,7
86,Kiteskulk,DPS,Int-Based,1,38,19,84,72,4975,25,7
87,Kiteskulk,DPS,Int-Based,1,38,19,86,72,5070,26,7
88,Kiteskulk,DPS,Int-Based,1,38,19,87,73,5195,26,8
89,Kiteskulk,DPS,Int-Based,1,39,19,87,75,5351,26,8
90,Kiteskulk,DPS,Int-Based,1,41,19,88,75,5449,26,8
91,Kiteskulk,DPS,Int-Based,1,41,19,89,76,5579,27,8
92,Kiteskulk,DPS,Int-Based,1,41,19,90,77,5711,27,8
93,Kiteskulk,DPS,Int-Based,1,42,19,91,78,5845,27,8
94,Kiteskulk,DPS,Int-Based,1,42,19,92,79,5982,27,8
95,Kiteskulk,DPS,Int-Based,1,42,19,93,80,6120,27,8
96,Kiteskulk,DPS,Int-Based,1,44,19,94,80,6226,28,8
97,Kiteskulk,DPS,Int-Based,1,44,19,95,81,6367,28,8
98,Kiteskulk,DPS,Int-Based,1,44,19,96,82,6511,28,8
99,Kiteskulk,DPS,Int-Based,1,44,19,97,83,6659,28,8
100,Kiteskulk,DPS,Int-Based,1,45,19,98,84,6808,29,9
1,Lotusmanta,Supp,Int-Based,1,6,4,9,9,163,4,1
2,Lotusmanta,Supp,Int-Based,1,6,4,10,9,176,4,1
3,Lotusmanta,Supp,Int-Based,1,6,4,11,10,193,4,1
4,Lotusmanta,Supp,Int-Based,1,6,4,12,10,209,4,1
5,Lotusmanta,Supp,Int-Based,1,6,4,13,10,225,4,1
6,Lotusmanta,Supp,Int-Based,1,6,4,14,10,242,5,1
7,Lotusmanta,Supp,Int-Based,1,6,4,15,11,261,5,1
8,Lotusmanta,Supp,Int-Based,1,6,4,16,11,279,5,1
9,Lotusmanta,Supp,Int-Based,1,7,4,16,12,301,5,1
10,Lotusmanta,Supp,Int-Based,1,7,4,17,12,321,6,2
11,Lotusmanta,Supp,Int-Based,1,7,4,18,13,344,6,2
12,Lotusmanta,Supp,Int-Based,1,7,5,18,14,369,7,2
13,Lotusmanta,Supp,Int-Based,1,8,5,19,14,391,7,2
14,Lotusmanta,Supp,Int-Based,1,9,5,20,14,413,8,2
15,Lotusmanta,Supp,Int-Based,1,9,6,20,15,441,8,2
16,Lotusmanta,Supp,Int-Based,1,9,6,21,16,469,8,2
17,Lotusmanta,Supp,Int-Based,1,10,6,22,16,495,8,2
18,Lotusmanta,Supp,Int-Based,1,10,6,22,18,529,8,3
19,Lotusmanta,Supp,Int-Based,1,11,6,23,18,556,9,3
20,Lotusmanta,Supp,Int-Based,1,11,7,24,18,584,9,3
21,Lotusmanta,Supp,Int-Based,1,11,7,25,19,618,9,3
22,Lotusmanta,Supp,Int-Based,1,11,7,26,20,652,9,3
23,Lotusmanta,Supp,Int-Based,1,11,7,27,21,689,10,3
24,Lotusmanta,Supp,Int-Based,1,12,7,27,22,727,10,3
25,Lotusmanta,Supp,Int-Based,1,13,7,28,22,758,10,3
26,Lotusmanta,Supp,Int-Based,1,13,7,29,23,798,10,4
27,Lotusmanta,Supp,Int-Based,1,13,7,30,24,839,11,4
28,Lotusmanta,Supp,Int-Based,1,13,7,31,25,881,11,4
29,Lotusmanta,Supp,Int-Based,1,14,7,32,25,917,11,4
30,Lotusmanta,Supp,Int-Based,1,14,7,32,27,969,11,4
31,Lotusmanta,Supp,Int-Based,1,14,7,33,28,1016,11,4
32,Lotusmanta,Supp,Int-Based,1,14,7,34,29,1062,12,4
33,Lotusmanta,Supp,Int-Based,1,14,7,35,30,1111,12,4
34,Lotusmanta,Supp,Int-Based,1,14,7,36,31,1161,12,5
35,Lotusmanta,Supp,Int-Based,1,15,7,37,31,1205,12,5
36,Lotusmanta,Supp,Int-Based,1,15,7,39,31,1248,13,5
37,Lotusmanta,Supp,Int-Based,1,15,7,40,32,1301,13,5
38,Lotusmanta,Supp,Int-Based,1,15,7,41,33,1357,13,5
39,Lotusmanta,Supp,Int-Based,1,15,7,42,34,1413,13,5
40,Lotusmanta,Supp,Int-Based,1,15,7,42,36,1483,14,5
41,Lotusmanta,Supp,Int-Based,1,15,7,43,37,1543,14,5
42,Lotusmanta,Supp,Int-Based,1,15,7,44,38,1604,14,5
43,Lotusmanta,Supp,Int-Based,1,15,7,45,39,1669,14,6
44,Lotusmanta,Supp,Int-Based,1,16,8,46,39,1720,14,6
45,Lotusmanta,Supp,Int-Based,1,16,8,47,40,1787,15,6
46,Lotusmanta,Supp,Int-Based,1,16,8,48,41,1855,15,6
47,Lotusmanta,Supp,Int-Based,1,16,8,49,42,1924,15,6
48,Lotusmanta,Supp,Int-Based,1,18,8,50,42,1980,15,6
49,Lotusmanta,Supp,Int-Based,1,18,8,51,43,2053,16,6
50,Lotusmanta,Supp,Int-Based,1,18,8,52,44,2126,16,6
51,Lotusmanta,Supp,Int-Based,1,18,8,53,45,2202,16,7
52,Lotusmanta,Supp,Int-Based,1,20,8,54,45,2264,16,7
53,Lotusmanta,Supp,Int-Based,1,20,8,55,46,2343,17,7
54,Lotusmanta,Supp,Int-Based,1,20,8,56,47,2424,17,7
55,Lotusmanta,Supp,Int-Based,1,20,8,57,48,2505,17,7
56,Lotusmanta,Supp,Int-Based,1,20,8,58,49,2589,17,7
57,Lotusmanta,Supp,Int-Based,1,22,9,58,50,2674,18,7
58,Lotusmanta,Supp,Int-Based,1,22,9,59,51,2761,18,7
59,Lotusmanta,Supp,Int-Based,1,22,9,60,52,2851,18,8
60,Lotusmanta,Supp,Int-Based,1,22,9,61,53,2942,18,8
61,Lotusmanta,Supp,Int-Based,1,23,11,62,53,3015,19,8
62,Lotusmanta,Supp,Int-Based,1,23,11,63,54,3110,20,8
63,Lotusmanta,Supp,Int-Based,1,23,11,64,55,3206,20,8
64,Lotusmanta,Supp,Int-Based,1,24,12,65,55,3282,20,8
65,Lotusmanta,Supp,Int-Based,1,24,12,66,56,3382,20,8
66,Lotusmanta,Supp,Int-Based,1,24,12,67,57,3483,21,8
67,Lotusmanta,Supp,Int-Based,1,26,12,67,58,3588,21,9
68,Lotusmanta,Supp,Int-Based,1,26,13,68,59,3693,21,9
69,Lotusmanta,Supp,Int-Based,1,26,13,69,60,3800,21,9
70,Lotusmanta,Supp,Int-Based,1,26,13,70,61,3909,22,9
71,Lotusmanta,Supp,Int-Based,1,28,14,71,61,3996,22,9
72,Lotusmanta,Supp,Int-Based,1,28,14,72,62,4109,22,9
73,Lotusmanta,Supp,Int-Based,1,28,14,73,63,4223,22,9
74,Lotusmanta,Supp,Int-Based,1,28,14,74,64,4341,22,9
75,Lotusmanta,Supp,Int-Based,1,28,14,75,65,4459,23,9
76,Lotusmanta,Supp,Int-Based,1,30,14,75,66,4581,23,10
77,Lotusmanta,Supp,Int-Based,1,30,15,76,67,4704,24,10
78,Lotusmanta,Supp,Int-Based,1,30,15,77,68,4830,24,10
79,Lotusmanta,Supp,Int-Based,1,32,15,78,68,4929,25,10
80,Lotusmanta,Supp,Int-Based,1,32,15,79,69,5058,25,10
81,Lotusmanta,Supp,Int-Based,1,32,16,80,70,5190,25,10
82,Lotusmanta,Supp,Int-Based,1,32,17,81,71,5323,25,10
83,Lotusmanta,Supp,Int-Based,1,32,17,82,72,5459,26,10
84,Lotusmanta,Supp,Int-Based,1,33,17,83,72,5564,26,11
85,Lotusmanta,Supp,Int-Based,1,33,17,84,73,5703,26,11
86,Lotusmanta,Supp,Int-Based,1,34,17,85,74,5846,26,11
87,Lotusmanta,Supp,Int-Based,1,34,17,86,75,5990,26,11
88,Lotusmanta,Supp,Int-Based,1,34,17,87,76,6137,27,11
89,Lotusmanta,Supp,Int-Based,1,36,17,87,77,6285,27,11
90,Lotusmanta,Supp,Int-Based,1,36,17,88,78,6438,27,11
91,Lotusmanta,Supp,Int-Based,1,37,17,89,79,6590,27,11
92,Lotusmanta,Supp,Int-Based,1,37,17,90,80,6746,28,12
93,Lotusmanta,Supp,Int-Based,1,38,17,91,81,6905,28,12
94,Lotusmanta,Supp,Int-Based,1,38,17,92,82,7067,28,12
95,Lotusmanta,Supp,Int-Based,1,38,17,93,83,7230,28,12
96,Lotusmanta,Supp,Int-Based,1,40,17,94,83,7354,29,12
97,Lotusmanta,Supp,Int-Based,1,40,17,95,84,7521,29,12
98,Lotusmanta,Supp,Int-Based,1,40,17,96,85,7692,29,12
99,Lotusmanta,Supp,Int-Based,1,40,17,97,86,7865,29,12
100,Lotusmanta,Supp,Int-Based,1,41,17,98,87,8041,30,13
1,Mistmelt,Fighter / Tank,Strength-based,9,3,6,2,9,196,18,2
2,Mistmelt,Fighter / Tank,Strength-based,10,3,6,2,9,216,21,2
3,Mistmelt,Fighter / Tank,Strength-based,10,3,7,2,10,240,22,2
4,Mistmelt,Fighter / Tank,Strength-based,11,3,7,2,10,264,25,2
5,Mistmelt,Fighter / Tank,Strength-based,11,3,7,3,11,289,26,2
6,Mistmelt,Fighter / Tank,Strength-based,12,3,7,3,11,315,29,2
7,Mistmelt,Fighter / Tank,Strength-based,12,3,8,3,12,344,30,2
8,Mistmelt,Fighter / Tank,Strength-based,13,3,8,3,12,371,33,3
9,Mistmelt,Fighter / Tank,Strength-based,13,3,9,3,13,403,34,3
10,Mistmelt,Fighter / Tank,Strength-based,14,3,9,3,13,432,37,3
11,Mistmelt,Fighter / Tank,Strength-based,14,4,9,3,14,468,38,3
12,Mistmelt,Fighter / Tank,Strength-based,15,4,10,3,14,499,42,3
13,Mistmelt,Fighter / Tank,Strength-based,15,4,11,3,15,537,43,3
14,Mistmelt,Fighter / Tank,Strength-based,16,4,11,3,16,576,46,3
15,Mistmelt,Fighter / Tank,Strength-based,17,5,11,3,16,612,48,4
16,Mistmelt,Fighter / Tank,Strength-based,17,5,12,3,17,654,50,4
17,Mistmelt,Fighter / Tank,Strength-based,18,5,12,3,18,697,52,4
18,Mistmelt,Fighter / Tank,Strength-based,19,5,12,4,18,737,55,4
19,Mistmelt,Fighter / Tank,Strength-based,19,5,13,4,19,784,56,4
20,Mistmelt,Fighter / Tank,Strength-based,20,5,13,4,20,832,62,4
21,Mistmelt,Fighter / Tank,Strength-based,21,6,14,4,20,876,64,5
22,Mistmelt,Fighter / Tank,Strength-based,22,6,14,4,21,926,67,5
23,Mistmelt,Fighter / Tank,Strength-based,22,6,15,4,22,980,69,5
24,Mistmelt,Fighter / Tank,Strength-based,23,6,15,5,22,1028,72,5
25,Mistmelt,Fighter / Tank,Strength-based,23,7,15,6,23,1084,73,5
26,Mistmelt,Fighter / Tank,Strength-based,24,7,16,6,23,1134,76,5
27,Mistmelt,Fighter / Tank,Strength-based,24,8,17,6,24,1195,77,5
28,Mistmelt,Fighter / Tank,Strength-based,25,8,17,6,25,1257,80,6
29,Mistmelt,Fighter / Tank,Strength-based,26,8,17,6,26,1320,82,6
30,Mistmelt,Fighter / Tank,Strength-based,27,8,18,6,26,1375,85,6
31,Mistmelt,Fighter / Tank,Strength-based,27,9,19,6,27,1443,86,6
32,Mistmelt,Fighter / Tank,Strength-based,28,9,19,7,28,1514,89,6
33,Mistmelt,Fighter / Tank,Strength-based,29,10,20,7,28,1573,92,6
34,Mistmelt,Fighter / Tank,Strength-based,30,10,20,7,29,1646,100,7
35,Mistmelt,Fighter / Tank,Strength-based,30,10,21,8,30,1722,101,7
36,Mistmelt,Fighter / Tank,Strength-based,31,11,21,8,31,1799,103,7
37,Mistmelt,Fighter / Tank,Strength-based,32,11,22,9,31,1865,106,7
38,Mistmelt,Fighter / Tank,Strength-based,32,11,23,9,32,1947,107,7
39,Mistmelt,Fighter / Tank,Strength-based,33,11,23,9,33,2029,110,7
40,Mistmelt,Fighter / Tank,Strength-based,34,11,23,9,34,2115,112,7
41,Mistmelt,Fighter / Tank,Strength-based,35,12,24,9,34,2186,115,8
42,Mistmelt,Fighter / Tank,Strength-based,35,12,25,10,35,2277,117,8
43,Mistmelt,Fighter / Tank,Strength-based,36,12,25,10,36,2369,120,8
44,Mistmelt,Fighter / Tank,Strength-based,37,12,25,11,37,2463,122,8
45,Mistmelt,Fighter / Tank,Strength-based,37,13,27,11,37,2541,124,8
46,Mistmelt,Fighter / Tank,Strength-based,38,13,27,11,38,2639,126,8
47,Mistmelt,Fighter / Tank,Strength-based,39,14,27,11,39,2741,129,8
48,Mistmelt,Fighter / Tank,Strength-based,40,15,28,11,39,2824,138,9
49,Mistmelt,Fighter / Tank,Strength-based,41,15,28,12,40,2928,141,9
50,Mistmelt,Fighter / Tank,Strength-based,41,16,29,12,41,3037,142,9
51,Mistmelt,Fighter / Tank,Strength-based,42,16,29,12,42,3146,145,9
52,Mistmelt,Fighter / Tank,Strength-based,43,16,31,12,42,3236,148,9
53,Mistmelt,Fighter / Tank,Strength-based,44,16,31,12,43,3350,151,9
54,Mistmelt,Fighter / Tank,Strength-based,44,16,32,13,44,3467,152,10
55,Mistmelt,Fighter / Tank,Strength-based,45,16,32,13,45,3587,155,10
56,Mistmelt,Fighter / Tank,Strength-based,46,17,32,13,46,3709,157,10
57,Mistmelt,Fighter / Tank,Strength-based,47,18,33,13,46,3807,160,10
58,Mistmelt,Fighter / Tank,Strength-based,47,18,34,14,47,3935,161,10
59,Mistmelt,Fighter / Tank,Strength-based,48,18,34,14,48,4064,164,10
60,Mistmelt,Fighter / Tank,Strength-based,49,19,34,14,49,4197,166,10
61,Mistmelt,Fighter / Tank,Strength-based,50,19,36,14,49,4303,179,11
62,Mistmelt,Fighter / Tank,Strength-based,51,19,36,15,50,4440,181,11
63,Mistmelt,Fighter / Tank,Strength-based,51,20,37,15,51,4579,183,11
64,Mistmelt,Fighter / Tank,Strength-based,52,20,37,15,52,4721,185,11
65,Mistmelt,Fighter / Tank,Strength-based,53,21,37,15,53,4866,188,11
66,Mistmelt,Fighter / Tank,Strength-based,54,21,38,16,53,4983,190,11
67,Mistmelt,Fighter / Tank,Strength-based,54,22,39,16,54,5132,192,12
68,Mistmelt,Fighter / Tank,Strength-based,55,22,39,17,55,5285,194,12
69,Mistmelt,Fighter / Tank,Strength-based,56,23,40,17,55,5407,197,12
70,Mistmelt,Fighter / Tank,Strength-based,56,23,41,18,56,5566,199,12
71,Mistmelt,Fighter / Tank,Strength-based,57,24,41,18,57,5727,201,12
72,Mistmelt,Fighter / Tank,Strength-based,58,24,41,19,58,5890,204,12
73,Mistmelt,Fighter / Tank,Strength-based,59,25,42,19,58,6019,206,12
74,Mistmelt,Fighter / Tank,Strength-based,59,25,43,20,59,6189,208,13
75,Mistmelt,Fighter / Tank,Strength-based,60,26,43,20,60,6361,221,13
76,Mistmelt,Fighter / Tank,Strength-based,61,26,43,21,61,6538,224,13
77,Mistmelt,Fighter / Tank,Strength-based,62,27,44,21,61,6675,226,13
78,Mistmelt,Fighter / Tank,Strength-based,62,27,45,22,62,6855,229,13
79,Mistmelt,Fighter / Tank,Strength-based,63,27,45,22,63,7039,231,13
80,Mistmelt,Fighter / Tank,Strength-based,64,28,45,22,64,7227,234,13
81,Mistmelt,Fighter / Tank,Strength-based,65,28,47,22,64,7373,236,14
82,Mistmelt,Fighter / Tank,Strength-based,66,28,47,22,65,7565,239,14
83,Mistmelt,Fighter / Tank,Strength-based,67,28,48,22,66,7762,241,14
84,Mistmelt,Fighter / Tank,Strength-based,67,29,49,22,67,7960,243,14
85,Mistmelt,Fighter / Tank,Strength-based,68,29,49,23,68,8163,245,14
86,Mistmelt,Fighter / Tank,Strength-based,69,30,49,23,69,8370,248,14
87,Mistmelt,Fighter / Tank,Strength-based,70,30,51,23,69,8529,264,15
88,Mistmelt,Fighter / Tank,Strength-based,71,31,51,23,70,8741,267,15
89,Mistmelt,Fighter / Tank,Strength-based,71,31,52,24,71,8955,268,15
90,Mistmelt,Fighter / Tank,Strength-based,72,31,52,24,72,9174,271,15
91,Mistmelt,Fighter / Tank,Strength-based,73,32,52,24,73,9397,273,15
92,Mistmelt,Fighter / Tank,Strength-based,74,32,53,25,73,9566,276,15
93,Mistmelt,Fighter / Tank,Strength-based,74,33,54,25,74,9794,277,15
94,Mistmelt,Fighter / Tank,Strength-based,75,33,54,26,75,10027,280,16
95,Mistmelt,Fighter / Tank,Strength-based,76,34,55,26,75,10204,283,16
96,Mistmelt,Fighter / Tank,Strength-based,77,34,55,27,76,10442,286,16
97,Mistmelt,Fighter / Tank,Strength-based,77,34,57,27,77,10683,287,16
98,Mistmelt,Fighter / Tank,Strength-based,78,34,57,27,78,10927,290,16
99,Mistmelt,Fighter / Tank,Strength-based,79,35,57,27,79,11176,292,16
100,Mistmelt,Fighter / Tank,Strength-based,80,35,58,27,80,11430,310,17
1,Cairnclamp,Fighter / Tank,Strength-based,9,2,7,2,9,196,18,3
2,Cairnclamp,Fighter / Tank,Strength-based,9,2,7,2,10,218,19,3
3,Cairnclamp,Fighter / Tank,Strength-based,10,2,8,2,10,242,23,3
4,Cairnclamp,Fighter / Tank,Strength-based,10,2,8,2,11,268,24,3
5,Cairnclamp,Fighter / Tank,Strength-based,11,2,9,2,11,293,27,4
6,Cairnclamp,Fighter / Tank,Strength-based,11,2,9,2,12,321,28,4
7,Cairnclamp,Fighter / Tank,Strength-based,12,2,10,2,12,349,32,4
8,Cairnclamp,Fighter / Tank,Strength-based,12,2,10,2,13,380,33,4
9,Cairnclamp,Fighter / Tank,Strength-based,13,2,11,2,13,410,36,5
10,Cairnclamp,Fighter / Tank,Strength-based,13,2,11,2,14,444,37,5
11,Cairnclamp,Fighter / Tank,Strength-based,14,3,11,2,14,476,40,5
12,Cairnclamp,Fighter / Tank,Strength-based,14,3,12,2,15,514,41,6
13,Cairnclamp,Fighter / Tank,Strength-based,15,4,12,2,15,548,44,6
14,Cairnclamp,Fighter / Tank,Strength-based,15,4,12,3,16,588,45,6
15,Cairnclamp,Fighter / Tank,Strength-based,16,5,12,3,16,625,48,6
16,Cairnclamp,Fighter / Tank,Strength-based,16,5,13,3,17,668,50,7
17,Cairnclamp,Fighter / Tank,Strength-based,17,5,13,3,18,713,52,7
18,Cairnclamp,Fighter / Tank,Strength-based,18,5,14,3,18,754,55,7
19,Cairnclamp,Fighter / Tank,Strength-based,18,5,15,3,19,802,57,8
20,Cairnclamp,Fighter / Tank,Strength-based,19,5,15,3,20,852,60,8
21,Cairnclamp,Fighter / Tank,Strength-based,20,5,16,3,20,897,65,8
22,Cairnclamp,Fighter / Tank,Strength-based,21,5,16,4,21,949,68,8
23,Cairnclamp,Fighter / Tank,Strength-based,21,5,17,4,22,1005,69,9
24,Cairnclamp,Fighter / Tank,Strength-based,22,5,18,4,22,1054,72,9
25,Cairnclamp,Fighter / Tank,Strength-based,22,5,19,4,23,1113,73,9
26,Cairnclamp,Fighter / Tank,Strength-based,23,5,19,4,24,1173,76,10
27,Cairnclamp,Fighter / Tank,Strength-based,24,5,19,4,25,1236,78,10
28,Cairnclamp,Fighter / Tank,Strength-based,25,5,20,4,25,1290,82,10
29,Cairnclamp,Fighter / Tank,Strength-based,25,6,21,4,26,1357,83,10
30,Cairnclamp,Fighter / Tank,Strength-based,26,6,21,4,27,1424,86,11
31,Cairnclamp,Fighter / Tank,Strength-based,27,6,22,4,27,1483,89,11
32,Cairnclamp,Fighter / Tank,Strength-based,28,7,22,4,28,1555,91,11
33,Cairnclamp,Fighter / Tank,Strength-based,28,7,23,4,29,1629,93,12
34,Cairnclamp,Fighter / Tank,Strength-based,29,8,23,4,30,1705,95,12
35,Cairnclamp,Fighter / Tank,Strength-based,30,8,24,4,30,1770,103,12
36,Cairnclamp,Fighter / Tank,Strength-based,30,8,25,5,31,1849,105,12
37,Cairnclamp,Fighter / Tank,Strength-based,31,9,25,5,32,1932,108,13
38,Cairnclamp,Fighter / Tank,Strength-based,32,9,26,5,32,2002,110,13
39,Cairnclamp,Fighter / Tank,Strength-based,33,9,26,5,33,2088,113,13
40,Cairnclamp,Fighter / Tank,Strength-based,33,10,27,5,34,2176,114,14
41,Cairnclamp,Fighter / Tank,Strength-based,34,10,27,5,35,2268,117,14
42,Cairnclamp,Fighter / Tank,Strength-based,35,10,28,6,35,2343,119,14
43,Cairnclamp,Fighter / Tank,Strength-based,35,11,29,6,36,2438,121,14
44,Cairnclamp,Fighter / Tank,Strength-based,36,11,29,7,37,2535,124,15
45,Cairnclamp,Fighter / Tank,Strength-based,36,11,30,8,38,2635,126,15
46,Cairnclamp,Fighter / Tank,Strength-based,37,12,31,8,38,2717,129,15
47,Cairnclamp,Fighter / Tank,Strength-based,38,12,31,9,39,2821,131,16
48,Cairnclamp,Fighter / Tank,Strength-based,38,12,32,10,40,2928,133,16
49,Cairnclamp,Fighter / Tank,Strength-based,39,12,32,11,41,3037,135,16
50,Cairnclamp,Fighter / Tank,Strength-based,40,12,33,11,41,3127,145,16
51,Cairnclamp,Fighter / Tank,Strength-based,41,13,33,11,42,3240,147,17
52,Cairnclamp,Fighter / Tank,Strength-based,41,14,34,11,43,3356,149,17
53,Cairnclamp,Fighter / Tank,Strength-based,42,14,35,11,43,3450,152,17
54,Cairnclamp,Fighter / Tank,Strength-based,43,15,35,11,44,3572,155,17
55,Cairnclamp,Fighter / Tank,Strength-based,43,15,36,11,45,3696,156,18
56,Cairnclamp,Fighter / Tank,Strength-based,44,16,36,11,46,3820,159,18
57,Cairnclamp,Fighter / Tank,Strength-based,45,17,37,11,46,3923,161,18
58,Cairnclamp,Fighter / Tank,Strength-based,46,17,37,12,47,4054,164,19
59,Cairnclamp,Fighter / Tank,Strength-based,46,18,38,12,48,4188,166,19
60,Cairnclamp,Fighter / Tank,Strength-based,47,18,39,13,48,4294,168,19
61,Cairnclamp,Fighter / Tank,Strength-based,48,19,39,13,49,4434,171,19
62,Cairnclamp,Fighter / Tank,Strength-based,48,20,40,13,50,4575,173,20
63,Cairnclamp,Fighter / Tank,Strength-based,49,21,41,13,50,4687,176,20
64,Cairnclamp,Fighter / Tank,Strength-based,50,22,41,13,51,4833,187,20
65,Cairnclamp,Fighter / Tank,Strength-based,51,22,41,13,52,4982,190,21
66,Cairnclamp,Fighter / Tank,Strength-based,51,22,43,13,53,5134,191,21
67,Cairnclamp,Fighter / Tank,Strength-based,52,22,43,13,54,5289,194,21
68,Cairnclamp,Fighter / Tank,Strength-based,53,23,44,13,54,5413,196,21
69,Cairnclamp,Fighter / Tank,Strength-based,54,23,44,13,55,5573,199,22
70,Cairnclamp,Fighter / Tank,Strength-based,54,23,46,13,56,5736,201,22
71,Cairnclamp,Fighter / Tank,Strength-based,55,23,46,13,57,5903,204,22
72,Cairnclamp,Fighter / Tank,Strength-based,56,23,47,13,58,6071,207,23
73,Cairnclamp,Fighter / Tank,Strength-based,57,23,47,13,59,6245,209,23
74,Cairnclamp,Fighter / Tank,Strength-based,58,23,48,13,60,6420,212,23
75,Cairnclamp,Fighter / Tank,Strength-based,59,24,49,13,60,6558,214,23
76,Cairnclamp,Fighter / Tank,Strength-based,60,25,49,13,61,6739,228,24
77,Cairnclamp,Fighter / Tank,Strength-based,60,26,50,13,62,6923,230,24
78,Cairnclamp,Fighter / Tank,Strength-based,61,26,51,13,62,7068,233,24
79,Cairnclamp,Fighter / Tank,Strength-based,62,26,52,13,63,7258,235,25
80,Cairnclamp,Fighter / Tank,Strength-based,63,26,52,13,64,7452,238,25
81,Cairnclamp,Fighter / Tank,Strength-based,63,26,53,13,65,7647,239,25
82,Cairnclamp,Fighter / Tank,Strength-based,64,26,54,13,66,7848,242,25
83,Cairnclamp,Fighter / Tank,Strength-based,65,26,54,13,67,8051,244,26
84,Cairnclamp,Fighter / Tank,Strength-based,66,26,55,13,68,8258,248,26
85,Cairnclamp,Fighter / Tank,Strength-based,67,26,55,13,69,8468,250,26
86,Cairnclamp,Fighter / Tank,Strength-based,68,26,56,13,70,8681,253,27
87,Cairnclamp,Fighter / Tank,Strength-based,69,26,57,13,70,8846,256,27
88,Cairnclamp,Fighter / Tank,Strength-based,70,26,58,13,71,9066,271,27
89,Cairnclamp,Fighter / Tank,Strength-based,70,26,60,13,72,9289,274,27
90,Cairnclamp,Fighter / Tank,Strength-based,71,26,60,13,73,9516,276,28
91,Cairnclamp,Fighter / Tank,Strength-based,72,26,60,13,74,9747,279,28
92,Cairnclamp,Fighter / Tank,Strength-based,73,26,61,13,75,9982,281,28
93,Cairnclamp,Fighter / Tank,Strength-based,74,26,62,13,75,10160,284,29
94,Cairnclamp,Fighter / Tank,Strength-based,75,26,62,13,77,10460,286,29
95,Cairnclamp,Fighter / Tank,Strength-based,76,26,63,13,77,10644,289,29
96,Cairnclamp,Fighter / Tank,Strength-based,77,26,64,13,78,10891,291,29
97,Cairnclamp,Fighter / Tank,Strength-based,77,26,65,13,79,11142,294,30
98,Cairnclamp,Fighter / Tank,Strength-based,78,26,66,13,80,11399,296,30
99,Cairnclamp,Fighter / Tank,Strength-based,79,26,66,13,81,11658,299,30
100,Cairnclamp,Fighter / Tank,Strength-based,80,26,67,13,82,11921,317,31
1,Tideotter,Fighter / Supp,Strength-based,8,5,4,6,6,169,16,2
2,Tideotter,Fighter / Supp,Strength-based,8,5,4,7,6,186,17,2
3,Tideotter,Fighter / Supp,Strength-based,9,5,5,7,6,204,20,2
4,Tideotter,Fighter / Supp,Strength-based,9,6,5,7,6,223,22,2
5,Tideotter,Fighter / Supp,Strength-based,9,6,5,8,7,245,23,2
6,Tideotter,Fighter / Supp,Strength-based,10,6,6,8,7,265,26,2
7,Tideotter,Fighter / Supp,Strength-based,10,7,6,9,7,286,28,3
8,Tideotter,Fighter / Supp,Strength-based,11,7,6,9,8,312,30,3
9,Tideotter,Fighter / Supp,Strength-based,11,7,7,10,8,334,31,3
10,Tideotter,Fighter / Supp,Strength-based,12,7,7,10,8,359,34,3
11,Tideotter,Fighter / Supp,Strength-based,12,8,7,11,9,388,35,3
12,Tideotter,Fighter / Supp,Strength-based,13,8,7,11,10,416,37,3
13,Tideotter,Fighter / Supp,Strength-based,13,8,8,12,10,444,39,4
14,Tideotter,Fighter / Supp,Strength-based,14,9,8,12,10,471,41,4
15,Tideotter,Fighter / Supp,Strength-based,14,9,8,13,11,505,42,4
16,Tideotter,Fighter / Supp,Strength-based,14,11,9,13,11,535,44,4
17,Tideotter,Fighter / Supp,Strength-based,15,11,9,13,12,570,46,4
18,Tideotter,Fighter / Supp,Strength-based,15,11,10,14,12,602,48,4
19,Tideotter,Fighter / Supp,Strength-based,16,11,10,15,12,635,51,5
20,Tideotter,Fighter / Supp,Strength-based,17,11,10,15,13,673,53,5
21,Tideotter,Fighter / Supp,Strength-based,17,12,11,16,13,708,54,5
22,Tideotter,Fighter / Supp,Strength-based,18,12,11,16,14,750,57,5
23,Tideotter,Fighter / Supp,Strength-based,18,12,12,17,14,786,58,5
24,Tideotter,Fighter / Supp,Strength-based,19,13,12,17,15,831,60,5
25,Tideotter,Fighter / Supp,Strength-based,20,13,12,18,15,869,66,6
26,Tideotter,Fighter / Supp,Strength-based,20,14,13,19,15,908,67,6
27,Tideotter,Fighter / Supp,Strength-based,21,14,13,19,16,957,69,6
28,Tideotter,Fighter / Supp,Strength-based,22,15,13,20,16,998,72,6
29,Tideotter,Fighter / Supp,Strength-based,22,15,14,20,17,1050,73,6
30,Tideotter,Fighter / Supp,Strength-based,23,16,14,21,17,1093,75,6
31,Tideotter,Fighter / Supp,Strength-based,23,16,14,22,18,1148,77,7
32,Tideotter,Fighter / Supp,Strength-based,24,16,15,22,19,1203,80,7
33,Tideotter,Fighter / Supp,Strength-based,24,17,16,23,19,1250,81,7
34,Tideotter,Fighter / Supp,Strength-based,25,17,16,23,20,1309,84,7
35,Tideotter,Fighter / Supp,Strength-based,26,18,16,24,20,1358,86,7
36,Tideotter,Fighter / Supp,Strength-based,26,18,17,25,21,1420,87,8
37,Tideotter,Fighter / Supp,Strength-based,27,19,18,25,21,1471,90,8
38,Tideotter,Fighter / Supp,Strength-based,28,19,18,26,21,1523,92,8
39,Tideotter,Fighter / Supp,Strength-based,28,20,18,27,22,1589,93,8
40,Tideotter,Fighter / Supp,Strength-based,29,20,19,27,23,1658,96,8
41,Tideotter,Fighter / Supp,Strength-based,30,21,19,28,23,1713,103,8
42,Tideotter,Fighter / Supp,Strength-based,30,21,20,29,24,1785,105,9
43,Tideotter,Fighter / Supp,Strength-based,31,22,21,29,24,1843,108,9
44,Tideotter,Fighter / Supp,Strength-based,32,22,21,30,24,1902,110,9
45,Tideotter,Fighter / Supp,Strength-based,32,23,21,31,25,1978,111,9
46,Tideotter,Fighter / Supp,Strength-based,33,23,22,31,26,2056,114,9
47,Tideotter,Fighter / Supp,Strength-based,34,23,22,32,26,2119,116,9
48,Tideotter,Fighter / Supp,Strength-based,34,24,22,33,27,2200,117,10
49,Tideotter,Fighter / Supp,Strength-based,35,25,23,33,27,2265,120,10
50,Tideotter,Fighter / Supp,Strength-based,35,25,23,34,28,2350,121,10
51,Tideotter,Fighter / Supp,Strength-based,36,26,23,35,28,2417,123,10
52,Tideotter,Fighter / Supp,Strength-based,37,26,24,35,29,2506,126,10
53,Tideotter,Fighter / Supp,Strength-based,38,26,24,36,30,2596,128,10
54,Tideotter,Fighter / Supp,Strength-based,38,27,25,37,30,2667,130,11
55,Tideotter,Fighter / Supp,Strength-based,39,27,25,38,31,2761,133,11
56,Tideotter,Fighter / Supp,Strength-based,40,28,26,38,31,2836,142,11
57,Tideotter,Fighter / Supp,Strength-based,40,29,26,39,32,2933,143,11
58,Tideotter,Fighter / Supp,Strength-based,41,29,27,40,32,3010,146,11
59,Tideotter,Fighter / Supp,Strength-based,42,30,27,40,33,3110,148,11
60,Tideotter,Fighter / Supp,Strength-based,42,30,28,41,34,3214,149,12
61,Tideotter,Fighter / Supp,Strength-based,43,30,28,42,34,3296,152,12
62,Tideotter,Fighter / Supp,Strength-based,44,31,30,42,34,3378,155,12
63,Tideotter,Fighter / Supp,Strength-based,44,31,31,43,35,3487,156,12
64,Tideotter,Fighter / Supp,Strength-based,45,32,31,43,35,3570,159,12
65,Tideotter,Fighter / Supp,Strength-based,46,32,31,44,36,3684,161,12
66,Tideotter,Fighter / Supp,Strength-based,46,33,31,45,37,3799,162,13
67,Tideotter,Fighter / Supp,Strength-based,47,34,31,46,37,3888,165,13
68,Tideotter,Fighter / Supp,Strength-based,48,34,31,47,38,4006,167,13
69,Tideotter,Fighter / Supp,Strength-based,49,35,32,47,38,4098,169,13
70,Tideotter,Fighter / Supp,Strength-based,49,35,33,48,39,4221,171,13
71,Tideotter,Fighter / Supp,Strength-based,50,36,33,49,39,4315,182,14
72,Tideotter,Fighter / Supp,Strength-based,51,36,33,50,40,4442,184,14
73,Tideotter,Fighter / Supp,Strength-based,51,37,34,50,41,4572,186,14
74,Tideotter,Fighter / Supp,Strength-based,52,37,34,51,42,4704,188,14
75,Tideotter,Fighter / Supp,Strength-based,52,38,35,52,42,4805,190,14
76,Tideotter,Fighter / Supp,Strength-based,53,38,35,53,42,4907,193,14
77,Tideotter,Fighter / Supp,Strength-based,54,39,35,53,43,5045,195,15
78,Tideotter,Fighter / Supp,Strength-based,55,39,36,54,43,5149,197,15
79,Tideotter,Fighter / Supp,Strength-based,55,41,37,54,44,5292,199,15
80,Tideotter,Fighter / Supp,Strength-based,56,41,37,55,44,5400,201,15
81,Tideotter,Fighter / Supp,Strength-based,57,41,37,56,45,5546,203,15
82,Tideotter,Fighter / Supp,Strength-based,57,41,38,57,46,5695,205,15
83,Tideotter,Fighter / Supp,Strength-based,58,42,40,57,46,5807,208,16
84,Tideotter,Fighter / Supp,Strength-based,58,43,40,58,47,5962,209,16
85,Tideotter,Fighter / Supp,Strength-based,59,43,41,59,47,6076,212,16
86,Tideotter,Fighter / Supp,Strength-based,60,43,41,60,48,6235,225,16
87,Tideotter,Fighter / Supp,Strength-based,61,44,41,60,49,6396,227,16
88,Tideotter,Fighter / Supp,Strength-based,62,45,41,61,49,6517,230,16
89,Tideotter,Fighter / Supp,Strength-based,62,45,42,62,50,6682,231,17
90,Tideotter,Fighter / Supp,Strength-based,63,45,42,63,50,6805,233,17
91,Tideotter,Fighter / Supp,Strength-based,64,46,42,63,51,6976,236,17
92,Tideotter,Fighter / Supp,Strength-based,64,47,44,64,51,7103,237,17
93,Tideotter,Fighter / Supp,Strength-based,65,48,44,64,52,7277,239,17
94,Tideotter,Fighter / Supp,Strength-based,66,48,44,65,52,7406,242,17
95,Tideotter,Fighter / Supp,Strength-based,66,48,45,66,53,7587,244,18
96,Tideotter,Fighter / Supp,Strength-based,67,49,45,67,53,7720,246,18
97,Tideotter,Fighter / Supp,Strength-based,68,49,45,68,54,7904,249,18
98,Tideotter,Fighter / Supp,Strength-based,68,50,47,68,55,8092,250,18
99,Tideotter,Fighter / Supp,Strength-based,69,51,47,69,55,8230,252,18
100,Tideotter,Fighter / Supp,Strength-based,70,51,47,70,56,8424,268,19
1,Veilora,DPS / Supp,Int-Based,1,6,4,9,9,158,4,1
2,Veilora,DPS / Supp,Int-Based,1,6,4,10,9,170,4,1
3,Veilora,DPS / Supp,Int-Based,1,6,4,11,10,185,4,1
4,Veilora,DPS / Supp,Int-Based,1,6,4,12,10,200,4,1
5,Veilora,DPS / Supp,Int-Based,1,6,4,13,10,214,5,1
6,Veilora,DPS / Supp,Int-Based,1,6,4,14,10,229,5,1
7,Veilora,DPS / Supp,Int-Based,1,6,4,15,11,247,5,1
8,Veilora,DPS / Supp,Int-Based,1,6,4,16,11,265,5,1
9,Veilora,DPS / Supp,Int-Based,1,7,4,16,12,284,6,1
10,Veilora,DPS / Supp,Int-Based,1,7,4,17,12,302,6,2
11,Veilora,DPS / Supp,Int-Based,1,7,4,18,13,324,6,2
12,Veilora,DPS / Supp,Int-Based,1,8,4,19,13,343,6,2
13,Veilora,DPS / Supp,Int-Based,1,8,5,19,14,367,8,2
14,Veilora,DPS / Supp,Int-Based,1,9,5,20,14,387,8,2
15,Veilora,DPS / Supp,Int-Based,1,9,6,21,14,409,8,2
16,Veilora,DPS / Supp,Int-Based,1,9,6,21,16,439,8,2
17,Veilora,DPS / Supp,Int-Based,1,10,6,22,16,462,9,2
18,Veilora,DPS / Supp,Int-Based,1,11,6,23,16,486,9,2
19,Veilora,DPS / Supp,Int-Based,1,11,6,23,18,519,9,3
20,Veilora,DPS / Supp,Int-Based,1,11,7,24,18,545,9,3
21,Veilora,DPS / Supp,Int-Based,1,11,7,25,19,575,10,3
22,Veilora,DPS / Supp,Int-Based,1,11,7,26,20,607,10,3
23,Veilora,DPS / Supp,Int-Based,1,11,7,27,21,641,10,3
24,Veilora,DPS / Supp,Int-Based,1,12,7,28,21,669,10,3
25,Veilora,DPS / Supp,Int-Based,1,13,7,29,21,699,11,3
26,Veilora,DPS / Supp,Int-Based,1,13,7,30,22,735,11,3
27,Veilora,DPS / Supp,Int-Based,1,13,7,31,23,772,11,3
28,Veilora,DPS / Supp,Int-Based,1,13,7,31,25,817,11,4
29,Veilora,DPS / Supp,Int-Based,1,14,7,32,25,850,12,4
30,Veilora,DPS / Supp,Int-Based,1,15,7,33,25,883,12,4
31,Veilora,DPS / Supp,Int-Based,1,15,7,34,26,926,12,4
32,Veilora,DPS / Supp,Int-Based,1,15,7,35,27,969,12,4
33,Veilora,DPS / Supp,Int-Based,1,15,7,36,28,1013,13,4
34,Veilora,DPS / Supp,Int-Based,1,15,7,37,29,1059,13,4
35,Veilora,DPS / Supp,Int-Based,1,15,7,38,30,1106,13,4
36,Veilora,DPS / Supp,Int-Based,1,15,7,39,31,1154,13,4
37,Veilora,DPS / Supp,Int-Based,1,15,7,40,32,1203,14,5
38,Veilora,DPS / Supp,Int-Based,1,15,7,41,33,1254,14,5
39,Veilora,DPS / Supp,Int-Based,1,15,7,42,34,1306,14,5
40,Veilora,DPS / Supp,Int-Based,1,16,7,43,34,1350,14,5
41,Veilora,DPS / Supp,Int-Based,1,16,7,44,35,1405,15,5
42,Veilora,DPS / Supp,Int-Based,1,16,7,45,36,1460,15,5
43,Veilora,DPS / Supp,Int-Based,1,16,7,46,37,1517,15,5
44,Veilora,DPS / Supp,Int-Based,1,18,7,47,37,1565,15,5
45,Veilora,DPS / Supp,Int-Based,1,18,7,48,38,1625,16,5
46,Veilora,DPS / Supp,Int-Based,1,18,7,49,39,1687,16,6
47,Veilora,DPS / Supp,Int-Based,1,18,8,50,40,1750,16,6
48,Veilora,DPS / Supp,Int-Based,1,20,8,50,41,1814,16,6
49,Veilora,DPS / Supp,Int-Based,1,20,8,51,42,1880,17,6
50,Veilora,DPS / Supp,Int-Based,1,20,8,52,43,1947,17,6
51,Veilora,DPS / Supp,Int-Based,1,21,9,53,43,2002,17,6
52,Veilora,DPS / Supp,Int-Based,1,21,9,54,44,2072,17,6
53,Veilora,DPS / Supp,Int-Based,1,21,9,55,45,2144,18,6
54,Veilora,DPS / Supp,Int-Based,1,22,10,56,45,2202,19,6
55,Veilora,DPS / Supp,Int-Based,1,22,10,57,46,2277,19,7
56,Veilora,DPS / Supp,Int-Based,1,24,10,57,47,2353,19,7
57,Veilora,DPS / Supp,Int-Based,1,24,11,58,48,2430,20,7
58,Veilora,DPS / Supp,Int-Based,1,24,11,59,49,2510,20,7
59,Veilora,DPS / Supp,Int-Based,1,24,11,60,50,2590,20,7
60,Veilora,DPS / Supp,Int-Based,1,24,12,61,51,2674,20,7
61,Veilora,DPS / Supp,Int-Based,1,25,13,62,51,2740,21,7
62,Veilora,DPS / Supp,Int-Based,1,25,13,63,52,2825,21,7
63,Veilora,DPS / Supp,Int-Based,1,25,13,64,53,2913,21,7
64,Veilora,DPS / Supp,Int-Based,1,26,14,65,53,2983,21,8
65,Veilora,DPS / Supp,Int-Based,1,28,14,65,54,3073,22,8
66,Veilora,DPS / Supp,Int-Based,1,28,14,66,55,3165,22,8
67,Veilora,DPS / Supp,Int-Based,1,28,14,67,56,3258,22,8
68,Veilora,DPS / Supp,Int-Based,1,28,15,68,57,3355,23,8
69,Veilora,DPS / Supp,Int-Based,1,30,15,69,57,3430,24,8
70,Veilora,DPS / Supp,Int-Based,1,30,15,70,58,3529,24,8
71,Veilora,DPS / Supp,Int-Based,1,30,16,71,59,3629,24,8
72,Veilora,DPS / Supp,Int-Based,1,30,16,72,60,3732,24,8
73,Veilora,DPS / Supp,Int-Based,1,32,16,72,61,3836,25,9
74,Veilora,DPS / Supp,Int-Based,1,32,16,73,62,3943,25,9
75,Veilora,DPS / Supp,Int-Based,1,32,16,75,62,4027,25,9
76,Veilora,DPS / Supp,Int-Based,1,32,16,76,63,4136,25,9
77,Veilora,DPS / Supp,Int-Based,1,34,16,76,64,4247,26,9
78,Veilora,DPS / Supp,Int-Based,1,34,17,77,65,4362,26,9
79,Veilora,DPS / Supp,Int-Based,1,34,17,78,66,4477,26,9
80,Veilora,DPS / Supp,Int-Based,1,34,17,79,67,4594,26,9
81,Veilora,DPS / Supp,Int-Based,1,36,17,80,67,4686,27,9
82,Veilora,DPS / Supp,Int-Based,1,36,18,81,68,4806,27,10
83,Veilora,DPS / Supp,Int-Based,1,36,18,82,69,4929,27,10
84,Veilora,DPS / Supp,Int-Based,1,36,19,83,70,5055,27,10
85,Veilora,DPS / Supp,Int-Based,1,36,19,84,71,5183,28,10
86,Veilora,DPS / Supp,Int-Based,1,38,19,84,72,5311,28,10
87,Veilora,DPS / Supp,Int-Based,1,38,19,86,72,5411,28,10
88,Veilora,DPS / Supp,Int-Based,1,38,19,87,73,5544,28,10
89,Veilora,DPS / Supp,Int-Based,1,39,19,87,75,5712,29,10
90,Veilora,DPS / Supp,Int-Based,1,41,19,88,75,5815,29,10
91,Veilora,DPS / Supp,Int-Based,1,41,19,89,76,5954,29,11
92,Veilora,DPS / Supp,Int-Based,1,41,19,90,77,6095,29,11
93,Veilora,DPS / Supp,Int-Based,1,42,19,91,78,6238,30,11
94,Veilora,DPS / Supp,Int-Based,1,42,19,92,79,6384,30,11
95,Veilora,DPS / Supp,Int-Based,1,42,19,93,80,6534,30,11
96,Veilora,DPS / Supp,Int-Based,1,44,19,94,80,6645,30,11
97,Veilora,DPS / Supp,Int-Based,1,44,19,95,81,6798,31,11
98,Veilora,DPS / Supp,Int-Based,1,44,19,96,82,6952,31,11
99,Veilora,DPS / Supp,Int-Based,1,44,19,97,83,7107,31,11
100,Veilora,DPS / Supp,Int-Based,1,45,19,98,84,7268,32,12
1,Ashbasilisk,DPS,Strength-based,9,4,8,2,6,148,18,2
2,Ashbasilisk,DPS,Strength-based,10,4,8,2,6,162,21,2
3,Ashbasilisk,DPS,Strength-based,11,5,8,2,6,177,24,2
4,Ashbasilisk,DPS,Strength-based,12,5,8,2,6,191,27,2
5,Ashbasilisk,DPS,Strength-based,13,5,8,2,6,207,30,2
6,Ashbasilisk,DPS,Strength-based,13,5,9,2,7,226,31,2
7,Ashbasilisk,DPS,Strength-based,14,5,9,2,7,243,34,2
8,Ashbasilisk,DPS,Strength-based,15,5,10,2,7,262,38,3
9,Ashbasilisk,DPS,Strength-based,15,5,11,2,8,282,40,3
10,Ashbasilisk,DPS,Strength-based,16,5,11,2,8,302,43,3
11,Ashbasilisk,DPS,Strength-based,17,6,11,2,8,322,45,3
12,Ashbasilisk,DPS,Strength-based,17,6,12,2,9,346,47,3
13,Ashbasilisk,DPS,Strength-based,18,7,12,2,9,368,50,3
14,Ashbasilisk,DPS,Strength-based,19,7,13,2,9,391,53,4
15,Ashbasilisk,DPS,Strength-based,20,7,13,2,10,418,59,4
16,Ashbasilisk,DPS,Strength-based,21,8,13,2,10,442,61,4
17,Ashbasilisk,DPS,Strength-based,21,9,14,2,11,470,63,4
18,Ashbasilisk,DPS,Strength-based,22,10,14,2,11,496,66,4
19,Ashbasilisk,DPS,Strength-based,22,10,15,2,12,526,69,4
20,Ashbasilisk,DPS,Strength-based,23,10,15,3,12,554,71,5
21,Ashbasilisk,DPS,Strength-based,24,10,16,3,12,581,74,5
22,Ashbasilisk,DPS,Strength-based,25,10,16,3,13,615,77,5
23,Ashbasilisk,DPS,Strength-based,25,11,17,4,13,645,79,5
24,Ashbasilisk,DPS,Strength-based,26,11,17,4,14,680,82,5
25,Ashbasilisk,DPS,Strength-based,27,11,18,4,14,712,84,5
26,Ashbasilisk,DPS,Strength-based,27,12,19,5,14,743,86,6
27,Ashbasilisk,DPS,Strength-based,28,12,19,5,15,783,89,6
28,Ashbasilisk,DPS,Strength-based,29,12,20,6,15,816,93,6
29,Ashbasilisk,DPS,Strength-based,30,12,20,6,16,857,101,6
30,Ashbasilisk,DPS,Strength-based,30,13,21,6,17,900,102,6
31,Ashbasilisk,DPS,Strength-based,31,13,22,6,17,937,105,6
32,Ashbasilisk,DPS,Strength-based,32,14,22,7,17,973,108,7
33,Ashbasilisk,DPS,Strength-based,33,14,22,7,18,1019,111,7
34,Ashbasilisk,DPS,Strength-based,33,15,23,7,19,1067,113,7
35,Ashbasilisk,DPS,Strength-based,34,15,24,7,19,1106,115,7
36,Ashbasilisk,DPS,Strength-based,35,16,24,8,19,1147,118,7
37,Ashbasilisk,DPS,Strength-based,36,16,24,8,20,1198,121,7
38,Ashbasilisk,DPS,Strength-based,37,16,25,8,21,1251,125,7
39,Ashbasilisk,DPS,Strength-based,37,18,26,8,21,1293,126,8
40,Ashbasilisk,DPS,Strength-based,38,18,26,8,22,1349,129,8
41,Ashbasilisk,DPS,Strength-based,39,19,27,8,22,1394,132,8
42,Ashbasilisk,DPS,Strength-based,40,19,28,8,22,1439,142,8
43,Ashbasilisk,DPS,Strength-based,41,19,29,8,23,1498,145,8
44,Ashbasilisk,DPS,Strength-based,42,20,29,8,23,1546,147,8
45,Ashbasilisk,DPS,Strength-based,42,21,30,8,24,1608,150,9
46,Ashbasilisk,DPS,Strength-based,43,21,31,8,25,1671,153,9
47,Ashbasilisk,DPS,Strength-based,44,22,31,8,25,1721,156,9
48,Ashbasilisk,DPS,Strength-based,45,23,31,8,26,1786,159,9
49,Ashbasilisk,DPS,Strength-based,46,23,32,8,26,1839,161,9
50,Ashbasilisk,DPS,Strength-based,47,23,32,8,27,1908,164,9
51,Ashbasilisk,DPS,Strength-based,48,23,33,8,28,1978,167,10
52,Ashbasilisk,DPS,Strength-based,48,24,34,8,29,2049,169,10
53,Ashbasilisk,DPS,Strength-based,49,24,35,8,29,2106,172,10
54,Ashbasilisk,DPS,Strength-based,51,25,35,8,29,2164,185,10
55,Ashbasilisk,DPS,Strength-based,51,26,36,8,30,2241,187,10
56,Ashbasilisk,DPS,Strength-based,52,26,36,8,31,2318,190,10
57,Ashbasilisk,DPS,Strength-based,53,27,37,8,31,2380,193,11
58,Ashbasilisk,DPS,Strength-based,53,28,38,8,32,2460,194,11
59,Ashbasilisk,DPS,Strength-based,55,28,38,8,32,2523,198,11
60,Ashbasilisk,DPS,Strength-based,55,29,39,8,33,2606,200,11
61,Ashbasilisk,DPS,Strength-based,56,30,40,8,33,2671,204,11
62,Ashbasilisk,DPS,Strength-based,57,30,40,8,34,2759,207,11
63,Ashbasilisk,DPS,Strength-based,58,30,41,8,35,2847,209,12
64,Ashbasilisk,DPS,Strength-based,59,31,41,8,36,2937,212,12
65,Ashbasilisk,DPS,Strength-based,60,31,42,8,36,3008,226,12
66,Ashbasilisk,DPS,Strength-based,61,32,43,8,36,3079,229,12
67,Ashbasilisk,DPS,Strength-based,61,33,44,8,37,3174,231,12
68,Ashbasilisk,DPS,Strength-based,62,33,44,8,38,3270,233,12
69,Ashbasilisk,DPS,Strength-based,63,34,45,8,38,3345,237,12
70,Ashbasilisk,DPS,Strength-based,64,34,45,8,39,3445,240,13
71,Ashbasilisk,DPS,Strength-based,65,35,46,8,39,3522,243,13
72,Ashbasilisk,DPS,Strength-based,65,36,47,8,40,3626,244,13
73,Ashbasilisk,DPS,Strength-based,66,36,48,8,41,3730,247,13
74,Ashbasilisk,DPS,Strength-based,68,36,48,8,41,3811,251,13
75,Ashbasilisk,DPS,Strength-based,68,37,49,8,42,3920,253,13
76,Ashbasilisk,DPS,Strength-based,69,38,50,8,42,4002,257,14
77,Ashbasilisk,DPS,Strength-based,70,38,50,8,43,4115,272,14
78,Ashbasilisk,DPS,Strength-based,71,39,51,8,43,4199,275,14
79,Ashbasilisk,DPS,Strength-based,72,40,51,8,44,4315,278,14
80,Ashbasilisk,DPS,Strength-based,72,41,52,8,45,4434,280,14
81,Ashbasilisk,DPS,Strength-based,73,41,53,8,45,4522,283,14
82,Ashbasilisk,DPS,Strength-based,74,41,54,8,46,4644,285,15
83,Ashbasilisk,DPS,Strength-based,75,42,54,8,46,4736,288,15
84,Ashbasilisk,DPS,Strength-based,76,42,55,8,47,4861,292,15
85,Ashbasilisk,DPS,Strength-based,77,43,55,8,48,4989,295,15
86,Ashbasilisk,DPS,Strength-based,78,43,56,8,48,5083,297,15
87,Ashbasilisk,DPS,Strength-based,79,44,56,8,49,5215,300,15
88,Ashbasilisk,DPS,Strength-based,80,44,57,8,50,5347,318,16
89,Ashbasilisk,DPS,Strength-based,80,45,58,8,51,5484,320,16
90,Ashbasilisk,DPS,Strength-based,81,46,59,8,51,5583,323,16
91,Ashbasilisk,DPS,Strength-based,82,46,59,8,52,5724,325,16
92,Ashbasilisk,DPS,Strength-based,83,47,60,8,52,5827,329,16
93,Ashbasilisk,DPS,Strength-based,84,48,60,8,53,5970,332,16
94,Ashbasilisk,DPS,Strength-based,85,48,61,8,53,6077,335,17
95,Ashbasilisk,DPS,Strength-based,85,49,62,8,54,6223,337,17
96,Ashbasilisk,DPS,Strength-based,86,50,62,8,55,6373,339,17
97,Ashbasilisk,DPS,Strength-based,87,51,63,8,55,6483,342,17
98,Ashbasilisk,DPS,Strength-based,88,51,63,8,56,6636,345,17
99,Ashbasilisk,DPS,Strength-based,89,52,64,8,56,6750,348,17
100,Ashbasilisk,DPS,Strength-based,90,52,65,8,57,6908,369,18
1,Slagbud,Tank,Strength-based,8,3,6,3,9,207,17,4
2,Slagbud,Tank,Strength-based,8,3,6,3,10,233,18,4
3,Slagbud,Tank,Strength-based,9,3,6,3,11,260,20,4
4,Slagbud,Tank,Strength-based,9,3,6,3,12,290,21,4
5,Slagbud,Tank,Strength-based,9,3,6,3,13,320,22,5
6,Slagbud,Tank,Strength-based,9,3,6,3,14,353,23,5
7,Slagbud,Tank,Strength-based,10,3,6,3,15,387,26,5
8,Slagbud,Tank,Strength-based,11,3,7,3,15,419,28,5
9,Slagbud,Tank,Strength-based,11,3,7,3,16,457,30,6
10,Slagbud,Tank,Strength-based,11,3,8,3,17,497,31,6
11,Slagbud,Tank,Strength-based,11,3,9,3,18,538,32,6
12,Slagbud,Tank,Strength-based,12,3,10,3,18,575,35,7
13,Slagbud,Tank,Strength-based,12,3,10,4,19,619,36,7
14,Slagbud,Tank,Strength-based,12,3,11,4,20,666,37,7
15,Slagbud,Tank,Strength-based,13,4,11,4,20,709,39,7
16,Slagbud,Tank,Strength-based,14,4,11,4,21,758,41,8
17,Slagbud,Tank,Strength-based,14,4,11,5,22,810,43,8
18,Slagbud,Tank,Strength-based,14,5,11,5,23,864,44,8
19,Slagbud,Tank,Strength-based,16,5,11,5,23,912,47,9
20,Slagbud,Tank,Strength-based,16,5,11,6,24,969,48,9
21,Slagbud,Tank,Strength-based,16,5,12,6,25,1030,49,9
22,Slagbud,Tank,Strength-based,17,5,12,6,26,1091,51,9
23,Slagbud,Tank,Strength-based,17,5,13,6,27,1154,52,10
24,Slagbud,Tank,Strength-based,18,5,13,6,28,1221,55,10
25,Slagbud,Tank,Strength-based,19,5,13,6,29,1288,57,10
26,Slagbud,Tank,Strength-based,19,5,14,6,30,1359,58,11
27,Slagbud,Tank,Strength-based,20,6,14,6,31,1431,63,11
28,Slagbud,Tank,Strength-based,21,6,15,7,31,1494,66,11
29,Slagbud,Tank,Strength-based,21,6,16,7,32,1572,67,11
30,Slagbud,Tank,Strength-based,21,6,17,7,33,1650,68,12
31,Slagbud,Tank,Strength-based,22,6,17,7,34,1732,70,12
32,Slagbud,Tank,Strength-based,23,6,17,7,35,1815,73,12
33,Slagbud,Tank,Strength-based,24,6,17,7,36,1902,75,13
34,Slagbud,Tank,Strength-based,24,6,18,7,37,1991,76,13
35,Slagbud,Tank,Strength-based,25,6,18,7,38,2082,78,13
36,Slagbud,Tank,Strength-based,26,6,20,7,38,2161,81,13
37,Slagbud,Tank,Strength-based,26,6,20,7,40,2272,82,14
38,Slagbud,Tank,Strength-based,27,7,20,7,41,2371,84,14
39,Slagbud,Tank,Strength-based,28,7,21,8,41,2454,86,14
40,Slagbud,Tank,Strength-based,29,7,21,8,42,2558,89,15
41,Slagbud,Tank,Strength-based,29,8,22,8,43,2665,90,15
42,Slagbud,Tank,Strength-based,30,8,22,8,44,2773,97,15
43,Slagbud,Tank,Strength-based,31,8,22,9,45,2885,99,15
44,Slagbud,Tank,Strength-based,31,8,23,9,46,3000,100,16
45,Slagbud,Tank,Strength-based,32,8,23,9,47,3117,102,16
46,Slagbud,Tank,Strength-based,32,9,24,9,48,3236,103,16
47,Slagbud,Tank,Strength-based,33,9,24,10,49,3359,106,17
48,Slagbud,Tank,Strength-based,34,10,25,10,49,3462,109,17
49,Slagbud,Tank,Strength-based,34,10,26,11,50,3591,110,17
50,Slagbud,Tank,Strength-based,35,11,26,11,51,3720,112,17
51,Slagbud,Tank,Strength-based,35,11,27,11,52,3854,113,18
52,Slagbud,Tank,Strength-based,36,11,27,12,53,3991,115,18
53,Slagbud,Tank,Strength-based,37,11,27,12,54,4131,117,18
54,Slagbud,Tank,Strength-based,37,12,28,12,55,4274,118,18
55,Slagbud,Tank,Strength-based,38,12,30,12,55,4392,122,19
56,Slagbud,Tank,Strength-based,39,12,30,12,56,4541,124,19
57,Slagbud,Tank,Strength-based,40,12,31,12,57,4692,133,19
58,Slagbud,Tank,Strength-based,40,12,31,12,59,4876,134,20
59,Slagbud,Tank,Strength-based,41,12,31,12,60,5035,136,20
60,Slagbud,Tank,Strength-based,42,12,31,13,61,5197,138,20
61,Slagbud,Tank,Strength-based,42,12,32,13,62,5362,139,20
62,Slagbud,Tank,Strength-based,44,12,33,13,62,5496,143,21
63,Slagbud,Tank,Strength-based,44,12,34,13,63,5667,144,21
64,Slagbud,Tank,Strength-based,45,13,34,13,64,5841,146,21
65,Slagbud,Tank,Strength-based,45,13,35,13,65,6019,148,22
66,Slagbud,Tank,Strength-based,46,13,35,14,66,6200,150,22
67,Slagbud,Tank,Strength-based,47,14,35,14,67,6386,152,22
68,Slagbud,Tank,Strength-based,47,14,36,15,68,6573,153,22
69,Slagbud,Tank,Strength-based,48,14,36,15,69,6765,155,23
70,Slagbud,Tank,Strength-based,48,14,38,15,70,6959,157,23
71,Slagbud,Tank,Strength-based,49,15,38,15,71,7158,159,23
72,Slagbud,Tank,Strength-based,50,15,38,15,72,7359,170,24
73,Slagbud,Tank,Strength-based,51,15,38,16,73,7565,172,24
74,Slagbud,Tank,Strength-based,51,16,39,16,74,7774,173,24
75,Slagbud,Tank,Strength-based,52,16,41,16,74,7943,176,24
76,Slagbud,Tank,Strength-based,53,16,41,17,75,8158,178,25
77,Slagbud,Tank,Strength-based,53,16,41,17,77,8425,179,25
78,Slagbud,Tank,Strength-based,54,16,41,17,78,8649,182,25
79,Slagbud,Tank,Strength-based,55,16,43,17,78,8828,184,26
80,Slagbud,Tank,Strength-based,55,16,43,17,80,9109,185,26
81,Slagbud,Tank,Strength-based,56,17,43,17,81,9345,187,26
82,Slagbud,Tank,Strength-based,58,17,44,17,81,9531,190,26
83,Slagbud,Tank,Strength-based,58,17,45,18,82,9775,192,27
84,Slagbud,Tank,Strength-based,59,17,45,18,83,10021,194,27
85,Slagbud,Tank,Strength-based,59,17,45,18,85,10326,196,27
86,Slagbud,Tank,Strength-based,61,17,46,18,85,10526,210,28
87,Slagbud,Tank,Strength-based,61,17,47,19,86,10784,211,28
88,Slagbud,Tank,Strength-based,62,18,47,19,87,11047,213,28
89,Slagbud,Tank,Strength-based,62,18,48,20,88,11313,214,28
90,Slagbud,Tank,Strength-based,63,19,48,20,89,11583,216,29
91,Slagbud,Tank,Strength-based,63,19,50,20,90,11859,218,29
92,Slagbud,Tank,Strength-based,64,19,50,21,91,12138,220,29
93,Slagbud,Tank,Strength-based,65,19,50,21,92,12422,223,30
94,Slagbud,Tank,Strength-based,65,21,51,21,93,12709,224,30
95,Slagbud,Tank,Strength-based,66,21,51,21,94,13001,226,30
96,Slagbud,Tank,Strength-based,67,21,51,22,95,13297,228,30
97,Slagbud,Tank,Strength-based,67,21,52,22,96,13598,229,31
98,Slagbud,Tank,Strength-based,68,21,53,22,97,13902,231,31
99,Slagbud,Tank,Strength-based,69,21,53,22,98,14212,233,31
100,Slagbud,Tank,Strength-based,70,21,54,22,99,14527,249,32
1,Cinderempress,Fighter,Int-Based,1,6,4,9,9,179,4,3
2,Cinderempress,Fighter,Int-Based,1,6,4,10,9,197,4,3
3,Cinderempress,Fighter,Int-Based,1,6,4,11,10,218,4,3
4,Cinderempress,Fighter,Int-Based,1,6,4,12,10,238,4,3
5,Cinderempress,Fighter,Int-Based,1,6,4,13,10,260,5,3
6,Cinderempress,Fighter,Int-Based,1,7,4,13,11,285,5,4
7,Cinderempress,Fighter,Int-Based,1,7,4,14,11,307,5,4
8,Cinderempress,Fighter,Int-Based,1,8,4,15,11,331,6,4
9,Cinderempress,Fighter,Int-Based,1,8,4,15,12,359,6,4
10,Cinderempress,Fighter,Int-Based,1,9,4,16,12,385,6,4
11,Cinderempress,Fighter,Int-Based,1,9,5,16,13,415,8,5
12,Cinderempress,Fighter,Int-Based,1,10,5,17,13,444,8,5
13,Cinderempress,Fighter,Int-Based,1,11,5,18,13,472,8,5
14,Cinderempress,Fighter,Int-Based,1,11,6,18,14,506,9,5
15,Cinderempress,Fighter,Int-Based,1,11,7,19,14,536,9,5
16,Cinderempress,Fighter,Int-Based,1,11,7,20,15,573,9,6
17,Cinderempress,Fighter,Int-Based,1,11,7,21,16,611,10,6
18,Cinderempress,Fighter,Int-Based,1,11,7,21,18,657,10,6
19,Cinderempress,Fighter,Int-Based,1,11,8,22,18,692,10,6
20,Cinderempress,Fighter,Int-Based,1,11,9,23,18,729,11,7
21,Cinderempress,Fighter,Int-Based,1,11,9,24,19,772,11,7
22,Cinderempress,Fighter,Int-Based,1,11,9,25,20,818,11,7
23,Cinderempress,Fighter,Int-Based,1,11,9,26,21,865,12,7
24,Cinderempress,Fighter,Int-Based,1,12,9,27,21,906,12,7
25,Cinderempress,Fighter,Int-Based,1,13,9,27,22,955,12,8
26,Cinderempress,Fighter,Int-Based,1,13,9,28,23,1007,13,8
27,Cinderempress,Fighter,Int-Based,1,13,9,29,24,1060,13,8
28,Cinderempress,Fighter,Int-Based,1,13,9,31,24,1106,13,8
29,Cinderempress,Fighter,Int-Based,1,14,9,31,25,1162,14,8
30,Cinderempress,Fighter,Int-Based,1,14,9,32,26,1220,14,9
31,Cinderempress,Fighter,Int-Based,1,14,9,33,27,1280,14,9
32,Cinderempress,Fighter,Int-Based,1,15,9,34,27,1330,15,9
33,Cinderempress,Fighter,Int-Based,1,17,9,34,28,1393,15,9
34,Cinderempress,Fighter,Int-Based,1,17,9,35,29,1458,15,10
35,Cinderempress,Fighter,Int-Based,1,17,9,36,30,1524,15,10
36,Cinderempress,Fighter,Int-Based,1,17,9,37,31,1592,16,10
37,Cinderempress,Fighter,Int-Based,1,19,9,38,31,1650,16,10
38,Cinderempress,Fighter,Int-Based,1,19,9,39,32,1722,16,10
39,Cinderempress,Fighter,Int-Based,1,19,9,40,33,1796,17,11
40,Cinderempress,Fighter,Int-Based,1,20,10,41,33,1858,18,11
41,Cinderempress,Fighter,Int-Based,1,20,10,42,34,1934,18,11
42,Cinderempress,Fighter,Int-Based,1,21,11,42,35,2014,19,11
43,Cinderempress,Fighter,Int-Based,1,21,11,43,36,2095,19,11
44,Cinderempress,Fighter,Int-Based,1,22,11,44,36,2162,19,12
45,Cinderempress,Fighter,Int-Based,1,22,11,45,37,2248,20,12
46,Cinderempress,Fighter,Int-Based,1,22,12,46,38,2334,20,12
47,Cinderempress,Fighter,Int-Based,1,23,12,47,38,2405,20,12
48,Cinderempress,Fighter,Int-Based,1,24,12,47,40,2514,21,12
49,Cinderempress,Fighter,Int-Based,1,24,12,49,40,2588,21,13
50,Cinderempress,Fighter,Int-Based,1,25,13,49,41,2684,21,13
51,Cinderempress,Fighter,Int-Based,1,25,13,50,42,2780,22,13
52,Cinderempress,Fighter,Int-Based,1,27,13,51,42,2859,22,13
53,Cinderempress,Fighter,Int-Based,1,27,13,52,43,2961,22,14
54,Cinderempress,Fighter,Int-Based,1,27,13,53,44,3064,23,14
55,Cinderempress,Fighter,Int-Based,1,28,13,54,44,3147,23,14
56,Cinderempress,Fighter,Int-Based,1,28,14,55,45,3255,23,14
57,Cinderempress,Fighter,Int-Based,1,30,14,55,46,3363,24,14
58,Cinderempress,Fighter,Int-Based,1,30,14,56,47,3475,24,15
59,Cinderempress,Fighter,Int-Based,1,30,14,57,48,3590,24,15
60,Cinderempress,Fighter,Int-Based,1,32,14,58,48,3680,25,15
61,Cinderempress,Fighter,Int-Based,1,32,14,59,49,3799,25,15
62,Cinderempress,Fighter,Int-Based,1,32,15,60,50,3921,26,15
63,Cinderempress,Fighter,Int-Based,1,32,16,61,51,4043,27,16
64,Cinderempress,Fighter,Int-Based,1,33,16,62,51,4141,27,16
65,Cinderempress,Fighter,Int-Based,1,35,16,62,52,4269,27,16
66,Cinderempress,Fighter,Int-Based,1,35,16,63,53,4398,28,16
67,Cinderempress,Fighter,Int-Based,1,35,16,64,54,4530,28,17
68,Cinderempress,Fighter,Int-Based,1,37,16,65,54,4635,28,17
69,Cinderempress,Fighter,Int-Based,1,37,16,66,55,4772,28,17
70,Cinderempress,Fighter,Int-Based,1,37,16,67,56,4912,29,17
71,Cinderempress,Fighter,Int-Based,1,37,17,68,57,5053,29,17
72,Cinderempress,Fighter,Int-Based,1,39,17,69,57,5166,29,18
73,Cinderempress,Fighter,Int-Based,1,39,17,70,58,5313,30,18
74,Cinderempress,Fighter,Int-Based,1,39,17,71,59,5461,30,18
75,Cinderempress,Fighter,Int-Based,1,40,17,72,60,5614,30,18
76,Cinderempress,Fighter,Int-Based,1,42,17,72,61,5768,31,18
77,Cinderempress,Fighter,Int-Based,1,42,17,74,61,5889,31,19
78,Cinderempress,Fighter,Int-Based,1,42,17,75,62,6049,31,19
79,Cinderempress,Fighter,Int-Based,1,43,17,75,63,6211,32,19
80,Cinderempress,Fighter,Int-Based,1,44,17,76,64,6376,32,19
81,Cinderempress,Fighter,Int-Based,1,44,17,77,65,6543,32,19
82,Cinderempress,Fighter,Int-Based,1,46,17,78,65,6674,33,20
83,Cinderempress,Fighter,Int-Based,1,46,17,79,66,6847,33,20
84,Cinderempress,Fighter,Int-Based,1,46,17,80,67,7024,33,20
85,Cinderempress,Fighter,Int-Based,1,47,17,81,68,7202,34,20
86,Cinderempress,Fighter,Int-Based,1,47,17,82,69,7383,34,21
87,Cinderempress,Fighter,Int-Based,1,49,17,83,69,7523,34,21
88,Cinderempress,Fighter,Int-Based,1,49,17,84,70,7709,35,21
89,Cinderempress,Fighter,Int-Based,1,49,17,85,71,7900,35,21
90,Cinderempress,Fighter,Int-Based,1,51,17,85,72,8092,35,21
91,Cinderempress,Fighter,Int-Based,1,51,17,86,73,8288,36,22
92,Cinderempress,Fighter,Int-Based,1,52,17,87,74,8487,36,22
93,Cinderempress,Fighter,Int-Based,1,52,17,89,74,8639,36,22
94,Cinderempress,Fighter,Int-Based,1,53,17,89,75,8844,37,22
95,Cinderempress,Fighter,Int-Based,1,54,17,90,76,9051,37,22
96,Cinderempress,Fighter,Int-Based,1,54,17,91,77,9260,37,23
97,Cinderempress,Fighter,Int-Based,1,56,17,92,77,9421,38,23
98,Cinderempress,Fighter,Int-Based,1,56,17,93,78,9636,38,23
99,Cinderempress,Fighter,Int-Based,1,56,17,94,79,9857,38,23
100,Cinderempress,Fighter,Int-Based,1,57,17,95,80,10080,39,24
1,Ashskate,DPS,Int-Based,1,9,3,9,7,149,4,1
2,Ashskate,DPS,Int-Based,1,9,3,10,7,160,4,1
3,Ashskate,DPS,Int-Based,1,9,4,11,7,171,4,1
4,Ashskate,DPS,Int-Based,1,9,4,12,7,182,4,1
5,Ashskate,DPS,Int-Based,1,9,4,13,7,195,4,1
6,Ashskate,DPS,Int-Based,1,9,4,14,7,208,5,1
7,Ashskate,DPS,Int-Based,1,10,4,15,7,221,5,1
8,Ashskate,DPS,Int-Based,1,10,4,16,7,235,5,1
9,Ashskate,DPS,Int-Based,1,11,4,17,7,249,5,1
10,Ashskate,DPS,Int-Based,1,11,4,18,7,264,6,1
11,Ashskate,DPS,Int-Based,1,11,4,19,8,282,6,1
12,Ashskate,DPS,Int-Based,1,12,4,20,8,298,6,1
13,Ashskate,DPS,Int-Based,1,12,4,21,9,318,6,1
14,Ashskate,DPS,Int-Based,1,12,4,22,9,334,7,2
15,Ashskate,DPS,Int-Based,1,13,4,22,10,355,7,2
16,Ashskate,DPS,Int-Based,1,14,4,23,10,374,7,2
17,Ashskate,DPS,Int-Based,1,14,4,24,11,396,7,2
18,Ashskate,DPS,Int-Based,1,14,5,25,11,416,8,2
19,Ashskate,DPS,Int-Based,1,16,5,25,11,436,9,2
20,Ashskate,DPS,Int-Based,1,16,6,26,11,456,9,2
21,Ashskate,DPS,Int-Based,1,16,6,27,12,481,9,2
22,Ashskate,DPS,Int-Based,1,17,6,28,12,504,9,2
23,Ashskate,DPS,Int-Based,1,18,6,29,12,526,10,2
24,Ashskate,DPS,Int-Based,1,18,6,30,13,553,10,2
25,Ashskate,DPS,Int-Based,1,19,6,31,13,577,10,2
26,Ashskate,DPS,Int-Based,1,20,7,31,14,606,10,3
27,Ashskate,DPS,Int-Based,1,21,7,32,14,631,11,3
28,Ashskate,DPS,Int-Based,1,21,7,33,15,662,11,3
29,Ashskate,DPS,Int-Based,1,21,7,34,16,694,11,3
30,Ashskate,DPS,Int-Based,1,23,7,34,16,721,11,3
31,Ashskate,DPS,Int-Based,1,23,7,35,17,754,11,3
32,Ashskate,DPS,Int-Based,1,24,7,36,17,782,12,3
33,Ashskate,DPS,Int-Based,1,25,7,37,17,811,12,3
34,Ashskate,DPS,Int-Based,1,25,8,38,18,848,12,3
35,Ashskate,DPS,Int-Based,1,26,8,39,18,879,12,3
36,Ashskate,DPS,Int-Based,1,26,9,40,19,916,13,3
37,Ashskate,DPS,Int-Based,1,27,9,41,19,948,13,3
38,Ashskate,DPS,Int-Based,1,29,9,41,20,988,13,3
39,Ashskate,DPS,Int-Based,1,29,9,42,21,1029,13,4
40,Ashskate,DPS,Int-Based,1,30,9,43,21,1063,14,4
41,Ashskate,DPS,Int-Based,1,30,10,44,22,1106,15,4
42,Ashskate,DPS,Int-Based,1,31,10,45,22,1141,15,4
43,Ashskate,DPS,Int-Based,1,32,10,46,22,1177,15,4
44,Ashskate,DPS,Int-Based,1,32,11,47,23,1223,15,4
45,Ashskate,DPS,Int-Based,1,33,11,48,23,1260,16,4
46,Ashskate,DPS,Int-Based,1,34,11,49,23,1298,16,4
47,Ashskate,DPS,Int-Based,1,34,12,50,24,1347,16,4
48,Ashskate,DPS,Int-Based,1,35,13,50,25,1397,16,4
49,Ashskate,DPS,Int-Based,1,36,13,51,25,1437,17,4
50,Ashskate,DPS,Int-Based,1,37,13,52,25,1478,17,4
51,Ashskate,DPS,Int-Based,1,37,14,53,26,1532,17,5
52,Ashskate,DPS,Int-Based,1,38,14,54,26,1573,17,5
53,Ashskate,DPS,Int-Based,1,39,14,54,28,1642,18,5
54,Ashskate,DPS,Int-Based,1,40,14,55,28,1685,18,5
55,Ashskate,DPS,Int-Based,1,41,15,56,28,1730,19,5
56,Ashskate,DPS,Int-Based,1,41,16,57,29,1789,19,5
57,Ashskate,DPS,Int-Based,1,42,16,58,29,1835,20,5
58,Ashskate,DPS,Int-Based,1,42,16,59,31,1911,20,5
59,Ashskate,DPS,Int-Based,1,43,16,60,31,1959,20,5
60,Ashskate,DPS,Int-Based,1,44,16,61,31,2008,20,5
61,Ashskate,DPS,Int-Based,1,45,17,62,31,2056,20,5
62,Ashskate,DPS,Int-Based,1,46,18,62,32,2122,21,5
63,Ashskate,DPS,Int-Based,1,46,18,64,32,2174,21,6
64,Ashskate,DPS,Int-Based,1,47,19,64,33,2242,21,6
65,Ashskate,DPS,Int-Based,1,48,19,65,33,2294,21,6
66,Ashskate,DPS,Int-Based,1,49,19,66,33,2347,22,6
67,Ashskate,DPS,Int-Based,1,50,19,67,34,2420,22,6
68,Ashskate,DPS,Int-Based,1,50,19,68,35,2493,22,6
69,Ashskate,DPS,Int-Based,1,51,19,69,36,2567,22,6
70,Ashskate,DPS,Int-Based,1,52,19,70,36,2624,23,6
71,Ashskate,DPS,Int-Based,1,53,19,71,36,2681,23,6
72,Ashskate,DPS,Int-Based,1,54,19,72,37,2760,23,6
73,Ashskate,DPS,Int-Based,1,54,19,73,38,2840,23,6
74,Ashskate,DPS,Int-Based,1,55,19,74,38,2899,23,6
75,Ashskate,DPS,Int-Based,1,56,19,75,39,2982,24,6
76,Ashskate,DPS,Int-Based,1,57,19,75,41,3087,24,7
77,Ashskate,DPS,Int-Based,1,58,19,76,41,3151,24,7
78,Ashskate,DPS,Int-Based,1,59,19,77,41,3216,24,7
79,Ashskate,DPS,Int-Based,1,60,19,78,42,3304,25,7
80,Ashskate,DPS,Int-Based,1,61,19,79,42,3369,25,7
81,Ashskate,DPS,Int-Based,1,61,19,80,44,3484,25,7
82,Ashskate,DPS,Int-Based,1,62,19,81,44,3552,25,7
83,Ashskate,DPS,Int-Based,1,63,19,82,44,3621,26,7
84,Ashskate,DPS,Int-Based,1,64,19,83,44,3690,26,7
85,Ashskate,DPS,Int-Based,1,65,19,84,45,3787,26,7
86,Ashskate,DPS,Int-Based,1,66,19,85,45,3858,26,7
87,Ashskate,DPS,Int-Based,1,66,19,86,47,3985,26,7
88,Ashskate,DPS,Int-Based,1,67,19,87,47,4058,27,8
89,Ashskate,DPS,Int-Based,1,68,19,88,47,4133,27,8
90,Ashskate,DPS,Int-Based,1,69,19,89,48,4237,27,8
91,Ashskate,DPS,Int-Based,1,70,19,89,50,4372,27,8
92,Ashskate,DPS,Int-Based,1,71,19,90,50,4450,28,8
93,Ashskate,DPS,Int-Based,1,72,19,91,51,4558,28,8
94,Ashskate,DPS,Int-Based,1,73,19,92,51,4638,28,8
95,Ashskate,DPS,Int-Based,1,74,19,93,51,4718,28,8
96,Ashskate,DPS,Int-Based,1,74,19,94,52,4832,29,8
97,Ashskate,DPS,Int-Based,1,75,19,95,53,4948,29,8
98,Ashskate,DPS,Int-Based,1,76,19,96,53,5030,29,8
99,Ashskate,DPS,Int-Based,1,77,19,97,53,5116,29,8
100,Ashskate,DPS,Int-Based,1,78,19,98,54,5236,30,9
1,Ribwhirl,Fighter,Int-Based,1,9,3,9,7,176,4,3
2,Ribwhirl,Fighter,Int-Based,1,9,3,10,7,193,4,3
3,Ribwhirl,Fighter,Int-Based,1,10,3,11,7,211,4,3
4,Ribwhirl,Fighter,Int-Based,1,11,3,11,7,230,5,3
5,Ribwhirl,Fighter,Int-Based,1,11,3,12,7,250,5,3
6,Ribwhirl,Fighter,Int-Based,1,11,3,13,8,273,5,4
7,Ribwhirl,Fighter,Int-Based,1,12,3,13,8,294,6,4
8,Ribwhirl,Fighter,Int-Based,1,12,3,14,9,320,6,4
9,Ribwhirl,Fighter,Int-Based,1,13,3,14,9,343,6,4
10,Ribwhirl,Fighter,Int-Based,1,13,3,15,10,371,7,4
11,Ribwhirl,Fighter,Int-Based,1,14,3,15,11,400,7,5
12,Ribwhirl,Fighter,Int-Based,1,14,4,16,11,426,7,5
13,Ribwhirl,Fighter,Int-Based,1,15,5,16,11,453,9,5
14,Ribwhirl,Fighter,Int-Based,1,15,6,17,11,481,9,5
15,Ribwhirl,Fighter,Int-Based,1,16,7,17,11,510,9,5
16,Ribwhirl,Fighter,Int-Based,1,16,7,19,11,540,10,6
17,Ribwhirl,Fighter,Int-Based,1,17,7,20,11,570,10,6
18,Ribwhirl,Fighter,Int-Based,1,18,7,21,11,601,10,6
19,Ribwhirl,Fighter,Int-Based,1,19,7,21,12,639,11,6
20,Ribwhirl,Fighter,Int-Based,1,20,7,21,13,679,11,7
21,Ribwhirl,Fighter,Int-Based,1,21,7,22,13,713,11,7
22,Ribwhirl,Fighter,Int-Based,1,21,7,23,14,755,12,7
23,Ribwhirl,Fighter,Int-Based,1,21,7,24,15,798,12,7
24,Ribwhirl,Fighter,Int-Based,1,22,7,24,16,843,12,7
25,Ribwhirl,Fighter,Int-Based,1,22,7,25,17,890,13,8
26,Ribwhirl,Fighter,Int-Based,1,23,7,26,17,930,13,8
27,Ribwhirl,Fighter,Int-Based,1,24,7,27,17,971,13,8
28,Ribwhirl,Fighter,Int-Based,1,25,7,28,17,1012,14,8
29,Ribwhirl,Fighter,Int-Based,1,26,7,29,17,1055,14,8
30,Ribwhirl,Fighter,Int-Based,1,27,7,30,17,1098,14,9
31,Ribwhirl,Fighter,Int-Based,1,28,8,30,18,1152,15,9
32,Ribwhirl,Fighter,Int-Based,1,28,9,31,19,1209,15,9
33,Ribwhirl,Fighter,Int-Based,1,29,9,32,19,1255,15,9
34,Ribwhirl,Fighter,Int-Based,1,30,10,32,20,1314,17,10
35,Ribwhirl,Fighter,Int-Based,1,31,10,33,20,1363,17,10
36,Ribwhirl,Fighter,Int-Based,1,31,11,34,21,1425,17,10
37,Ribwhirl,Fighter,Int-Based,1,32,11,35,21,1476,18,10
38,Ribwhirl,Fighter,Int-Based,1,33,11,36,21,1528,18,10
39,Ribwhirl,Fighter,Int-Based,1,33,11,37,22,1594,18,11
40,Ribwhirl,Fighter,Int-Based,1,34,11,37,23,1662,19,11
41,Ribwhirl,Fighter,Int-Based,1,35,12,38,23,1718,19,11
42,Ribwhirl,Fighter,Int-Based,1,36,12,39,23,1774,19,11
43,Ribwhirl,Fighter,Int-Based,1,36,13,40,24,1847,20,11
44,Ribwhirl,Fighter,Int-Based,1,37,13,41,24,1907,20,12
45,Ribwhirl,Fighter,Int-Based,1,38,14,41,25,1982,20,12
46,Ribwhirl,Fighter,Int-Based,1,39,14,42,25,2043,21,12
47,Ribwhirl,Fighter,Int-Based,1,39,14,43,26,2123,21,12
48,Ribwhirl,Fighter,Int-Based,1,40,14,44,27,2204,21,12
49,Ribwhirl,Fighter,Int-Based,1,41,14,45,27,2269,22,13
50,Ribwhirl,Fighter,Int-Based,1,42,14,45,28,2355,22,13
51,Ribwhirl,Fighter,Int-Based,1,43,14,46,29,2440,22,13
52,Ribwhirl,Fighter,Int-Based,1,43,14,48,29,2510,23,13
53,Ribwhirl,Fighter,Int-Based,1,44,14,48,31,2620,23,14
54,Ribwhirl,Fighter,Int-Based,1,45,14,49,31,2693,23,14
55,Ribwhirl,Fighter,Int-Based,1,46,14,50,31,2765,24,14
56,Ribwhirl,Fighter,Int-Based,1,47,14,51,31,2840,24,14
57,Ribwhirl,Fighter,Int-Based,1,48,14,52,32,2937,24,14
58,Ribwhirl,Fighter,Int-Based,1,48,14,53,33,3036,25,15
59,Ribwhirl,Fighter,Int-Based,1,49,14,54,33,3114,25,15
60,Ribwhirl,Fighter,Int-Based,1,51,14,54,34,3218,25,15
61,Ribwhirl,Fighter,Int-Based,1,51,14,55,35,3323,26,15
62,Ribwhirl,Fighter,Int-Based,1,52,14,56,35,3406,26,15
63,Ribwhirl,Fighter,Int-Based,1,53,14,57,36,3515,26,16
64,Ribwhirl,Fighter,Int-Based,1,54,14,58,36,3601,27,16
65,Ribwhirl,Fighter,Int-Based,1,54,14,59,37,3714,27,16
66,Ribwhirl,Fighter,Int-Based,1,55,14,60,38,3829,27,16
67,Ribwhirl,Fighter,Int-Based,1,56,14,61,38,3919,28,17
68,Ribwhirl,Fighter,Int-Based,1,56,14,62,40,4068,28,17
69,Ribwhirl,Fighter,Int-Based,1,57,14,63,40,4160,28,17
70,Ribwhirl,Fighter,Int-Based,1,58,14,64,40,4254,29,17
71,Ribwhirl,Fighter,Int-Based,1,59,14,65,41,4380,29,17
72,Ribwhirl,Fighter,Int-Based,1,60,14,65,42,4509,29,18
73,Ribwhirl,Fighter,Int-Based,1,61,14,66,43,4640,30,18
74,Ribwhirl,Fighter,Int-Based,1,62,14,67,43,4740,30,18
75,Ribwhirl,Fighter,Int-Based,1,63,14,68,43,4841,30,18
76,Ribwhirl,Fighter,Int-Based,1,63,14,69,45,5012,31,18
77,Ribwhirl,Fighter,Int-Based,1,64,14,70,45,5118,31,19
78,Ribwhirl,Fighter,Int-Based,1,65,14,71,45,5224,31,19
79,Ribwhirl,Fighter,Int-Based,1,66,14,72,45,5331,32,19
80,Ribwhirl,Fighter,Int-Based,1,67,14,73,46,5476,32,19
81,Ribwhirl,Fighter,Int-Based,1,68,14,73,47,5624,32,19
82,Ribwhirl,Fighter,Int-Based,1,69,14,74,48,5776,33,20
83,Ribwhirl,Fighter,Int-Based,1,70,14,75,48,5888,33,20
84,Ribwhirl,Fighter,Int-Based,1,70,14,76,50,6085,33,20
85,Ribwhirl,Fighter,Int-Based,1,71,14,77,50,6202,34,20
86,Ribwhirl,Fighter,Int-Based,1,72,14,78,50,6321,34,21
87,Ribwhirl,Fighter,Int-Based,1,73,14,79,51,6483,34,21
88,Ribwhirl,Fighter,Int-Based,1,74,14,80,51,6606,35,21
89,Ribwhirl,Fighter,Int-Based,1,74,14,81,53,6817,35,21
90,Ribwhirl,Fighter,Int-Based,1,75,14,82,53,6943,35,21
91,Ribwhirl,Fighter,Int-Based,1,76,14,83,53,7070,36,22
92,Ribwhirl,Fighter,Int-Based,1,77,14,83,55,7291,36,22
93,Ribwhirl,Fighter,Int-Based,1,78,14,84,55,7422,36,22
94,Ribwhirl,Fighter,Int-Based,1,79,14,85,55,7554,37,22
95,Ribwhirl,Fighter,Int-Based,1,80,14,86,56,7736,37,22
96,Ribwhirl,Fighter,Int-Based,1,81,14,87,56,7871,37,23
97,Ribwhirl,Fighter,Int-Based,1,81,14,88,58,8110,38,23
98,Ribwhirl,Fighter,Int-Based,1,82,14,89,58,8249,38,23
99,Ribwhirl,Fighter,Int-Based,1,83,14,90,58,8389,38,23
100,Ribwhirl,Fighter,Int-Based,1,84,14,91,59,8586,39,24
1,Ferncoil,DPS,Dex-Based,1,9,9,3,7,149,17,1
2,Ferncoil,DPS,Dex-Based,1,9,10,3,7,161,20,1
3,Ferncoil,DPS,Dex-Based,1,10,11,3,7,174,23,1
4,Ferncoil,DPS,Dex-Based,1,10,12,3,7,188,25,1
5,Ferncoil,DPS,Dex-Based,1,10,13,3,7,202,28,1
6,Ferncoil,DPS,Dex-Based,1,10,14,3,7,217,30,1
7,Ferncoil,DPS,Dex-Based,1,11,15,3,7,233,33,1
8,Ferncoil,DPS,Dex-Based,1,11,16,3,7,248,36,1
9,Ferncoil,DPS,Dex-Based,1,12,16,3,8,267,37,2
10,Ferncoil,DPS,Dex-Based,1,12,17,3,8,285,40,2
11,Ferncoil,DPS,Dex-Based,1,13,18,3,8,302,42,2
12,Ferncoil,DPS,Dex-Based,1,14,18,3,9,323,44,2
13,Ferncoil,DPS,Dex-Based,1,14,19,3,10,346,47,2
14,Ferncoil,DPS,Dex-Based,1,14,20,3,11,369,52,2
15,Ferncoil,DPS,Dex-Based,1,15,20,4,11,390,54,2
16,Ferncoil,DPS,Dex-Based,1,16,21,4,11,411,56,3
17,Ferncoil,DPS,Dex-Based,1,16,22,5,11,434,59,3
18,Ferncoil,DPS,Dex-Based,1,17,22,5,12,460,60,3
19,Ferncoil,DPS,Dex-Based,1,17,23,6,12,483,63,3
20,Ferncoil,DPS,Dex-Based,1,19,23,6,12,507,65,3
21,Ferncoil,DPS,Dex-Based,1,20,24,6,12,532,67,3
22,Ferncoil,DPS,Dex-Based,1,20,25,6,13,561,70,3
23,Ferncoil,DPS,Dex-Based,1,21,26,6,13,587,72,4
24,Ferncoil,DPS,Dex-Based,1,21,27,6,14,620,75,4
25,Ferncoil,DPS,Dex-Based,1,22,27,6,15,653,77,4
26,Ferncoil,DPS,Dex-Based,1,23,28,6,15,680,79,4
27,Ferncoil,DPS,Dex-Based,1,24,29,6,15,709,82,4
28,Ferncoil,DPS,Dex-Based,1,24,30,6,16,745,89,4
29,Ferncoil,DPS,Dex-Based,1,25,31,6,16,776,92,4
30,Ferncoil,DPS,Dex-Based,1,26,32,6,16,807,94,5
31,Ferncoil,DPS,Dex-Based,1,27,32,7,17,845,96,5
32,Ferncoil,DPS,Dex-Based,1,27,33,7,18,886,99,5
33,Ferncoil,DPS,Dex-Based,1,28,34,7,18,919,101,5
34,Ferncoil,DPS,Dex-Based,1,29,35,7,18,953,104,5
35,Ferncoil,DPS,Dex-Based,1,30,35,7,20,1004,105,5
36,Ferncoil,DPS,Dex-Based,1,31,36,7,20,1040,108,5
37,Ferncoil,DPS,Dex-Based,1,32,37,7,20,1077,111,6
38,Ferncoil,DPS,Dex-Based,1,32,38,8,21,1124,113,6
39,Ferncoil,DPS,Dex-Based,1,33,39,8,21,1161,116,6
40,Ferncoil,DPS,Dex-Based,1,34,39,9,22,1210,117,6
41,Ferncoil,DPS,Dex-Based,1,35,40,9,22,1250,127,6
42,Ferncoil,DPS,Dex-Based,1,35,41,10,23,1301,130,6
43,Ferncoil,DPS,Dex-Based,1,36,42,10,23,1343,132,6
44,Ferncoil,DPS,Dex-Based,1,37,43,10,23,1384,135,7
45,Ferncoil,DPS,Dex-Based,1,38,43,11,24,1439,136,7
46,Ferncoil,DPS,Dex-Based,1,39,44,11,24,1483,139,7
47,Ferncoil,DPS,Dex-Based,1,39,45,11,26,1552,141,7
48,Ferncoil,DPS,Dex-Based,1,40,46,11,26,1597,144,7
49,Ferncoil,DPS,Dex-Based,1,41,47,11,26,1644,147,7
50,Ferncoil,DPS,Dex-Based,1,42,47,11,28,1719,148,7
51,Ferncoil,DPS,Dex-Based,1,43,48,11,28,1767,151,8
52,Ferncoil,DPS,Dex-Based,1,44,49,11,28,1816,153,8
53,Ferncoil,DPS,Dex-Based,1,45,50,11,28,1866,165,8
54,Ferncoil,DPS,Dex-Based,1,46,51,11,29,1932,168,8
55,Ferncoil,DPS,Dex-Based,1,46,52,11,30,1999,170,8
56,Ferncoil,DPS,Dex-Based,1,47,53,11,30,2052,173,8
57,Ferncoil,DPS,Dex-Based,1,48,54,11,31,2122,175,8
58,Ferncoil,DPS,Dex-Based,1,49,54,11,32,2192,177,9
59,Ferncoil,DPS,Dex-Based,1,50,55,11,32,2249,179,9
60,Ferncoil,DPS,Dex-Based,1,51,56,11,33,2323,182,9
61,Ferncoil,DPS,Dex-Based,1,52,57,11,33,2380,185,9
62,Ferncoil,DPS,Dex-Based,1,53,58,11,33,2439,187,9
63,Ferncoil,DPS,Dex-Based,1,53,59,11,35,2535,190,9
64,Ferncoil,DPS,Dex-Based,1,54,60,11,35,2596,203,9
65,Ferncoil,DPS,Dex-Based,1,55,61,11,35,2658,206,10
66,Ferncoil,DPS,Dex-Based,1,56,61,11,37,2760,208,10
67,Ferncoil,DPS,Dex-Based,1,57,62,11,37,2823,210,10
68,Ferncoil,DPS,Dex-Based,1,58,63,11,37,2887,213,10
69,Ferncoil,DPS,Dex-Based,1,60,63,11,38,2975,214,10
70,Ferncoil,DPS,Dex-Based,1,60,65,11,38,3041,218,10
71,Ferncoil,DPS,Dex-Based,1,61,65,11,40,3154,220,10
72,Ferncoil,DPS,Dex-Based,1,62,66,11,40,3222,222,11
73,Ferncoil,DPS,Dex-Based,1,63,67,11,40,3292,225,11
74,Ferncoil,DPS,Dex-Based,1,63,68,11,42,3410,227,11
75,Ferncoil,DPS,Dex-Based,1,64,69,11,42,3483,230,11
76,Ferncoil,DPS,Dex-Based,1,65,70,11,42,3557,245,11
77,Ferncoil,DPS,Dex-Based,1,66,71,11,42,3630,248,11
78,Ferncoil,DPS,Dex-Based,1,67,72,11,43,3730,251,11
79,Ferncoil,DPS,Dex-Based,1,68,72,11,44,3833,252,12
80,Ferncoil,DPS,Dex-Based,1,69,73,11,44,3911,255,12
81,Ferncoil,DPS,Dex-Based,1,70,74,11,45,4016,257,12
82,Ferncoil,DPS,Dex-Based,1,71,75,11,45,4094,260,12
83,Ferncoil,DPS,Dex-Based,1,72,75,11,47,4232,262,12
84,Ferncoil,DPS,Dex-Based,1,73,76,11,47,4314,264,12
85,Ferncoil,DPS,Dex-Based,1,74,77,11,47,4396,267,12
86,Ferncoil,DPS,Dex-Based,1,75,78,11,47,4480,269,13
87,Ferncoil,DPS,Dex-Based,1,76,79,11,48,4596,272,13
88,Ferncoil,DPS,Dex-Based,1,76,80,11,50,4744,289,13
89,Ferncoil,DPS,Dex-Based,1,77,81,11,50,4833,292,13
90,Ferncoil,DPS,Dex-Based,1,79,81,11,50,4921,294,13
91,Ferncoil,DPS,Dex-Based,1,80,82,11,51,5043,296,13
92,Ferncoil,DPS,Dex-Based,1,81,83,11,51,5134,299,13
93,Ferncoil,DPS,Dex-Based,1,81,84,11,52,5260,301,14
94,Ferncoil,DPS,Dex-Based,1,82,85,11,53,5388,304,14
95,Ferncoil,DPS,Dex-Based,1,83,86,11,53,5481,307,14
96,Ferncoil,DPS,Dex-Based,1,84,86,11,54,5614,308,14
97,Ferncoil,DPS,Dex-Based,1,85,87,11,55,5747,311,14
98,Ferncoil,DPS,Dex-Based,1,86,88,11,55,5845,313,14
99,Ferncoil,DPS,Dex-Based,1,87,89,11,55,5944,316,14
100,Ferncoil,DPS,Dex-Based,1,88,90,11,56,6084,336,15
1,Ironback,Tank,Strength-based,8,2,7,3,9,207,17,4
2,Ironback,Tank,Strength-based,8,2,7,3,10,233,18,4
3,Ironback,Tank,Strength-based,9,2,7,3,11,261,20,4
4,Ironback,Tank,Strength-based,9,2,7,3,12,291,21,5
5,Ironback,Tank,Strength-based,9,2,7,3,13,323,22,5
6,Ironback,Tank,Strength-based,9,2,7,3,14,355,23,5
7,Ironback,Tank,Strength-based,10,2,7,3,15,391,26,6
8,Ironback,Tank,Strength-based,10,2,7,3,16,428,27,6
9,Ironback,Tank,Strength-based,11,2,8,3,16,462,29,6
10,Ironback,Tank,Strength-based,11,2,9,3,17,503,30,7
11,Ironback,Tank,Strength-based,11,2,10,3,18,543,32,7
12,Ironback,Tank,Strength-based,12,3,10,3,18,582,34,7
13,Ironback,Tank,Strength-based,12,3,11,3,19,628,35,8
14,Ironback,Tank,Strength-based,12,3,11,4,20,675,37,8
15,Ironback,Tank,Strength-based,13,4,11,4,20,718,39,8
16,Ironback,Tank,Strength-based,14,4,11,4,21,769,41,9
17,Ironback,Tank,Strength-based,14,4,11,5,22,822,42,9
18,Ironback,Tank,Strength-based,14,5,11,5,23,876,43,9
19,Ironback,Tank,Strength-based,15,5,12,5,23,927,45,10
20,Ironback,Tank,Strength-based,15,5,12,6,24,985,46,10
21,Ironback,Tank,Strength-based,16,5,12,6,25,1046,48,10
22,Ironback,Tank,Strength-based,16,5,13,6,26,1108,49,11
23,Ironback,Tank,Strength-based,17,5,13,6,27,1173,51,11
24,Ironback,Tank,Strength-based,18,5,14,6,27,1231,53,11
25,Ironback,Tank,Strength-based,19,5,14,6,28,1300,55,12
26,Ironback,Tank,Strength-based,19,6,15,6,29,1372,58,12
27,Ironback,Tank,Strength-based,20,6,15,6,30,1445,63,12
28,Ironback,Tank,Strength-based,20,6,16,7,31,1522,64,13
29,Ironback,Tank,Strength-based,21,6,16,7,32,1599,66,13
30,Ironback,Tank,Strength-based,21,6,17,7,33,1681,67,13
31,Ironback,Tank,Strength-based,22,7,18,7,33,1750,69,14
32,Ironback,Tank,Strength-based,23,7,18,7,34,1835,71,14
33,Ironback,Tank,Strength-based,23,7,19,7,35,1922,72,14
34,Ironback,Tank,Strength-based,24,7,19,7,36,2012,74,15
35,Ironback,Tank,Strength-based,24,7,20,8,37,2105,76,15
36,Ironback,Tank,Strength-based,25,7,20,8,38,2201,78,16
37,Ironback,Tank,Strength-based,25,8,21,8,39,2299,79,16
38,Ironback,Tank,Strength-based,26,8,21,9,40,2398,81,16
39,Ironback,Tank,Strength-based,27,8,21,9,41,2501,84,17
40,Ironback,Tank,Strength-based,28,9,22,9,41,2588,86,17
41,Ironback,Tank,Strength-based,28,9,23,10,42,2696,87,17
42,Ironback,Tank,Strength-based,29,9,23,10,43,2807,89,18
43,Ironback,Tank,Strength-based,30,10,23,10,44,2920,96,18
44,Ironback,Tank,Strength-based,30,10,24,10,45,3036,97,18
45,Ironback,Tank,Strength-based,31,10,24,11,46,3155,99,19
46,Ironback,Tank,Strength-based,31,11,25,11,47,3278,101,19
47,Ironback,Tank,Strength-based,32,11,26,12,47,3379,103,19
48,Ironback,Tank,Strength-based,33,11,26,12,48,3506,105,20
49,Ironback,Tank,Strength-based,33,12,27,12,49,3635,106,20
50,Ironback,Tank,Strength-based,34,12,27,12,50,3768,108,20
51,Ironback,Tank,Strength-based,34,12,29,12,51,3904,110,21
52,Ironback,Tank,Strength-based,35,12,29,12,52,4043,112,21
53,Ironback,Tank,Strength-based,36,12,29,12,53,4186,114,21
54,Ironback,Tank,Strength-based,36,12,31,12,54,4330,116,22
55,Ironback,Tank,Strength-based,37,12,31,12,55,4479,118,22
56,Ironback,Tank,Strength-based,38,12,31,13,56,4630,120,22
57,Ironback,Tank,Strength-based,39,12,31,13,57,4785,122,23
58,Ironback,Tank,Strength-based,39,13,32,13,58,4942,123,23
59,Ironback,Tank,Strength-based,40,13,32,14,59,5103,132,23
60,Ironback,Tank,Strength-based,41,14,33,14,59,5234,134,24
61,Ironback,Tank,Strength-based,41,14,33,14,61,5435,135,24
62,Ironback,Tank,Strength-based,42,14,35,14,61,5572,138,24
63,Ironback,Tank,Strength-based,43,14,35,14,62,5746,141,25
64,Ironback,Tank,Strength-based,44,14,35,15,63,5923,143,25
65,Ironback,Tank,Strength-based,44,14,36,15,64,6102,144,25
66,Ironback,Tank,Strength-based,45,15,36,15,65,6286,146,26
67,Ironback,Tank,Strength-based,45,15,37,16,66,6474,147,26
68,Ironback,Tank,Strength-based,46,16,37,16,67,6664,149,27
69,Ironback,Tank,Strength-based,46,16,38,17,68,6859,150,27
70,Ironback,Tank,Strength-based,47,16,38,17,69,7057,152,27
71,Ironback,Tank,Strength-based,48,16,39,17,70,7259,154,28
72,Ironback,Tank,Strength-based,49,16,41,17,70,7420,157,28
73,Ironback,Tank,Strength-based,50,16,41,18,71,7630,168,28
74,Ironback,Tank,Strength-based,50,16,41,18,73,7887,169,29
75,Ironback,Tank,Strength-based,51,16,42,18,73,8056,171,29
76,Ironback,Tank,Strength-based,52,16,43,18,74,8275,174,29
77,Ironback,Tank,Strength-based,52,16,43,18,76,8546,175,30
78,Ironback,Tank,Strength-based,53,16,43,18,77,8775,177,30
79,Ironback,Tank,Strength-based,54,16,45,18,77,8956,180,30
80,Ironback,Tank,Strength-based,54,16,45,18,79,9243,181,31
81,Ironback,Tank,Strength-based,55,16,45,18,80,9482,183,31
82,Ironback,Tank,Strength-based,56,16,46,18,81,9726,185,31
83,Ironback,Tank,Strength-based,58,16,47,18,81,9918,188,32
84,Ironback,Tank,Strength-based,58,16,47,18,83,10226,189,32
85,Ironback,Tank,Strength-based,58,16,48,18,84,10480,190,32
86,Ironback,Tank,Strength-based,59,16,49,18,85,10741,192,33
87,Ironback,Tank,Strength-based,60,16,49,18,86,11003,205,33
88,Ironback,Tank,Strength-based,61,16,50,18,87,11272,209,33
89,Ironback,Tank,Strength-based,61,16,51,18,88,11545,210,34
90,Ironback,Tank,Strength-based,62,16,51,18,89,11821,212,34
91,Ironback,Tank,Strength-based,63,16,52,18,90,12103,214,34
92,Ironback,Tank,Strength-based,64,16,52,18,91,12386,216,35
93,Ironback,Tank,Strength-based,65,16,53,18,92,12675,218,35
94,Ironback,Tank,Strength-based,65,16,54,18,93,12969,219,35
95,Ironback,Tank,Strength-based,66,16,54,18,94,13267,221,36
96,Ironback,Tank,Strength-based,67,16,55,18,95,13570,224,36
97,Ironback,Tank,Strength-based,67,16,56,18,96,13876,225,36
98,Ironback,Tank,Strength-based,68,16,57,18,97,14187,227,37
99,Ironback,Tank,Strength-based,69,16,57,18,98,14503,229,37
100,Ironback,Tank,Strength-based,70,16,58,18,99,14825,245,38
1,Moltencoil,Fighter,Dex-Based,1,7,9,3,9,179,17,3
2,Moltencoil,Fighter,Dex-Based,1,7,10,3,9,197,20,3
3,Moltencoil,Fighter,Dex-Based,1,7,11,3,10,218,23,3
4,Moltencoil,Fighter,Dex-Based,1,7,12,3,10,238,25,3
5,Moltencoil,Fighter,Dex-Based,1,7,12,3,11,263,27,3
6,Moltencoil,Fighter,Dex-Based,1,8,13,3,11,285,29,4
7,Moltencoil,Fighter,Dex-Based,1,8,14,3,11,307,32,4
8,Moltencoil,Fighter,Dex-Based,1,9,14,3,12,334,33,4
9,Moltencoil,Fighter,Dex-Based,1,9,15,3,12,359,36,4
10,Moltencoil,Fighter,Dex-Based,1,10,15,3,13,388,37,4
11,Moltencoil,Fighter,Dex-Based,1,11,16,3,13,415,40,5
12,Moltencoil,Fighter,Dex-Based,1,11,16,4,14,448,41,5
13,Moltencoil,Fighter,Dex-Based,1,11,17,5,14,476,44,5
14,Moltencoil,Fighter,Dex-Based,1,11,18,6,14,506,46,5
15,Moltencoil,Fighter,Dex-Based,1,11,18,7,15,541,48,5
16,Moltencoil,Fighter,Dex-Based,1,11,19,7,16,578,51,6
17,Moltencoil,Fighter,Dex-Based,1,11,20,7,17,616,56,6
18,Moltencoil,Fighter,Dex-Based,1,11,21,7,18,657,59,6
19,Moltencoil,Fighter,Dex-Based,1,12,21,7,19,698,60,6
20,Moltencoil,Fighter,Dex-Based,1,12,22,8,19,735,63,7
21,Moltencoil,Fighter,Dex-Based,1,13,23,8,19,772,65,7
22,Moltencoil,Fighter,Dex-Based,1,13,24,8,20,818,68,7
23,Moltencoil,Fighter,Dex-Based,1,14,24,8,21,865,69,7
24,Moltencoil,Fighter,Dex-Based,1,14,25,8,22,913,72,7
25,Moltencoil,Fighter,Dex-Based,1,15,26,8,22,955,74,8
26,Moltencoil,Fighter,Dex-Based,1,15,27,8,23,1007,77,8
27,Moltencoil,Fighter,Dex-Based,1,16,28,8,23,1051,79,8
28,Moltencoil,Fighter,Dex-Based,1,16,29,8,24,1106,82,8
29,Moltencoil,Fighter,Dex-Based,1,17,29,9,25,1162,83,8
30,Moltencoil,Fighter,Dex-Based,1,18,30,9,25,1211,91,9
31,Moltencoil,Fighter,Dex-Based,1,18,31,10,26,1270,94,9
32,Moltencoil,Fighter,Dex-Based,1,19,32,10,26,1320,96,9
33,Moltencoil,Fighter,Dex-Based,1,21,32,10,27,1383,98,9
34,Moltencoil,Fighter,Dex-Based,1,21,33,10,28,1447,100,10
35,Moltencoil,Fighter,Dex-Based,1,21,34,10,29,1513,103,10
36,Moltencoil,Fighter,Dex-Based,1,21,35,10,30,1580,105,10
37,Moltencoil,Fighter,Dex-Based,1,22,36,11,30,1638,108,10
38,Moltencoil,Fighter,Dex-Based,1,23,36,11,31,1709,109,10
39,Moltencoil,Fighter,Dex-Based,1,23,37,11,32,1783,112,11
40,Moltencoil,Fighter,Dex-Based,1,24,38,12,32,1844,114,11
41,Moltencoil,Fighter,Dex-Based,1,24,39,12,33,1920,117,11
42,Moltencoil,Fighter,Dex-Based,1,25,40,13,33,1984,126,11
43,Moltencoil,Fighter,Dex-Based,1,25,41,13,34,2064,129,11
44,Moltencoil,Fighter,Dex-Based,1,26,41,13,35,2146,131,12
45,Moltencoil,Fighter,Dex-Based,1,28,42,13,35,2215,133,12
46,Moltencoil,Fighter,Dex-Based,1,28,43,13,36,2301,136,12
47,Moltencoil,Fighter,Dex-Based,1,28,44,13,37,2387,138,12
48,Moltencoil,Fighter,Dex-Based,1,30,44,13,38,2478,140,12
49,Moltencoil,Fighter,Dex-Based,1,30,45,13,39,2570,142,13
50,Moltencoil,Fighter,Dex-Based,1,31,46,13,39,2646,145,13
51,Moltencoil,Fighter,Dex-Based,1,31,47,13,41,2760,147,13
52,Moltencoil,Fighter,Dex-Based,1,32,48,13,41,2839,150,13
53,Moltencoil,Fighter,Dex-Based,1,32,49,13,42,2940,152,14
54,Moltencoil,Fighter,Dex-Based,1,33,50,13,43,3043,164,14
55,Moltencoil,Fighter,Dex-Based,1,34,51,13,43,3125,166,14
56,Moltencoil,Fighter,Dex-Based,1,36,51,13,44,3232,168,14
57,Moltencoil,Fighter,Dex-Based,1,36,52,13,45,3340,170,14
58,Moltencoil,Fighter,Dex-Based,1,36,53,13,46,3451,173,15
59,Moltencoil,Fighter,Dex-Based,1,37,54,13,46,3541,176,15
60,Moltencoil,Fighter,Dex-Based,1,38,55,13,47,3655,178,15
61,Moltencoil,Fighter,Dex-Based,1,38,56,13,48,3774,181,15
62,Moltencoil,Fighter,Dex-Based,1,40,56,13,49,3894,182,15
63,Moltencoil,Fighter,Dex-Based,1,40,58,13,49,3990,186,16
64,Moltencoil,Fighter,Dex-Based,1,41,58,13,51,4141,187,16
65,Moltencoil,Fighter,Dex-Based,1,41,60,13,51,4241,202,16
66,Moltencoil,Fighter,Dex-Based,1,42,60,13,52,4370,203,16
67,Moltencoil,Fighter,Dex-Based,1,43,61,13,53,4501,206,17
68,Moltencoil,Fighter,Dex-Based,1,44,62,13,53,4605,208,17
69,Moltencoil,Fighter,Dex-Based,1,44,63,13,54,4741,211,17
70,Moltencoil,Fighter,Dex-Based,1,46,63,13,55,4880,212,17
71,Moltencoil,Fighter,Dex-Based,1,46,64,13,56,5021,215,17
72,Moltencoil,Fighter,Dex-Based,1,47,65,13,56,5133,218,18
73,Moltencoil,Fighter,Dex-Based,1,48,66,13,57,5279,220,18
74,Moltencoil,Fighter,Dex-Based,1,48,67,13,58,5427,223,18
75,Moltencoil,Fighter,Dex-Based,1,50,68,13,58,5544,225,18
76,Moltencoil,Fighter,Dex-Based,1,50,69,13,59,5696,228,18
77,Moltencoil,Fighter,Dex-Based,1,51,70,13,60,5852,243,19
78,Moltencoil,Fighter,Dex-Based,1,51,71,13,61,6011,246,19
79,Moltencoil,Fighter,Dex-Based,1,52,71,13,62,6173,247,19
80,Moltencoil,Fighter,Dex-Based,1,53,72,13,63,6337,250,19
81,Moltencoil,Fighter,Dex-Based,1,53,74,13,63,6464,253,19
82,Moltencoil,Fighter,Dex-Based,1,54,74,13,64,6633,255,20
83,Moltencoil,Fighter,Dex-Based,1,55,75,13,65,6806,257,20
84,Moltencoil,Fighter,Dex-Based,1,55,76,13,66,6981,260,20
85,Moltencoil,Fighter,Dex-Based,1,56,77,13,66,7116,262,20
86,Moltencoil,Fighter,Dex-Based,1,57,78,13,67,7296,265,21
87,Moltencoil,Fighter,Dex-Based,1,58,78,13,68,7479,267,21
88,Moltencoil,Fighter,Dex-Based,1,59,79,13,69,7664,269,21
89,Moltencoil,Fighter,Dex-Based,1,59,80,13,70,7854,287,21
90,Moltencoil,Fighter,Dex-Based,1,60,81,13,71,8045,289,21
91,Moltencoil,Fighter,Dex-Based,1,61,82,13,71,8192,292,22
92,Moltencoil,Fighter,Dex-Based,1,61,83,13,72,8390,294,22
93,Moltencoil,Fighter,Dex-Based,1,62,84,13,73,8589,297,22
94,Moltencoil,Fighter,Dex-Based,1,63,85,13,73,8743,299,22
95,Moltencoil,Fighter,Dex-Based,1,65,85,13,74,8948,301,22
96,Moltencoil,Fighter,Dex-Based,1,65,86,13,75,9156,303,23
97,Moltencoil,Fighter,Dex-Based,1,65,87,13,76,9368,306,23
98,Moltencoil,Fighter,Dex-Based,1,66,88,13,77,9582,308,23
99,Moltencoil,Fighter,Dex-Based,1,67,89,13,77,9747,311,23
100,Moltencoil,Fighter,Dex-Based,1,68,90,13,78,9968,331,24
1,Steamaxolotl,Supp,Int-Based,1,5,5,9,9,163,5,1
2,Steamaxolotl,Supp,Int-Based,1,5,5,10,9,176,5,1
3,Steamaxolotl,Supp,Int-Based,1,5,5,11,10,192,5,1
4,Steamaxolotl,Supp,Int-Based,1,5,5,12,10,206,5,1
5,Steamaxolotl,Supp,Int-Based,1,5,5,13,10,222,5,1
6,Steamaxolotl,Supp,Int-Based,1,6,5,13,11,239,6,1
7,Steamaxolotl,Supp,Int-Based,1,6,5,14,11,256,6,1
8,Steamaxolotl,Supp,Int-Based,1,7,5,15,11,274,6,1
9,Steamaxolotl,Supp,Int-Based,1,7,5,16,11,291,6,1
10,Steamaxolotl,Supp,Int-Based,1,7,6,16,12,313,6,2
11,Steamaxolotl,Supp,Int-Based,1,8,6,17,12,332,7,2
12,Steamaxolotl,Supp,Int-Based,1,8,7,17,13,355,7,2
13,Steamaxolotl,Supp,Int-Based,1,9,7,18,13,377,7,2
14,Steamaxolotl,Supp,Int-Based,1,9,8,19,13,398,7,2
15,Steamaxolotl,Supp,Int-Based,1,10,8,19,14,424,7,2
16,Steamaxolotl,Supp,Int-Based,1,10,8,20,15,451,8,2
17,Steamaxolotl,Supp,Int-Based,1,10,8,21,16,479,8,2
18,Steamaxolotl,Supp,Int-Based,1,10,8,21,18,513,8,2
19,Steamaxolotl,Supp,Int-Based,1,11,8,22,18,538,8,3
20,Steamaxolotl,Supp,Int-Based,1,11,9,23,18,565,9,3
21,Steamaxolotl,Supp,Int-Based,1,11,9,24,19,597,9,3
22,Steamaxolotl,Supp,Int-Based,1,11,9,25,20,630,9,3
23,Steamaxolotl,Supp,Int-Based,1,11,9,26,21,664,9,3
24,Steamaxolotl,Supp,Int-Based,1,12,9,27,21,694,9,3
25,Steamaxolotl,Supp,Int-Based,1,13,9,27,22,730,10,3
26,Steamaxolotl,Supp,Int-Based,1,13,9,29,22,762,10,3
27,Steamaxolotl,Supp,Int-Based,1,13,9,30,23,800,10,3
28,Steamaxolotl,Supp,Int-Based,1,13,9,31,24,840,10,4
29,Steamaxolotl,Supp,Int-Based,1,13,9,31,26,889,10,4
30,Steamaxolotl,Supp,Int-Based,1,14,9,32,26,924,11,4
31,Steamaxolotl,Supp,Int-Based,1,14,9,33,27,967,11,4
32,Steamaxolotl,Supp,Int-Based,1,14,9,34,28,1013,11,4
33,Steamaxolotl,Supp,Int-Based,1,14,9,35,29,1059,11,4
34,Steamaxolotl,Supp,Int-Based,1,14,9,36,30,1107,12,4
35,Steamaxolotl,Supp,Int-Based,1,14,9,37,31,1156,12,4
36,Steamaxolotl,Supp,Int-Based,1,14,9,38,32,1206,12,4
37,Steamaxolotl,Supp,Int-Based,1,14,9,39,33,1258,12,5
38,Steamaxolotl,Supp,Int-Based,1,14,9,41,33,1302,12,5
39,Steamaxolotl,Supp,Int-Based,1,14,9,41,35,1366,13,5
40,Steamaxolotl,Supp,Int-Based,1,14,11,42,35,1410,14,5
41,Steamaxolotl,Supp,Int-Based,1,14,11,43,36,1468,14,5
42,Steamaxolotl,Supp,Int-Based,1,14,11,44,37,1526,14,5
43,Steamaxolotl,Supp,Int-Based,1,14,11,45,38,1587,14,5
44,Steamaxolotl,Supp,Int-Based,1,14,11,46,39,1648,15,5
45,Steamaxolotl,Supp,Int-Based,1,14,11,47,40,1710,15,5
46,Steamaxolotl,Supp,Int-Based,1,14,11,48,41,1775,15,6
47,Steamaxolotl,Supp,Int-Based,1,14,11,49,42,1841,15,6
48,Steamaxolotl,Supp,Int-Based,1,14,11,50,43,1909,15,6
49,Steamaxolotl,Supp,Int-Based,1,14,11,51,44,1978,16,6
50,Steamaxolotl,Supp,Int-Based,1,16,11,52,44,2034,16,6
51,Steamaxolotl,Supp,Int-Based,1,16,11,53,45,2106,16,6
52,Steamaxolotl,Supp,Int-Based,1,16,11,54,46,2181,16,6
53,Steamaxolotl,Supp,Int-Based,1,16,11,55,47,2256,17,6
54,Steamaxolotl,Supp,Int-Based,1,16,11,56,48,2332,17,6
55,Steamaxolotl,Supp,Int-Based,1,17,12,56,49,2412,17,7
56,Steamaxolotl,Supp,Int-Based,1,17,12,57,50,2491,17,7
57,Steamaxolotl,Supp,Int-Based,1,18,12,58,51,2574,17,7
58,Steamaxolotl,Supp,Int-Based,1,18,12,60,51,2639,18,7
59,Steamaxolotl,Supp,Int-Based,1,18,12,61,52,2725,18,7
60,Steamaxolotl,Supp,Int-Based,1,19,13,61,53,2812,18,7
61,Steamaxolotl,Supp,Int-Based,1,19,13,62,54,2899,18,7
62,Steamaxolotl,Supp,Int-Based,1,19,13,63,55,2989,18,7
63,Steamaxolotl,Supp,Int-Based,1,21,13,64,55,3062,19,7
64,Steamaxolotl,Supp,Int-Based,1,21,13,65,56,3155,19,8
65,Steamaxolotl,Supp,Int-Based,1,21,13,66,57,3251,19,8
66,Steamaxolotl,Supp,Int-Based,1,21,14,67,58,3348,19,8
67,Steamaxolotl,Supp,Int-Based,1,21,14,68,59,3447,20,8
68,Steamaxolotl,Supp,Int-Based,1,23,14,68,60,3548,20,8
69,Steamaxolotl,Supp,Int-Based,1,23,15,69,61,3651,21,8
70,Steamaxolotl,Supp,Int-Based,1,23,15,70,62,3756,21,8
71,Steamaxolotl,Supp,Int-Based,1,23,15,71,63,3863,21,8
72,Steamaxolotl,Supp,Int-Based,1,23,15,72,64,3970,22,8
73,Steamaxolotl,Supp,Int-Based,1,24,16,73,64,4057,22,9
74,Steamaxolotl,Supp,Int-Based,1,24,16,74,65,4169,22,9
75,Steamaxolotl,Supp,Int-Based,1,24,16,75,66,4282,22,9
76,Steamaxolotl,Supp,Int-Based,1,26,17,76,66,4372,22,9
77,Steamaxolotl,Supp,Int-Based,1,26,17,77,67,4490,23,9
78,Steamaxolotl,Supp,Int-Based,1,26,17,78,68,4609,23,9
79,Steamaxolotl,Supp,Int-Based,1,26,18,79,69,4732,23,9
80,Steamaxolotl,Supp,Int-Based,1,26,18,80,70,4855,23,9
81,Steamaxolotl,Supp,Int-Based,1,28,19,80,71,4981,23,9
82,Steamaxolotl,Supp,Int-Based,1,28,19,81,72,5108,24,10
83,Steamaxolotl,Supp,Int-Based,1,28,19,82,73,5238,24,10
84,Steamaxolotl,Supp,Int-Based,1,28,19,83,74,5369,24,10
85,Steamaxolotl,Supp,Int-Based,1,28,19,84,75,5505,24,10
86,Steamaxolotl,Supp,Int-Based,1,30,20,85,75,5608,26,10
87,Steamaxolotl,Supp,Int-Based,1,30,20,86,76,5746,26,10
88,Steamaxolotl,Supp,Int-Based,1,30,21,87,77,5887,26,10
89,Steamaxolotl,Supp,Int-Based,1,30,21,88,78,6030,26,10
90,Steamaxolotl,Supp,Int-Based,1,32,21,88,79,6173,26,10
91,Steamaxolotl,Supp,Int-Based,1,32,22,89,80,6321,27,11
92,Steamaxolotl,Supp,Int-Based,1,32,22,90,81,6470,27,11
93,Steamaxolotl,Supp,Int-Based,1,32,23,91,82,6622,27,11
94,Steamaxolotl,Supp,Int-Based,1,32,23,92,83,6776,27,11
95,Steamaxolotl,Supp,Int-Based,1,34,23,93,83,6893,27,11
96,Steamaxolotl,Supp,Int-Based,1,34,23,94,84,7052,28,11
97,Steamaxolotl,Supp,Int-Based,1,34,23,95,85,7213,28,11
98,Steamaxolotl,Supp,Int-Based,1,34,23,96,86,7374,28,11
99,Steamaxolotl,Supp,Int-Based,1,34,23,97,87,7539,28,11
100,Steamaxolotl,Supp,Int-Based,1,35,23,98,88,7708,29,12
1,Tidecrown,Tank / Supp,Int-Based,1,5,5,9,9,196,5,3
2,Tidecrown,Tank / Supp,Int-Based,1,5,5,9,10,221,5,3
3,Tidecrown,Tank / Supp,Int-Based,1,5,5,10,11,247,5,3
4,Tidecrown,Tank / Supp,Int-Based,1,5,5,11,11,273,5,3
5,Tidecrown,Tank / Supp,Int-Based,1,5,5,11,12,302,6,4
6,Tidecrown,Tank / Supp,Int-Based,1,6,5,11,13,333,6,4
7,Tidecrown,Tank / Supp,Int-Based,1,6,5,12,13,362,6,4
8,Tidecrown,Tank / Supp,Int-Based,1,6,6,12,14,396,6,4
9,Tidecrown,Tank / Supp,Int-Based,1,6,6,13,14,428,7,5
10,Tidecrown,Tank / Supp,Int-Based,1,7,6,13,15,465,7,5
11,Tidecrown,Tank / Supp,Int-Based,1,8,6,14,15,500,7,5
12,Tidecrown,Tank / Supp,Int-Based,1,8,7,14,16,540,8,5
13,Tidecrown,Tank / Supp,Int-Based,1,9,7,14,17,582,8,6
14,Tidecrown,Tank / Supp,Int-Based,1,9,8,15,17,620,8,6
15,Tidecrown,Tank / Supp,Int-Based,1,10,8,15,18,665,8,6
16,Tidecrown,Tank / Supp,Int-Based,1,10,8,16,19,712,9,6
17,Tidecrown,Tank / Supp,Int-Based,1,10,8,17,20,762,9,7
18,Tidecrown,Tank / Supp,Int-Based,1,10,8,18,21,813,9,7
19,Tidecrown,Tank / Supp,Int-Based,1,10,8,20,21,857,9,7
20,Tidecrown,Tank / Supp,Int-Based,1,10,9,20,22,912,10,7
21,Tidecrown,Tank / Supp,Int-Based,1,10,9,21,23,969,10,8
22,Tidecrown,Tank / Supp,Int-Based,1,11,9,21,24,1026,10,8
23,Tidecrown,Tank / Supp,Int-Based,1,11,9,22,25,1087,11,8
24,Tidecrown,Tank / Supp,Int-Based,1,12,9,23,25,1141,11,9
25,Tidecrown,Tank / Supp,Int-Based,1,13,9,23,26,1204,11,9
26,Tidecrown,Tank / Supp,Int-Based,1,13,9,24,27,1271,11,9
27,Tidecrown,Tank / Supp,Int-Based,1,13,9,25,28,1338,12,9
28,Tidecrown,Tank / Supp,Int-Based,1,13,9,26,29,1409,12,10
29,Tidecrown,Tank / Supp,Int-Based,1,13,9,27,30,1482,12,10
30,Tidecrown,Tank / Supp,Int-Based,1,13,9,28,31,1556,12,10
31,Tidecrown,Tank / Supp,Int-Based,1,13,9,29,32,1634,13,10
32,Tidecrown,Tank / Supp,Int-Based,1,13,9,30,33,1713,13,11
33,Tidecrown,Tank / Supp,Int-Based,1,13,9,31,34,1795,13,11
34,Tidecrown,Tank / Supp,Int-Based,1,14,9,31,35,1879,14,11
35,Tidecrown,Tank / Supp,Int-Based,1,14,9,32,36,1965,14,11
36,Tidecrown,Tank / Supp,Int-Based,1,14,9,33,37,2055,14,12
37,Tidecrown,Tank / Supp,Int-Based,1,14,9,34,38,2145,14,12
38,Tidecrown,Tank / Supp,Int-Based,1,14,9,35,39,2239,15,12
39,Tidecrown,Tank / Supp,Int-Based,1,14,9,36,40,2335,15,12
40,Tidecrown,Tank / Supp,Int-Based,1,14,9,37,41,2433,15,13
41,Tidecrown,Tank / Supp,Int-Based,1,14,9,38,42,2536,15,13
42,Tidecrown,Tank / Supp,Int-Based,1,14,9,39,43,2639,16,13
43,Tidecrown,Tank / Supp,Int-Based,1,14,9,40,44,2746,16,14
44,Tidecrown,Tank / Supp,Int-Based,1,14,9,41,45,2855,16,14
45,Tidecrown,Tank / Supp,Int-Based,1,15,10,41,46,2966,18,14
46,Tidecrown,Tank / Supp,Int-Based,1,15,10,42,47,3081,18,14
47,Tidecrown,Tank / Supp,Int-Based,1,15,10,43,48,3198,18,15
48,Tidecrown,Tank / Supp,Int-Based,1,15,10,44,49,3318,18,15
49,Tidecrown,Tank / Supp,Int-Based,1,15,10,45,50,3441,19,15
50,Tidecrown,Tank / Supp,Int-Based,1,15,10,46,51,3566,19,15
51,Tidecrown,Tank / Supp,Int-Based,1,15,10,47,52,3695,19,16
52,Tidecrown,Tank / Supp,Int-Based,1,15,10,48,53,3825,19,16
53,Tidecrown,Tank / Supp,Int-Based,1,15,10,49,54,3959,20,16
54,Tidecrown,Tank / Supp,Int-Based,1,15,10,50,55,4096,20,16
55,Tidecrown,Tank / Supp,Int-Based,1,15,10,51,56,4236,20,17
56,Tidecrown,Tank / Supp,Int-Based,1,15,10,52,57,4380,21,17
57,Tidecrown,Tank / Supp,Int-Based,1,15,10,53,58,4525,21,17
58,Tidecrown,Tank / Supp,Int-Based,1,15,10,54,59,4674,21,17
59,Tidecrown,Tank / Supp,Int-Based,1,15,10,55,60,4827,21,18
60,Tidecrown,Tank / Supp,Int-Based,1,15,10,56,61,4981,22,18
61,Tidecrown,Tank / Supp,Int-Based,1,15,10,57,62,5140,22,18
62,Tidecrown,Tank / Supp,Int-Based,1,17,10,57,63,5302,22,19
63,Tidecrown,Tank / Supp,Int-Based,1,17,10,58,64,5466,22,19
64,Tidecrown,Tank / Supp,Int-Based,1,17,10,59,65,5634,23,19
65,Tidecrown,Tank / Supp,Int-Based,1,17,10,60,66,5805,23,19
66,Tidecrown,Tank / Supp,Int-Based,1,17,11,61,67,5980,23,20
67,Tidecrown,Tank / Supp,Int-Based,1,19,11,62,67,6120,24,20
68,Tidecrown,Tank / Supp,Int-Based,1,19,11,63,68,6301,24,20
69,Tidecrown,Tank / Supp,Int-Based,1,19,11,64,69,6484,24,20
70,Tidecrown,Tank / Supp,Int-Based,1,19,11,64,71,6711,24,21
71,Tidecrown,Tank / Supp,Int-Based,1,19,11,65,72,6902,25,21
72,Tidecrown,Tank / Supp,Int-Based,1,21,12,66,72,7055,25,21
73,Tidecrown,Tank / Supp,Int-Based,1,21,12,67,73,7253,25,21
74,Tidecrown,Tank / Supp,Int-Based,1,21,12,68,74,7454,25,22
75,Tidecrown,Tank / Supp,Int-Based,1,21,12,69,75,7658,26,22
76,Tidecrown,Tank / Supp,Int-Based,1,21,13,70,76,7865,26,22
77,Tidecrown,Tank / Supp,Int-Based,1,21,13,71,77,8078,26,22
78,Tidecrown,Tank / Supp,Int-Based,1,23,13,71,78,8293,27,23
79,Tidecrown,Tank / Supp,Int-Based,1,23,13,72,79,8511,27,23
80,Tidecrown,Tank / Supp,Int-Based,1,23,13,73,80,8733,27,23
81,Tidecrown,Tank / Supp,Int-Based,1,23,14,74,81,8959,27,24
82,Tidecrown,Tank / Supp,Int-Based,1,23,14,75,82,9189,28,24
83,Tidecrown,Tank / Supp,Int-Based,1,23,14,76,83,9422,28,24
84,Tidecrown,Tank / Supp,Int-Based,1,24,16,77,83,9607,29,24
85,Tidecrown,Tank / Supp,Int-Based,1,24,16,78,84,9847,29,25
86,Tidecrown,Tank / Supp,Int-Based,1,24,16,78,86,10146,30,25
87,Tidecrown,Tank / Supp,Int-Based,1,26,17,79,86,10339,30,25
88,Tidecrown,Tank / Supp,Int-Based,1,26,17,80,87,10591,30,25
89,Tidecrown,Tank / Supp,Int-Based,1,26,17,81,88,10847,31,26
90,Tidecrown,Tank / Supp,Int-Based,1,26,17,82,89,11107,31,26
91,Tidecrown,Tank / Supp,Int-Based,1,26,18,83,90,11371,31,26
92,Tidecrown,Tank / Supp,Int-Based,1,26,18,84,91,11639,31,26
93,Tidecrown,Tank / Supp,Int-Based,1,28,18,84,92,11911,32,27
94,Tidecrown,Tank / Supp,Int-Based,1,28,18,85,93,12186,32,27
95,Tidecrown,Tank / Supp,Int-Based,1,28,18,86,94,12466,32,27
96,Tidecrown,Tank / Supp,Int-Based,1,29,18,87,95,12751,32,27
97,Tidecrown,Tank / Supp,Int-Based,1,29,18,88,96,13039,33,28
98,Tidecrown,Tank / Supp,Int-Based,1,29,18,89,97,13330,33,28
99,Tidecrown,Tank / Supp,Int-Based,1,29,18,90,98,13628,33,28
100,Tidecrown,Tank / Supp,Int-Based,1,30,18,91,99,13930,34,29
1,Elderroot,Tank,Strength-based,8,3,6,3,9,207,17,3
2,Elderroot,Tank,Strength-based,8,3,6,3,10,235,18,3
3,Elderroot,Tank,Strength-based,9,3,6,3,11,267,20,3
4,Elderroot,Tank,Strength-based,9,3,6,3,12,300,21,3
5,Elderroot,Tank,Strength-based,9,3,6,3,13,334,22,3
6,Elderroot,Tank,Strength-based,9,3,6,3,14,371,24,4
7,Elderroot,Tank,Strength-based,10,3,6,3,15,410,27,4
8,Elderroot,Tank,Strength-based,11,3,7,3,15,447,29,4
9,Elderroot,Tank,Strength-based,11,3,7,3,16,489,30,4
10,Elderroot,Tank,Strength-based,11,3,8,3,17,533,32,5
11,Elderroot,Tank,Strength-based,11,3,9,3,18,579,33,5
12,Elderroot,Tank,Strength-based,12,3,10,3,18,623,36,5
13,Elderroot,Tank,Strength-based,12,3,11,3,19,672,37,5
14,Elderroot,Tank,Strength-based,12,4,11,3,20,724,39,6
15,Elderroot,Tank,Strength-based,13,4,11,4,20,772,41,6
16,Elderroot,Tank,Strength-based,14,4,11,4,21,828,43,6
17,Elderroot,Tank,Strength-based,14,5,11,4,22,888,44,6
18,Elderroot,Tank,Strength-based,14,5,11,5,23,948,45,6
19,Elderroot,Tank,Strength-based,15,5,12,5,23,1003,48,7
20,Elderroot,Tank,Strength-based,15,6,12,5,24,1067,49,7
21,Elderroot,Tank,Strength-based,16,6,12,5,25,1135,51,7
22,Elderroot,Tank,Strength-based,17,6,12,5,26,1204,53,7
23,Elderroot,Tank,Strength-based,17,6,13,5,27,1276,55,8
24,Elderroot,Tank,Strength-based,18,6,13,5,28,1351,57,8
25,Elderroot,Tank,Strength-based,19,6,13,5,29,1428,59,8
26,Elderroot,Tank,Strength-based,19,6,14,5,30,1508,60,8
27,Elderroot,Tank,Strength-based,20,6,14,6,31,1590,66,9
28,Elderroot,Tank,Strength-based,21,7,15,6,31,1662,69,9
29,Elderroot,Tank,Strength-based,21,7,16,6,32,1749,70,9
30,Elderroot,Tank,Strength-based,21,7,17,6,33,1838,71,9
31,Elderroot,Tank,Strength-based,22,7,17,6,34,1929,73,9
32,Elderroot,Tank,Strength-based,23,7,17,6,35,2025,76,10
33,Elderroot,Tank,Strength-based,24,7,18,7,35,2107,78,10
34,Elderroot,Tank,Strength-based,24,7,19,7,36,2205,79,10
35,Elderroot,Tank,Strength-based,25,7,19,7,37,2308,81,10
36,Elderroot,Tank,Strength-based,26,8,19,7,38,2415,84,11
37,Elderroot,Tank,Strength-based,26,8,20,8,39,2522,86,11
38,Elderroot,Tank,Strength-based,27,8,20,8,40,2633,88,11
39,Elderroot,Tank,Strength-based,27,9,21,8,41,2748,89,11
40,Elderroot,Tank,Strength-based,28,9,21,8,42,2865,92,12
41,Elderroot,Tank,Strength-based,30,9,22,8,42,2964,100,12
42,Elderroot,Tank,Strength-based,30,9,23,8,43,3087,101,12
43,Elderroot,Tank,Strength-based,30,9,23,8,45,3234,102,12
44,Elderroot,Tank,Strength-based,31,9,23,8,46,3363,104,12
45,Elderroot,Tank,Strength-based,32,9,24,9,46,3473,107,13
46,Elderroot,Tank,Strength-based,32,9,24,9,48,3631,108,13
47,Elderroot,Tank,Strength-based,33,9,26,9,48,3745,111,13
48,Elderroot,Tank,Strength-based,34,9,26,9,49,3887,113,13
49,Elderroot,Tank,Strength-based,34,9,26,9,51,4058,115,14
50,Elderroot,Tank,Strength-based,35,9,28,9,51,4179,117,14
51,Elderroot,Tank,Strength-based,36,9,28,9,52,4332,119,14
52,Elderroot,Tank,Strength-based,37,10,28,9,53,4485,121,14
53,Elderroot,Tank,Strength-based,37,10,29,10,54,4644,123,15
54,Elderroot,Tank,Strength-based,38,10,29,10,55,4806,125,15
55,Elderroot,Tank,Strength-based,38,11,30,10,56,4971,127,15
56,Elderroot,Tank,Strength-based,39,12,30,10,57,5140,129,15
57,Elderroot,Tank,Strength-based,40,12,30,11,58,5313,139,16
58,Elderroot,Tank,Strength-based,40,12,31,12,59,5488,140,16
59,Elderroot,Tank,Strength-based,41,12,31,12,60,5668,142,16
60,Elderroot,Tank,Strength-based,42,12,33,12,60,5814,144,16
61,Elderroot,Tank,Strength-based,42,12,33,12,62,6037,145,16
62,Elderroot,Tank,Strength-based,43,12,33,12,63,6228,148,17
63,Elderroot,Tank,Strength-based,44,12,35,12,63,6384,151,17
64,Elderroot,Tank,Strength-based,45,12,35,12,64,6581,153,17
65,Elderroot,Tank,Strength-based,45,12,35,12,66,6824,154,17
66,Elderroot,Tank,Strength-based,46,13,36,12,66,6986,157,18
67,Elderroot,Tank,Strength-based,47,13,36,13,67,7196,159,18
68,Elderroot,Tank,Strength-based,47,14,37,13,68,7408,160,18
69,Elderroot,Tank,Strength-based,48,14,37,14,69,7625,162,18
70,Elderroot,Tank,Strength-based,48,15,38,14,70,7845,164,19
71,Elderroot,Tank,Strength-based,49,15,38,15,71,8071,166,19
72,Elderroot,Tank,Strength-based,50,15,38,15,72,8300,177,19
73,Elderroot,Tank,Strength-based,51,16,40,15,72,8483,180,19
74,Elderroot,Tank,Strength-based,52,16,40,15,73,8719,182,19
75,Elderroot,Tank,Strength-based,52,16,40,15,75,9010,184,20
76,Elderroot,Tank,Strength-based,53,16,42,15,75,9203,186,20
77,Elderroot,Tank,Strength-based,53,16,42,15,77,9506,187,20
78,Elderroot,Tank,Strength-based,54,16,42,15,78,9759,189,20
79,Elderroot,Tank,Strength-based,56,16,43,15,78,9962,193,21
80,Elderroot,Tank,Strength-based,56,16,43,15,80,10281,194,21
81,Elderroot,Tank,Strength-based,56,16,44,16,81,10548,195,21
82,Elderroot,Tank,Strength-based,57,17,44,16,82,10819,197,21
83,Elderroot,Tank,Strength-based,58,17,46,16,82,11034,201,22
84,Elderroot,Tank,Strength-based,59,17,46,16,83,11313,203,22
85,Elderroot,Tank,Strength-based,59,17,46,16,85,11660,204,22
86,Elderroot,Tank,Strength-based,61,17,47,16,85,11886,218,22
87,Elderroot,Tank,Strength-based,61,17,48,17,86,12179,219,22
88,Elderroot,Tank,Strength-based,62,18,48,17,87,12476,222,23
89,Elderroot,Tank,Strength-based,62,18,49,18,88,12778,223,23
90,Elderroot,Tank,Strength-based,63,19,49,18,89,13084,225,23
91,Elderroot,Tank,Strength-based,63,19,51,18,90,13395,227,23
92,Elderroot,Tank,Strength-based,64,19,51,19,91,13711,230,24
93,Elderroot,Tank,Strength-based,65,19,51,19,92,14033,232,24
94,Elderroot,Tank,Strength-based,65,20,52,19,93,14359,233,24
95,Elderroot,Tank,Strength-based,66,20,52,20,94,14689,235,24
96,Elderroot,Tank,Strength-based,67,21,52,20,95,15024,238,25
97,Elderroot,Tank,Strength-based,67,21,53,20,96,15364,239,25
98,Elderroot,Tank,Strength-based,68,21,54,20,97,15710,241,25
99,Elderroot,Tank,Strength-based,69,21,54,20,98,16061,243,25
100,Elderroot,Tank,Strength-based,70,21,55,20,99,16417,260,26
1,Emberorchid,DPS,Int-Based,1,6,4,9,9,152,4,1
2,Emberorchid,DPS,Int-Based,1,6,4,10,9,164,4,1
3,Emberorchid,DPS,Int-Based,1,6,4,11,10,178,4,1
4,Emberorchid,DPS,Int-Based,1,6,4,12,10,192,4,1
5,Emberorchid,DPS,Int-Based,1,6,4,13,10,205,5,1
6,Emberorchid,DPS,Int-Based,1,6,4,14,10,221,5,1
7,Emberorchid,DPS,Int-Based,1,6,4,15,11,237,5,1
8,Emberorchid,DPS,Int-Based,1,6,4,16,11,254,5,1
9,Emberorchid,DPS,Int-Based,1,7,4,17,11,270,6,1
10,Emberorchid,DPS,Int-Based,1,7,4,18,11,287,6,1
11,Emberorchid,DPS,Int-Based,1,7,4,19,12,308,6,2
12,Emberorchid,DPS,Int-Based,1,8,4,20,12,325,6,2
13,Emberorchid,DPS,Int-Based,1,9,4,21,12,344,7,2
14,Emberorchid,DPS,Int-Based,1,10,4,21,13,367,7,2
15,Emberorchid,DPS,Int-Based,1,10,4,22,13,387,7,2
16,Emberorchid,DPS,Int-Based,1,10,4,23,14,412,7,2
17,Emberorchid,DPS,Int-Based,1,11,4,24,14,434,8,2
18,Emberorchid,DPS,Int-Based,1,11,4,24,16,464,8,2
19,Emberorchid,DPS,Int-Based,1,11,5,25,16,487,9,2
20,Emberorchid,DPS,Int-Based,1,11,6,26,16,510,9,2
21,Emberorchid,DPS,Int-Based,1,11,6,27,17,539,10,3
22,Emberorchid,DPS,Int-Based,1,12,6,28,17,565,10,3
23,Emberorchid,DPS,Int-Based,1,12,6,29,18,595,10,3
24,Emberorchid,DPS,Int-Based,1,13,6,29,19,627,10,3
25,Emberorchid,DPS,Int-Based,1,13,6,30,20,661,11,3
26,Emberorchid,DPS,Int-Based,1,14,7,31,20,688,11,3
27,Emberorchid,DPS,Int-Based,1,14,7,32,21,723,11,3
28,Emberorchid,DPS,Int-Based,1,15,7,33,21,753,11,3
29,Emberorchid,DPS,Int-Based,1,16,7,33,22,790,12,3
30,Emberorchid,DPS,Int-Based,1,16,7,34,23,829,12,3
31,Emberorchid,DPS,Int-Based,1,16,7,35,24,868,12,4
32,Emberorchid,DPS,Int-Based,1,17,7,36,24,900,12,4
33,Emberorchid,DPS,Int-Based,1,17,7,37,25,942,13,4
34,Emberorchid,DPS,Int-Based,1,18,8,38,25,976,13,4
35,Emberorchid,DPS,Int-Based,1,18,8,39,26,1019,13,4
36,Emberorchid,DPS,Int-Based,1,19,9,40,26,1055,13,4
37,Emberorchid,DPS,Int-Based,1,19,9,41,27,1101,14,4
38,Emberorchid,DPS,Int-Based,1,21,9,41,28,1148,14,4
39,Emberorchid,DPS,Int-Based,1,21,9,42,29,1197,14,4
40,Emberorchid,DPS,Int-Based,1,21,9,43,30,1245,14,4
41,Emberorchid,DPS,Int-Based,1,22,10,44,30,1287,16,5
42,Emberorchid,DPS,Int-Based,1,22,10,45,31,1337,16,5
43,Emberorchid,DPS,Int-Based,1,23,11,46,31,1380,16,5
44,Emberorchid,DPS,Int-Based,1,23,11,47,32,1434,16,5
45,Emberorchid,DPS,Int-Based,1,24,11,47,33,1489,17,5
46,Emberorchid,DPS,Int-Based,1,24,11,49,33,1534,17,5
47,Emberorchid,DPS,Int-Based,1,25,11,49,35,1603,17,5
48,Emberorchid,DPS,Int-Based,1,26,11,50,35,1651,17,5
49,Emberorchid,DPS,Int-Based,1,26,12,51,36,1712,18,5
50,Emberorchid,DPS,Int-Based,1,27,12,52,36,1761,18,5
51,Emberorchid,DPS,Int-Based,1,27,12,53,37,1823,18,6
52,Emberorchid,DPS,Int-Based,1,29,12,54,37,1874,18,6
53,Emberorchid,DPS,Int-Based,1,29,12,55,38,1940,19,6
54,Emberorchid,DPS,Int-Based,1,29,12,56,39,2007,19,6
55,Emberorchid,DPS,Int-Based,1,31,12,56,40,2074,19,6
56,Emberorchid,DPS,Int-Based,1,31,13,57,41,2144,19,6
57,Emberorchid,DPS,Int-Based,1,31,13,59,41,2201,20,6
58,Emberorchid,DPS,Int-Based,1,32,14,59,42,2273,20,6
59,Emberorchid,DPS,Int-Based,1,32,14,60,43,2346,20,6
60,Emberorchid,DPS,Int-Based,1,33,15,61,43,2405,21,6
61,Emberorchid,DPS,Int-Based,1,33,15,62,44,2482,22,7
62,Emberorchid,DPS,Int-Based,1,34,16,63,44,2543,22,7
63,Emberorchid,DPS,Int-Based,1,34,16,64,45,2623,22,7
64,Emberorchid,DPS,Int-Based,1,36,16,64,46,2703,22,7
65,Emberorchid,DPS,Int-Based,1,36,16,65,47,2787,23,7
66,Emberorchid,DPS,Int-Based,1,36,16,67,47,2851,23,7
67,Emberorchid,DPS,Int-Based,1,37,16,67,49,2957,23,7
68,Emberorchid,DPS,Int-Based,1,38,17,68,49,3024,23,7
69,Emberorchid,DPS,Int-Based,1,38,18,69,50,3114,24,7
70,Emberorchid,DPS,Int-Based,1,39,19,70,50,3183,24,7
71,Emberorchid,DPS,Int-Based,1,39,20,71,51,3275,25,8
72,Emberorchid,DPS,Int-Based,1,40,21,72,51,3346,25,8
73,Emberorchid,DPS,Int-Based,1,41,22,72,52,3441,26,8
74,Emberorchid,DPS,Int-Based,1,41,22,73,53,3537,26,8
75,Emberorchid,DPS,Int-Based,1,42,22,74,53,3612,26,8
76,Emberorchid,DPS,Int-Based,1,43,22,75,54,3711,26,8
77,Emberorchid,DPS,Int-Based,1,43,22,76,55,3813,27,8
78,Emberorchid,DPS,Int-Based,1,43,22,77,56,3917,27,8
79,Emberorchid,DPS,Int-Based,1,44,22,78,57,4020,27,8
80,Emberorchid,DPS,Int-Based,1,45,22,79,57,4102,27,8
81,Emberorchid,DPS,Int-Based,1,46,22,80,58,4210,28,9
82,Emberorchid,DPS,Int-Based,1,46,22,81,59,4320,28,9
83,Emberorchid,DPS,Int-Based,1,48,22,82,59,4404,28,9
84,Emberorchid,DPS,Int-Based,1,48,22,83,60,4518,28,9
85,Emberorchid,DPS,Int-Based,1,48,22,84,61,4633,29,9
86,Emberorchid,DPS,Int-Based,1,49,22,85,62,4749,29,9
87,Emberorchid,DPS,Int-Based,1,51,22,85,63,4868,29,9
88,Emberorchid,DPS,Int-Based,1,51,22,86,64,4990,29,9
89,Emberorchid,DPS,Int-Based,1,51,22,88,64,5082,30,9
90,Emberorchid,DPS,Int-Based,1,53,22,88,65,5205,30,9
91,Emberorchid,DPS,Int-Based,1,53,22,89,66,5331,30,10
92,Emberorchid,DPS,Int-Based,1,53,22,90,67,5460,30,10
93,Emberorchid,DPS,Int-Based,1,54,22,91,68,5591,31,10
94,Emberorchid,DPS,Int-Based,1,55,22,92,68,5690,31,10
95,Emberorchid,DPS,Int-Based,1,56,22,93,69,5823,31,10
96,Emberorchid,DPS,Int-Based,1,56,22,94,70,5960,31,10
97,Emberorchid,DPS,Int-Based,1,58,22,95,70,6062,32,10
98,Emberorchid,DPS,Int-Based,1,58,22,96,71,6202,32,10
99,Emberorchid,DPS,Int-Based,1,58,22,97,72,6343,32,10
100,Emberorchid,DPS,Int-Based,1,59,22,98,73,6487,33,11
1,Glowcap,Supp,Int-Based,1,5,5,9,9,163,5,1
2,Glowcap,Supp,Int-Based,1,5,5,10,9,175,5,1
3,Glowcap,Supp,Int-Based,1,5,5,11,10,191,5,1
4,Glowcap,Supp,Int-Based,1,5,5,12,10,204,5,1
5,Glowcap,Supp,Int-Based,1,5,5,13,10,220,5,1
6,Glowcap,Supp,Int-Based,1,6,5,13,11,237,6,1
7,Glowcap,Supp,Int-Based,1,6,5,14,11,253,6,1
8,Glowcap,Supp,Int-Based,1,6,6,15,11,269,6,1
9,Glowcap,Supp,Int-Based,1,6,6,15,12,290,6,1
10,Glowcap,Supp,Int-Based,1,7,6,16,12,308,6,1
11,Glowcap,Supp,Int-Based,1,7,7,17,12,327,7,2
12,Glowcap,Supp,Int-Based,1,8,7,17,13,349,7,2
13,Glowcap,Supp,Int-Based,1,8,8,18,13,369,7,2
14,Glowcap,Supp,Int-Based,1,9,8,18,14,393,7,2
15,Glowcap,Supp,Int-Based,1,9,9,19,14,414,7,2
16,Glowcap,Supp,Int-Based,1,9,9,20,15,440,8,2
17,Glowcap,Supp,Int-Based,1,9,9,21,16,467,8,2
18,Glowcap,Supp,Int-Based,1,9,9,21,18,500,8,2
19,Glowcap,Supp,Int-Based,1,10,9,22,18,525,8,2
20,Glowcap,Supp,Int-Based,1,10,10,23,18,549,10,2
21,Glowcap,Supp,Int-Based,1,10,10,24,19,580,10,3
22,Glowcap,Supp,Int-Based,1,10,10,25,20,613,10,3
23,Glowcap,Supp,Int-Based,1,10,10,26,21,646,10,3
24,Glowcap,Supp,Int-Based,1,11,10,27,21,675,10,3
25,Glowcap,Supp,Int-Based,1,11,10,28,22,710,11,3
26,Glowcap,Supp,Int-Based,1,11,10,29,23,746,11,3
27,Glowcap,Supp,Int-Based,1,11,10,30,24,783,11,3
28,Glowcap,Supp,Int-Based,1,11,10,31,25,822,11,3
29,Glowcap,Supp,Int-Based,1,11,10,31,27,869,11,3
30,Glowcap,Supp,Int-Based,1,12,10,32,27,904,12,3
31,Glowcap,Supp,Int-Based,1,12,10,33,28,945,12,4
32,Glowcap,Supp,Int-Based,1,12,10,34,29,989,12,4
33,Glowcap,Supp,Int-Based,1,12,10,35,30,1034,12,4
34,Glowcap,Supp,Int-Based,1,12,10,36,31,1080,13,4
35,Glowcap,Supp,Int-Based,1,13,10,37,31,1120,13,4
36,Glowcap,Supp,Int-Based,1,13,10,38,32,1168,13,4
37,Glowcap,Supp,Int-Based,1,13,10,39,33,1218,13,4
38,Glowcap,Supp,Int-Based,1,13,10,40,34,1268,13,4
39,Glowcap,Supp,Int-Based,1,13,10,41,35,1321,14,4
40,Glowcap,Supp,Int-Based,1,13,10,42,36,1374,14,4
41,Glowcap,Supp,Int-Based,1,13,10,43,37,1430,14,5
42,Glowcap,Supp,Int-Based,1,13,10,44,38,1487,14,5
43,Glowcap,Supp,Int-Based,1,13,10,45,39,1545,14,5
44,Glowcap,Supp,Int-Based,1,13,10,46,40,1604,15,5
45,Glowcap,Supp,Int-Based,1,13,10,47,41,1666,15,5
46,Glowcap,Supp,Int-Based,1,13,10,48,42,1728,15,5
47,Glowcap,Supp,Int-Based,1,13,10,49,43,1791,15,5
48,Glowcap,Supp,Int-Based,1,13,10,50,44,1857,15,5
49,Glowcap,Supp,Int-Based,1,13,10,51,45,1925,16,5
50,Glowcap,Supp,Int-Based,1,14,11,52,45,1979,16,5
51,Glowcap,Supp,Int-Based,1,14,11,53,46,2049,16,6
52,Glowcap,Supp,Int-Based,1,14,11,54,47,2121,16,6
53,Glowcap,Supp,Int-Based,1,14,11,55,48,2193,17,6
54,Glowcap,Supp,Int-Based,1,14,11,56,49,2267,17,6
55,Glowcap,Supp,Int-Based,1,14,11,57,50,2344,17,6
56,Glowcap,Supp,Int-Based,1,14,11,58,51,2422,17,6
57,Glowcap,Supp,Int-Based,1,15,12,58,52,2500,17,6
58,Glowcap,Supp,Int-Based,1,15,12,59,53,2582,18,6
59,Glowcap,Supp,Int-Based,1,15,12,61,53,2646,18,6
60,Glowcap,Supp,Int-Based,1,17,13,61,54,2731,18,6
61,Glowcap,Supp,Int-Based,1,17,13,62,55,2816,18,7
62,Glowcap,Supp,Int-Based,1,17,13,63,56,2904,18,7
63,Glowcap,Supp,Int-Based,1,17,13,64,57,2993,19,7
64,Glowcap,Supp,Int-Based,1,17,13,65,58,3084,19,7
65,Glowcap,Supp,Int-Based,1,17,13,66,59,3176,19,7
66,Glowcap,Supp,Int-Based,1,18,14,67,59,3251,19,7
67,Glowcap,Supp,Int-Based,1,18,15,68,60,3347,21,7
68,Glowcap,Supp,Int-Based,1,18,15,69,61,3443,21,7
69,Glowcap,Supp,Int-Based,1,20,16,69,62,3542,21,7
70,Glowcap,Supp,Int-Based,1,20,16,70,63,3644,21,7
71,Glowcap,Supp,Int-Based,1,20,16,71,64,3747,21,8
72,Glowcap,Supp,Int-Based,1,20,16,72,65,3852,22,8
73,Glowcap,Supp,Int-Based,1,20,16,73,66,3960,22,8
74,Glowcap,Supp,Int-Based,1,21,18,74,66,4043,22,8
75,Glowcap,Supp,Int-Based,1,21,18,75,67,4154,22,8
76,Glowcap,Supp,Int-Based,1,21,18,76,68,4267,22,8
77,Glowcap,Supp,Int-Based,1,21,18,77,69,4380,23,8
78,Glowcap,Supp,Int-Based,1,22,18,77,71,4522,23,8
79,Glowcap,Supp,Int-Based,1,22,18,79,71,4615,23,8
80,Glowcap,Supp,Int-Based,1,22,18,80,72,4735,23,8
81,Glowcap,Supp,Int-Based,1,23,20,80,73,4857,24,9
82,Glowcap,Supp,Int-Based,1,23,20,81,74,4981,25,9
83,Glowcap,Supp,Int-Based,1,23,20,82,75,5108,25,9
84,Glowcap,Supp,Int-Based,1,25,20,83,75,5206,25,9
85,Glowcap,Supp,Int-Based,1,25,20,84,76,5336,25,9
86,Glowcap,Supp,Int-Based,1,25,21,85,77,5467,26,9
87,Glowcap,Supp,Int-Based,1,25,21,86,78,5601,26,9
88,Glowcap,Supp,Int-Based,1,25,21,87,79,5738,26,9
89,Glowcap,Supp,Int-Based,1,25,21,88,80,5877,26,9
90,Glowcap,Supp,Int-Based,1,26,21,89,81,6016,26,9
91,Glowcap,Supp,Int-Based,1,26,21,90,82,6158,27,10
92,Glowcap,Supp,Int-Based,1,28,22,90,83,6304,27,10
93,Glowcap,Supp,Int-Based,1,28,22,92,83,6415,27,10
94,Glowcap,Supp,Int-Based,1,28,22,93,84,6565,27,10
95,Glowcap,Supp,Int-Based,1,29,23,93,85,6715,27,10
96,Glowcap,Supp,Int-Based,1,29,24,94,86,6868,28,10
97,Glowcap,Supp,Int-Based,1,29,24,95,87,7023,28,10
98,Glowcap,Supp,Int-Based,1,29,24,96,88,7181,28,10
99,Glowcap,Supp,Int-Based,1,29,24,97,89,7342,28,10
100,Glowcap,Supp,Int-Based,1,30,24,98,90,7505,29,11
1,Marigloom,Supp,Int-Based,1,5,5,9,9,163,5,1
2,Marigloom,Supp,Int-Based,1,5,5,10,9,175,5,1
3,Marigloom,Supp,Int-Based,1,5,5,11,10,190,5,1
4,Marigloom,Supp,Int-Based,1,5,5,12,10,204,5,1
5,Marigloom,Supp,Int-Based,1,5,5,13,10,218,5,1
6,Marigloom,Supp,Int-Based,1,6,5,13,11,236,6,1
7,Marigloom,Supp,Int-Based,1,6,5,14,11,251,6,1
8,Marigloom,Supp,Int-Based,1,6,6,15,11,268,6,1
9,Marigloom,Supp,Int-Based,1,6,6,15,12,288,6,1
10,Marigloom,Supp,Int-Based,1,7,6,16,12,305,6,1
11,Marigloom,Supp,Int-Based,1,8,6,16,13,327,7,1
12,Marigloom,Supp,Int-Based,1,8,7,17,13,346,7,2
13,Marigloom,Supp,Int-Based,1,9,7,17,14,369,7,2
14,Marigloom,Supp,Int-Based,1,9,8,18,14,389,7,2
15,Marigloom,Supp,Int-Based,1,10,8,19,14,411,7,2
16,Marigloom,Supp,Int-Based,1,10,8,20,15,437,8,2
17,Marigloom,Supp,Int-Based,1,10,8,21,16,464,8,2
18,Marigloom,Supp,Int-Based,1,10,8,21,18,495,8,2
19,Marigloom,Supp,Int-Based,1,10,9,22,18,520,8,2
20,Marigloom,Supp,Int-Based,1,10,9,22,20,554,9,2
21,Marigloom,Supp,Int-Based,1,10,9,23,21,585,9,2
22,Marigloom,Supp,Int-Based,1,11,9,24,21,612,9,2
23,Marigloom,Supp,Int-Based,1,11,9,26,21,640,9,3
24,Marigloom,Supp,Int-Based,1,12,9,26,22,674,9,3
25,Marigloom,Supp,Int-Based,1,13,9,27,22,702,10,3
26,Marigloom,Supp,Int-Based,1,13,9,28,23,739,10,3
27,Marigloom,Supp,Int-Based,1,13,9,29,24,776,10,3
28,Marigloom,Supp,Int-Based,1,13,9,30,25,815,10,3
29,Marigloom,Supp,Int-Based,1,13,9,31,26,854,10,3
30,Marigloom,Supp,Int-Based,1,13,9,31,28,901,11,3
31,Marigloom,Supp,Int-Based,1,13,9,32,29,942,11,3
32,Marigloom,Supp,Int-Based,1,13,9,33,30,986,11,3
33,Marigloom,Supp,Int-Based,1,13,9,34,31,1030,11,3
34,Marigloom,Supp,Int-Based,1,14,9,35,31,1068,12,4
35,Marigloom,Supp,Int-Based,1,14,9,36,32,1115,12,4
36,Marigloom,Supp,Int-Based,1,14,9,38,32,1155,12,4
37,Marigloom,Supp,Int-Based,1,14,9,39,33,1204,12,4
38,Marigloom,Supp,Int-Based,1,14,9,40,34,1255,12,4
39,Marigloom,Supp,Int-Based,1,14,9,41,35,1306,13,4
40,Marigloom,Supp,Int-Based,1,14,9,41,37,1370,13,4
41,Marigloom,Supp,Int-Based,1,14,9,42,38,1425,13,4
42,Marigloom,Supp,Int-Based,1,14,9,43,39,1481,13,4
43,Marigloom,Supp,Int-Based,1,14,9,44,40,1538,13,4
44,Marigloom,Supp,Int-Based,1,14,9,45,41,1597,14,4
45,Marigloom,Supp,Int-Based,1,15,10,46,41,1646,15,5
46,Marigloom,Supp,Int-Based,1,15,10,47,42,1708,15,5
47,Marigloom,Supp,Int-Based,1,15,10,48,43,1771,15,5
48,Marigloom,Supp,Int-Based,1,15,10,49,44,1836,15,5
49,Marigloom,Supp,Int-Based,1,15,10,50,45,1902,16,5
50,Marigloom,Supp,Int-Based,1,15,10,51,46,1969,16,5
51,Marigloom,Supp,Int-Based,1,15,10,52,47,2038,16,5
52,Marigloom,Supp,Int-Based,1,15,10,53,48,2110,16,5
53,Marigloom,Supp,Int-Based,1,15,10,54,49,2182,17,5
54,Marigloom,Supp,Int-Based,1,15,10,55,50,2256,17,5
55,Marigloom,Supp,Int-Based,1,15,10,56,51,2331,17,5
56,Marigloom,Supp,Int-Based,1,15,10,57,52,2409,17,6
57,Marigloom,Supp,Int-Based,1,15,10,58,53,2487,17,6
58,Marigloom,Supp,Int-Based,1,15,10,59,54,2567,18,6
59,Marigloom,Supp,Int-Based,1,15,10,60,55,2650,18,6
60,Marigloom,Supp,Int-Based,1,17,10,61,55,2715,18,6
61,Marigloom,Supp,Int-Based,1,17,10,62,56,2801,18,6
62,Marigloom,Supp,Int-Based,1,17,10,63,57,2887,18,6
63,Marigloom,Supp,Int-Based,1,17,10,64,58,2976,19,6
64,Marigloom,Supp,Int-Based,1,17,10,65,59,3065,19,6
65,Marigloom,Supp,Int-Based,1,17,10,66,60,3158,19,6
66,Marigloom,Supp,Int-Based,1,17,11,67,61,3252,19,6
67,Marigloom,Supp,Int-Based,1,19,11,67,62,3346,20,7
68,Marigloom,Supp,Int-Based,1,19,11,68,63,3444,20,7
69,Marigloom,Supp,Int-Based,1,19,11,69,64,3544,20,7
70,Marigloom,Supp,Int-Based,1,19,11,70,65,3644,20,7
71,Marigloom,Supp,Int-Based,1,20,13,71,65,3724,20,7
72,Marigloom,Supp,Int-Based,1,20,13,72,66,3827,21,7
73,Marigloom,Supp,Int-Based,1,20,13,73,67,3934,21,7
74,Marigloom,Supp,Int-Based,1,20,13,74,68,4042,21,7
75,Marigloom,Supp,Int-Based,1,21,13,74,70,4176,21,7
76,Marigloom,Supp,Int-Based,1,21,13,76,70,4263,21,7
77,Marigloom,Supp,Int-Based,1,21,13,77,71,4377,22,7
78,Marigloom,Supp,Int-Based,1,23,13,77,72,4492,22,8
79,Marigloom,Supp,Int-Based,1,23,13,78,73,4610,22,8
80,Marigloom,Supp,Int-Based,1,23,13,80,73,4703,22,8
81,Marigloom,Supp,Int-Based,1,23,14,81,74,4825,22,8
82,Marigloom,Supp,Int-Based,1,23,14,82,75,4947,23,8
83,Marigloom,Supp,Int-Based,1,24,16,82,76,5072,24,8
84,Marigloom,Supp,Int-Based,1,24,16,83,77,5200,24,8
85,Marigloom,Supp,Int-Based,1,24,16,84,78,5329,24,8
86,Marigloom,Supp,Int-Based,1,24,16,85,79,5459,25,8
87,Marigloom,Supp,Int-Based,1,24,16,86,80,5594,25,8
88,Marigloom,Supp,Int-Based,1,27,16,86,81,5728,25,8
89,Marigloom,Supp,Int-Based,1,27,16,87,82,5867,25,9
90,Marigloom,Supp,Int-Based,1,27,16,89,82,5973,25,9
91,Marigloom,Supp,Int-Based,1,27,16,90,83,6115,26,9
92,Marigloom,Supp,Int-Based,1,27,17,91,84,6257,26,9
93,Marigloom,Supp,Int-Based,1,27,17,92,85,6404,26,9
94,Marigloom,Supp,Int-Based,1,29,18,92,86,6552,26,9
95,Marigloom,Supp,Int-Based,1,29,18,93,87,6702,26,9
96,Marigloom,Supp,Int-Based,1,29,18,94,88,6854,27,9
97,Marigloom,Supp,Int-Based,1,29,18,95,89,7010,27,9
98,Marigloom,Supp,Int-Based,1,29,18,96,90,7166,27,9
99,Marigloom,Supp,Int-Based,1,30,18,97,91,7324,27,9
100,Marigloom,Supp,Int-Based,1,30,18,98,92,7488,28,10
1,Mossling,Tank / Supp,Strength-based,6,2,4,8,9,196,14,3
2,Mossling,Tank / Supp,Strength-based,6,2,4,8,10,221,15,3
3,Mossling,Tank / Supp,Strength-based,6,2,4,9,11,247,16,3
4,Mossling,Tank / Supp,Strength-based,6,2,4,9,12,275,17,3
5,Mossling,Tank / Supp,Strength-based,6,2,4,9,13,305,18,3
6,Mossling,Tank / Supp,Strength-based,6,2,4,9,14,336,19,4
7,Mossling,Tank / Supp,Strength-based,6,2,5,10,14,365,21,4
8,Mossling,Tank / Supp,Strength-based,7,2,5,10,15,400,23,4
9,Mossling,Tank / Supp,Strength-based,7,2,6,11,15,432,25,4
10,Mossling,Tank / Supp,Strength-based,7,2,6,11,16,469,26,5
11,Mossling,Tank / Supp,Strength-based,7,2,6,12,17,508,27,5
12,Mossling,Tank / Supp,Strength-based,8,2,6,12,18,549,29,5
13,Mossling,Tank / Supp,Strength-based,9,2,6,13,18,587,31,5
14,Mossling,Tank / Supp,Strength-based,9,2,7,13,19,630,32,5
15,Mossling,Tank / Supp,Strength-based,10,2,7,13,20,676,35,6
16,Mossling,Tank / Supp,Strength-based,10,2,7,14,21,724,36,6
17,Mossling,Tank / Supp,Strength-based,10,2,8,15,21,768,38,6
18,Mossling,Tank / Supp,Strength-based,11,2,8,15,22,819,40,6
19,Mossling,Tank / Supp,Strength-based,11,2,8,16,23,872,41,7
20,Mossling,Tank / Supp,Strength-based,12,2,8,17,23,920,43,7
21,Mossling,Tank / Supp,Strength-based,12,2,9,17,24,977,44,7
22,Mossling,Tank / Supp,Strength-based,12,2,9,18,25,1035,45,7
23,Mossling,Tank / Supp,Strength-based,12,2,9,19,26,1096,46,7
24,Mossling,Tank / Supp,Strength-based,13,3,10,19,26,1150,50,8
25,Mossling,Tank / Supp,Strength-based,13,3,10,20,27,1214,51,8
26,Mossling,Tank / Supp,Strength-based,13,3,11,21,28,1281,52,8
27,Mossling,Tank / Supp,Strength-based,14,3,11,21,29,1349,54,8
28,Mossling,Tank / Supp,Strength-based,14,3,11,22,30,1420,55,9
29,Mossling,Tank / Supp,Strength-based,15,4,11,22,31,1493,57,9
30,Mossling,Tank / Supp,Strength-based,15,4,12,23,31,1556,58,9
31,Mossling,Tank / Supp,Strength-based,15,4,12,24,32,1634,59,9
32,Mossling,Tank / Supp,Strength-based,16,5,12,24,33,1713,62,9
33,Mossling,Tank / Supp,Strength-based,16,5,12,25,34,1795,63,10
34,Mossling,Tank / Supp,Strength-based,17,5,14,25,34,1865,65,10
35,Mossling,Tank / Supp,Strength-based,17,5,14,26,35,1950,66,10
36,Mossling,Tank / Supp,Strength-based,17,5,14,27,36,2040,67,10
37,Mossling,Tank / Supp,Strength-based,19,5,14,27,37,2130,70,11
38,Mossling,Tank / Supp,Strength-based,19,5,14,28,38,2223,71,11
39,Mossling,Tank / Supp,Strength-based,20,5,15,29,38,2301,77,11
40,Mossling,Tank / Supp,Strength-based,20,6,15,30,39,2399,79,11
41,Mossling,Tank / Supp,Strength-based,20,7,15,31,40,2500,80,11
42,Mossling,Tank / Supp,Strength-based,21,7,16,31,41,2602,82,12
43,Mossling,Tank / Supp,Strength-based,21,7,16,32,42,2707,83,12
44,Mossling,Tank / Supp,Strength-based,22,7,16,32,43,2815,85,12
45,Mossling,Tank / Supp,Strength-based,23,7,17,33,43,2905,87,12
46,Mossling,Tank / Supp,Strength-based,23,7,17,34,44,3018,88,13
47,Mossling,Tank / Supp,Strength-based,24,7,18,34,45,3133,91,13
48,Mossling,Tank / Supp,Strength-based,24,7,18,35,46,3251,92,13
49,Mossling,Tank / Supp,Strength-based,24,8,18,36,47,3372,93,13
50,Mossling,Tank / Supp,Strength-based,24,8,20,36,48,3495,95,13
51,Mossling,Tank / Supp,Strength-based,26,8,20,37,48,3597,98,14
52,Mossling,Tank / Supp,Strength-based,26,9,20,38,49,3725,99,14
53,Mossling,Tank / Supp,Strength-based,26,10,20,39,50,3856,100,14
54,Mossling,Tank / Supp,Strength-based,27,10,21,39,51,3990,102,14
55,Mossling,Tank / Supp,Strength-based,27,10,21,40,52,4128,104,15
56,Mossling,Tank / Supp,Strength-based,27,11,21,41,53,4268,105,15
57,Mossling,Tank / Supp,Strength-based,27,11,21,42,54,4410,106,15
58,Mossling,Tank / Supp,Strength-based,28,11,22,42,55,4557,108,15
59,Mossling,Tank / Supp,Strength-based,29,11,23,43,55,4676,110,15
60,Mossling,Tank / Supp,Strength-based,29,11,23,44,56,4826,111,16
61,Mossling,Tank / Supp,Strength-based,30,11,23,45,57,4981,118,16
62,Mossling,Tank / Supp,Strength-based,31,11,24,45,58,5139,121,16
63,Mossling,Tank / Supp,Strength-based,31,11,24,46,59,5299,122,16
64,Mossling,Tank / Supp,Strength-based,31,11,25,47,60,5464,124,17
65,Mossling,Tank / Supp,Strength-based,32,12,25,47,61,5630,126,17
66,Mossling,Tank / Supp,Strength-based,32,12,25,48,62,5801,127,17
67,Mossling,Tank / Supp,Strength-based,33,13,26,49,62,5937,129,17
68,Mossling,Tank / Supp,Strength-based,33,13,26,50,63,6114,130,17
69,Mossling,Tank / Supp,Strength-based,33,13,27,51,64,6292,131,18
70,Mossling,Tank / Supp,Strength-based,34,14,27,51,65,6476,134,18
71,Mossling,Tank / Supp,Strength-based,34,14,27,52,66,6661,135,18
72,Mossling,Tank / Supp,Strength-based,35,14,28,53,66,6809,137,18
73,Mossling,Tank / Supp,Strength-based,35,14,29,53,68,7044,138,19
74,Mossling,Tank / Supp,Strength-based,37,14,29,54,68,7197,141,19
75,Mossling,Tank / Supp,Strength-based,37,14,29,55,69,7395,142,19
76,Mossling,Tank / Supp,Strength-based,37,14,30,56,70,7597,144,19
77,Mossling,Tank / Supp,Strength-based,37,14,31,57,71,7804,145,19
78,Mossling,Tank / Supp,Strength-based,38,14,31,57,72,8013,148,20
79,Mossling,Tank / Supp,Strength-based,39,14,31,58,73,8226,150,20
80,Mossling,Tank / Supp,Strength-based,39,14,31,59,74,8442,151,20
81,Mossling,Tank / Supp,Strength-based,40,14,31,60,75,8662,160,20
82,Mossling,Tank / Supp,Strength-based,41,14,32,61,75,8835,162,21
83,Mossling,Tank / Supp,Strength-based,41,14,32,61,77,9113,163,21
84,Mossling,Tank / Supp,Strength-based,41,14,33,62,78,9345,164,21
85,Mossling,Tank / Supp,Strength-based,42,14,34,63,78,9526,167,21
86,Mossling,Tank / Supp,Strength-based,42,14,34,64,79,9764,168,21
87,Mossling,Tank / Supp,Strength-based,43,14,34,65,80,10006,170,22
88,Mossling,Tank / Supp,Strength-based,44,14,35,65,81,10251,173,22
89,Mossling,Tank / Supp,Strength-based,44,14,35,66,82,10501,174,22
90,Mossling,Tank / Supp,Strength-based,44,14,36,67,83,10754,175,22
91,Mossling,Tank / Supp,Strength-based,46,14,36,68,83,10952,178,23
92,Mossling,Tank / Supp,Strength-based,46,14,36,68,85,11273,179,23
93,Mossling,Tank / Supp,Strength-based,46,14,37,69,86,11539,181,23
94,Mossling,Tank / Supp,Strength-based,47,14,38,70,86,11744,183,23
95,Mossling,Tank / Supp,Strength-based,47,14,39,71,87,12016,184,23
96,Mossling,Tank / Supp,Strength-based,47,14,39,72,88,12293,185,24
97,Mossling,Tank / Supp,Strength-based,48,14,39,73,89,12574,187,24
98,Mossling,Tank / Supp,Strength-based,49,14,40,73,90,12857,190,24
99,Mossling,Tank / Supp,Strength-based,49,14,40,74,91,13146,191,24
100,Mossling,Tank / Supp,Strength-based,50,14,40,75,92,13440,203,25
1,Skycorolla,DPS,Int-Based,1,8,3,9,8,151,4,1
2,Skycorolla,DPS,Int-Based,1,8,3,10,8,162,4,1
3,Skycorolla,DPS,Int-Based,1,8,4,11,8,173,4,1
4,Skycorolla,DPS,Int-Based,1,8,4,12,8,185,4,1
5,Skycorolla,DPS,Int-Based,1,8,4,13,8,197,4,1
6,Skycorolla,DPS,Int-Based,1,8,4,14,8,211,5,1
7,Skycorolla,DPS,Int-Based,1,9,4,15,8,224,5,1
8,Skycorolla,DPS,Int-Based,1,9,4,16,8,238,5,1
9,Skycorolla,DPS,Int-Based,1,9,4,17,9,256,5,1
10,Skycorolla,DPS,Int-Based,1,9,4,18,9,271,6,1
11,Skycorolla,DPS,Int-Based,1,10,4,19,9,286,6,1
12,Skycorolla,DPS,Int-Based,1,10,4,20,10,305,6,1
13,Skycorolla,DPS,Int-Based,1,11,4,21,10,323,6,1
14,Skycorolla,DPS,Int-Based,1,11,4,22,11,344,7,2
15,Skycorolla,DPS,Int-Based,1,12,5,22,11,361,8,2
16,Skycorolla,DPS,Int-Based,1,12,6,23,11,380,8,2
17,Skycorolla,DPS,Int-Based,1,13,6,23,12,404,8,2
18,Skycorolla,DPS,Int-Based,1,13,7,24,12,423,8,2
19,Skycorolla,DPS,Int-Based,1,13,8,25,12,444,9,2
20,Skycorolla,DPS,Int-Based,1,13,9,26,12,464,9,2
21,Skycorolla,DPS,Int-Based,1,14,9,26,13,491,9,2
22,Skycorolla,DPS,Int-Based,1,14,9,27,14,517,9,2
23,Skycorolla,DPS,Int-Based,1,15,9,28,14,541,10,2
24,Skycorolla,DPS,Int-Based,1,16,9,29,14,564,10,2
25,Skycorolla,DPS,Int-Based,1,16,9,30,15,593,10,2
26,Skycorolla,DPS,Int-Based,1,17,10,31,15,618,11,3
27,Skycorolla,DPS,Int-Based,1,17,10,32,16,649,12,3
28,Skycorolla,DPS,Int-Based,1,18,11,32,17,682,12,3
29,Skycorolla,DPS,Int-Based,1,19,11,33,17,709,12,3
30,Skycorolla,DPS,Int-Based,1,19,11,34,18,742,12,3
31,Skycorolla,DPS,Int-Based,1,20,11,35,18,770,12,3
32,Skycorolla,DPS,Int-Based,1,21,11,35,20,813,13,3
33,Skycorolla,DPS,Int-Based,1,21,11,37,20,843,13,3
34,Skycorolla,DPS,Int-Based,1,22,11,38,20,873,13,3
35,Skycorolla,DPS,Int-Based,1,22,11,39,21,912,13,3
36,Skycorolla,DPS,Int-Based,1,23,11,40,21,943,14,3
37,Skycorolla,DPS,Int-Based,1,25,11,40,22,984,14,3
38,Skycorolla,DPS,Int-Based,1,25,11,41,23,1025,14,3
39,Skycorolla,DPS,Int-Based,1,26,11,42,23,1060,14,4
40,Skycorolla,DPS,Int-Based,1,26,11,43,24,1103,15,4
41,Skycorolla,DPS,Int-Based,1,27,11,44,24,1139,15,4
42,Skycorolla,DPS,Int-Based,1,27,12,45,25,1185,15,4
43,Skycorolla,DPS,Int-Based,1,28,12,46,25,1222,15,4
44,Skycorolla,DPS,Int-Based,1,30,12,46,26,1270,15,4
45,Skycorolla,DPS,Int-Based,1,30,12,47,27,1319,16,4
46,Skycorolla,DPS,Int-Based,1,30,12,49,27,1358,16,4
47,Skycorolla,DPS,Int-Based,1,32,12,49,28,1409,16,4
48,Skycorolla,DPS,Int-Based,1,32,12,51,28,1450,16,4
49,Skycorolla,DPS,Int-Based,1,32,12,52,29,1504,17,4
50,Skycorolla,DPS,Int-Based,1,33,12,52,31,1570,17,4
51,Skycorolla,DPS,Int-Based,1,34,12,53,31,1613,17,5
52,Skycorolla,DPS,Int-Based,1,35,12,54,31,1658,17,5
53,Skycorolla,DPS,Int-Based,1,35,13,55,32,1716,18,5
54,Skycorolla,DPS,Int-Based,1,36,13,56,32,1762,18,5
55,Skycorolla,DPS,Int-Based,1,36,13,57,33,1822,18,5
56,Skycorolla,DPS,Int-Based,1,37,14,58,33,1869,18,5
57,Skycorolla,DPS,Int-Based,1,39,14,58,34,1933,19,5
58,Skycorolla,DPS,Int-Based,1,39,14,60,34,1981,19,5
59,Skycorolla,DPS,Int-Based,1,40,15,60,35,2047,20,5
60,Skycorolla,DPS,Int-Based,1,40,16,61,36,2113,20,5
61,Skycorolla,DPS,Int-Based,1,41,16,62,36,2165,20,5
62,Skycorolla,DPS,Int-Based,1,41,17,63,37,2234,21,5
63,Skycorolla,DPS,Int-Based,1,42,17,64,37,2287,21,6
64,Skycorolla,DPS,Int-Based,1,44,17,64,38,2359,21,6
65,Skycorolla,DPS,Int-Based,1,44,17,65,39,2432,21,6
66,Skycorolla,DPS,Int-Based,1,44,17,67,39,2488,22,6
67,Skycorolla,DPS,Int-Based,1,46,17,67,40,2563,22,6
68,Skycorolla,DPS,Int-Based,1,46,18,68,41,2640,22,6
69,Skycorolla,DPS,Int-Based,1,47,19,69,41,2700,22,6
70,Skycorolla,DPS,Int-Based,1,47,19,70,42,2778,23,6
71,Skycorolla,DPS,Int-Based,1,48,20,71,42,2840,24,6
72,Skycorolla,DPS,Int-Based,1,49,21,72,42,2901,24,6
73,Skycorolla,DPS,Int-Based,1,49,21,73,43,2984,24,6
74,Skycorolla,DPS,Int-Based,1,51,21,73,44,3070,24,6
75,Skycorolla,DPS,Int-Based,1,51,21,75,44,3133,25,6
76,Skycorolla,DPS,Int-Based,1,52,21,75,46,3244,25,7
77,Skycorolla,DPS,Int-Based,1,53,21,76,46,3309,25,7
78,Skycorolla,DPS,Int-Based,1,53,21,78,46,3376,25,7
79,Skycorolla,DPS,Int-Based,1,55,21,78,47,3469,26,7
80,Skycorolla,DPS,Int-Based,1,55,21,79,48,3562,26,7
81,Skycorolla,DPS,Int-Based,1,56,21,80,49,3657,26,7
82,Skycorolla,DPS,Int-Based,1,57,21,81,49,3729,26,7
83,Skycorolla,DPS,Int-Based,1,57,21,82,51,3853,27,7
84,Skycorolla,DPS,Int-Based,1,58,21,83,51,3927,27,7
85,Skycorolla,DPS,Int-Based,1,59,22,84,51,4001,27,7
86,Skycorolla,DPS,Int-Based,1,60,22,85,51,4077,27,7
87,Skycorolla,DPS,Int-Based,1,60,23,86,52,4181,27,7
88,Skycorolla,DPS,Int-Based,1,62,23,86,53,4285,28,8
89,Skycorolla,DPS,Int-Based,1,62,23,88,53,4365,28,8
90,Skycorolla,DPS,Int-Based,1,63,23,88,54,4473,28,8
91,Skycorolla,DPS,Int-Based,1,64,23,89,55,4583,28,8
92,Skycorolla,DPS,Int-Based,1,64,23,91,55,4665,29,8
93,Skycorolla,DPS,Int-Based,1,66,23,91,56,4778,29,8
94,Skycorolla,DPS,Int-Based,1,66,23,92,57,4893,29,8
95,Skycorolla,DPS,Int-Based,1,67,23,93,57,4978,29,8
96,Skycorolla,DPS,Int-Based,1,68,23,94,58,5097,30,8
97,Skycorolla,DPS,Int-Based,1,68,23,95,59,5216,30,8
98,Skycorolla,DPS,Int-Based,1,69,23,96,60,5339,30,8
99,Skycorolla,DPS,Int-Based,1,70,23,97,60,5428,30,8
100,Skycorolla,DPS,Int-Based,1,71,23,98,61,5554,31,9
1,Ambercolossus,Tank,Strength-based,9,2,6,3,9,207,18,4
2,Ambercolossus,Tank,Strength-based,9,2,6,3,10,236,19,4
3,Ambercolossus,Tank,Strength-based,10,2,6,3,11,267,22,4
4,Ambercolossus,Tank,Strength-based,10,2,6,3,12,300,23,4
5,Ambercolossus,Tank,Strength-based,10,2,6,3,13,335,24,5
6,Ambercolossus,Tank,Strength-based,11,2,7,3,13,369,27,5
7,Ambercolossus,Tank,Strength-based,11,2,7,3,14,408,28,5
8,Ambercolossus,Tank,Strength-based,11,3,7,3,15,448,29,6
9,Ambercolossus,Tank,Strength-based,12,3,7,3,15,486,31,6
10,Ambercolossus,Tank,Strength-based,12,3,8,3,16,531,33,6
11,Ambercolossus,Tank,Strength-based,12,3,9,3,17,576,34,7
12,Ambercolossus,Tank,Strength-based,13,3,9,4,17,620,36,7
13,Ambercolossus,Tank,Strength-based,13,3,10,4,18,670,38,7
14,Ambercolossus,Tank,Strength-based,14,4,10,4,18,716,41,7
15,Ambercolossus,Tank,Strength-based,14,4,11,4,19,769,42,8
16,Ambercolossus,Tank,Strength-based,15,4,11,4,20,825,44,8
17,Ambercolossus,Tank,Strength-based,16,4,11,4,21,884,46,8
18,Ambercolossus,Tank,Strength-based,16,4,11,5,22,945,47,9
19,Ambercolossus,Tank,Strength-based,18,4,11,5,22,1000,51,9
20,Ambercolossus,Tank,Strength-based,18,5,11,5,23,1065,52,9
21,Ambercolossus,Tank,Strength-based,19,5,11,5,24,1132,54,10
22,Ambercolossus,Tank,Strength-based,20,5,11,5,25,1201,59,10
23,Ambercolossus,Tank,Strength-based,21,5,11,5,26,1273,62,10
24,Ambercolossus,Tank,Strength-based,21,5,12,5,27,1347,63,10
25,Ambercolossus,Tank,Strength-based,21,5,13,5,28,1424,64,11
26,Ambercolossus,Tank,Strength-based,22,5,13,5,29,1504,66,11
27,Ambercolossus,Tank,Strength-based,23,5,13,5,30,1586,69,11
28,Ambercolossus,Tank,Strength-based,24,5,13,5,31,1670,71,12
29,Ambercolossus,Tank,Strength-based,25,5,14,5,31,1744,73,12
30,Ambercolossus,Tank,Strength-based,26,5,14,5,32,1833,75,12
31,Ambercolossus,Tank,Strength-based,26,5,15,5,33,1925,77,13
32,Ambercolossus,Tank,Strength-based,27,5,15,5,34,2020,80,13
33,Ambercolossus,Tank,Strength-based,28,5,15,5,35,2118,82,13
34,Ambercolossus,Tank,Strength-based,28,5,16,6,36,2218,83,14
35,Ambercolossus,Tank,Strength-based,29,5,16,6,37,2322,85,14
36,Ambercolossus,Tank,Strength-based,30,5,16,6,38,2427,93,14
37,Ambercolossus,Tank,Strength-based,31,5,18,6,38,2518,95,14
38,Ambercolossus,Tank,Strength-based,31,5,18,6,40,2648,96,15
39,Ambercolossus,Tank,Strength-based,32,5,18,6,41,2763,98,15
40,Ambercolossus,Tank,Strength-based,33,5,20,6,41,2860,102,15
41,Ambercolossus,Tank,Strength-based,34,5,20,6,42,2980,104,16
42,Ambercolossus,Tank,Strength-based,35,5,20,6,43,3104,106,16
43,Ambercolossus,Tank,Strength-based,35,5,21,7,44,3229,107,16
44,Ambercolossus,Tank,Strength-based,36,5,21,7,45,3359,109,17
45,Ambercolossus,Tank,Strength-based,37,5,21,7,46,3492,112,17
46,Ambercolossus,Tank,Strength-based,37,5,22,8,47,3627,113,17
47,Ambercolossus,Tank,Strength-based,38,5,22,8,48,3768,115,17
48,Ambercolossus,Tank,Strength-based,39,6,22,8,49,3909,117,18
49,Ambercolossus,Tank,Strength-based,40,6,23,9,49,4028,127,18
50,Ambercolossus,Tank,Strength-based,40,6,23,9,51,4203,128,18
51,Ambercolossus,Tank,Strength-based,41,6,25,9,51,4327,131,19
52,Ambercolossus,Tank,Strength-based,42,6,25,9,52,4482,133,19
53,Ambercolossus,Tank,Strength-based,43,6,25,9,53,4642,136,19
54,Ambercolossus,Tank,Strength-based,44,6,25,9,54,4803,138,20
55,Ambercolossus,Tank,Strength-based,44,6,26,10,55,4969,139,20
56,Ambercolossus,Tank,Strength-based,45,7,26,10,56,5137,141,20
57,Ambercolossus,Tank,Strength-based,46,7,26,10,57,5309,144,20
58,Ambercolossus,Tank,Strength-based,46,7,28,10,58,5485,145,21
59,Ambercolossus,Tank,Strength-based,47,7,28,10,59,5665,147,21
60,Ambercolossus,Tank,Strength-based,48,7,28,11,60,5849,149,21
61,Ambercolossus,Tank,Strength-based,49,8,28,11,61,6035,151,22
62,Ambercolossus,Tank,Strength-based,50,8,30,11,61,6188,164,22
63,Ambercolossus,Tank,Strength-based,50,8,30,11,63,6422,165,22
64,Ambercolossus,Tank,Strength-based,51,8,30,11,64,6620,167,23
65,Ambercolossus,Tank,Strength-based,52,8,32,11,64,6781,169,23
66,Ambercolossus,Tank,Strength-based,53,8,32,11,65,6986,172,23
67,Ambercolossus,Tank,Strength-based,54,9,32,11,66,7196,174,24
68,Ambercolossus,Tank,Strength-based,55,9,32,11,67,7408,176,24
69,Ambercolossus,Tank,Strength-based,55,9,33,12,68,7625,177,24
70,Ambercolossus,Tank,Strength-based,56,10,33,12,69,7846,180,24
71,Ambercolossus,Tank,Strength-based,56,10,34,13,70,8071,181,25
72,Ambercolossus,Tank,Strength-based,57,10,34,14,71,8300,183,25
73,Ambercolossus,Tank,Strength-based,58,10,34,14,72,8534,185,25
74,Ambercolossus,Tank,Strength-based,59,10,36,14,72,8720,188,26
75,Ambercolossus,Tank,Strength-based,60,10,36,14,73,8961,202,26
76,Ambercolossus,Tank,Strength-based,60,10,36,14,75,9259,203,26
77,Ambercolossus,Tank,Strength-based,61,10,36,15,76,9509,205,27
78,Ambercolossus,Tank,Strength-based,62,10,38,15,76,9708,207,27
79,Ambercolossus,Tank,Strength-based,63,10,38,15,77,9965,210,27
80,Ambercolossus,Tank,Strength-based,64,10,38,16,78,10227,212,27
81,Ambercolossus,Tank,Strength-based,64,10,40,16,79,10494,214,28
82,Ambercolossus,Tank,Strength-based,65,10,40,16,80,10764,216,28
83,Ambercolossus,Tank,Strength-based,66,10,40,17,81,11039,219,28
84,Ambercolossus,Tank,Strength-based,67,10,40,17,82,11320,221,29
85,Ambercolossus,Tank,Strength-based,67,10,42,17,83,11604,222,29
86,Ambercolossus,Tank,Strength-based,68,10,42,17,84,11891,224,29
87,Ambercolossus,Tank,Strength-based,69,10,42,18,85,12185,226,30
88,Ambercolossus,Tank,Strength-based,70,10,42,18,86,12484,242,30
89,Ambercolossus,Tank,Strength-based,71,10,42,18,87,12787,244,30
90,Ambercolossus,Tank,Strength-based,72,10,43,18,88,13094,246,30
91,Ambercolossus,Tank,Strength-based,72,10,44,18,89,13405,247,31
92,Ambercolossus,Tank,Strength-based,73,10,45,18,90,13721,251,31
93,Ambercolossus,Tank,Strength-based,74,10,45,18,91,14044,253,31
94,Ambercolossus,Tank,Strength-based,75,10,45,18,92,14371,255,32
95,Ambercolossus,Tank,Strength-based,75,10,47,18,93,14702,256,32
96,Ambercolossus,Tank,Strength-based,76,10,47,18,94,15038,259,32
97,Ambercolossus,Tank,Strength-based,77,10,48,18,95,15379,261,33
98,Ambercolossus,Tank,Strength-based,78,10,48,18,96,15725,263,33
99,Ambercolossus,Tank,Strength-based,79,10,48,18,97,16077,265,33
100,Ambercolossus,Tank,Strength-based,80,10,49,18,98,16434,283,34
1,Bloomslime,Tank / Supp,Int-Based,1,5,5,9,9,196,5,2
2,Bloomslime,Tank / Supp,Int-Based,1,5,5,10,9,219,5,2
3,Bloomslime,Tank / Supp,Int-Based,1,5,5,11,10,246,5,2
4,Bloomslime,Tank / Supp,Int-Based,1,5,5,11,11,274,5,2
5,Bloomslime,Tank / Supp,Int-Based,1,5,5,12,11,301,6,2
6,Bloomslime,Tank / Supp,Int-Based,1,6,5,12,12,333,6,3
7,Bloomslime,Tank / Supp,Int-Based,1,6,5,13,12,362,6,3
8,Bloomslime,Tank / Supp,Int-Based,1,7,5,13,13,397,6,3
9,Bloomslime,Tank / Supp,Int-Based,1,7,5,14,13,429,7,3
10,Bloomslime,Tank / Supp,Int-Based,1,7,6,14,14,467,7,3
11,Bloomslime,Tank / Supp,Int-Based,1,8,6,15,14,501,7,4
12,Bloomslime,Tank / Supp,Int-Based,1,8,7,15,15,542,7,4
13,Bloomslime,Tank / Supp,Int-Based,1,9,7,16,15,580,8,4
14,Bloomslime,Tank / Supp,Int-Based,1,9,8,16,16,624,8,4
15,Bloomslime,Tank / Supp,Int-Based,1,10,8,17,16,664,8,4
16,Bloomslime,Tank / Supp,Int-Based,1,10,8,18,17,711,8,5
17,Bloomslime,Tank / Supp,Int-Based,1,10,8,19,18,761,9,5
18,Bloomslime,Tank / Supp,Int-Based,1,10,8,20,19,811,9,5
19,Bloomslime,Tank / Supp,Int-Based,1,10,8,21,20,865,9,5
20,Bloomslime,Tank / Supp,Int-Based,1,11,8,21,21,920,9,5
21,Bloomslime,Tank / Supp,Int-Based,1,11,8,22,22,977,10,6
22,Bloomslime,Tank / Supp,Int-Based,1,12,8,23,22,1028,10,6
23,Bloomslime,Tank / Supp,Int-Based,1,13,8,23,23,1088,10,6
24,Bloomslime,Tank / Supp,Int-Based,1,13,9,24,23,1142,10,6
25,Bloomslime,Tank / Supp,Int-Based,1,13,9,25,24,1206,11,6
26,Bloomslime,Tank / Supp,Int-Based,1,13,9,26,25,1273,11,7
27,Bloomslime,Tank / Supp,Int-Based,1,13,9,27,26,1341,11,7
28,Bloomslime,Tank / Supp,Int-Based,1,13,9,28,27,1413,11,7
29,Bloomslime,Tank / Supp,Int-Based,1,13,9,29,28,1486,12,7
30,Bloomslime,Tank / Supp,Int-Based,1,13,9,30,29,1562,12,7
31,Bloomslime,Tank / Supp,Int-Based,1,13,9,31,30,1639,12,8
32,Bloomslime,Tank / Supp,Int-Based,1,13,9,32,31,1720,12,8
33,Bloomslime,Tank / Supp,Int-Based,1,13,9,33,32,1801,13,8
34,Bloomslime,Tank / Supp,Int-Based,1,14,9,33,33,1887,13,8
35,Bloomslime,Tank / Supp,Int-Based,1,14,9,34,34,1973,13,8
36,Bloomslime,Tank / Supp,Int-Based,1,14,9,35,35,2064,13,9
37,Bloomslime,Tank / Supp,Int-Based,1,14,9,36,36,2155,14,9
38,Bloomslime,Tank / Supp,Int-Based,1,14,9,37,37,2249,14,9
39,Bloomslime,Tank / Supp,Int-Based,1,14,9,38,38,2347,14,9
40,Bloomslime,Tank / Supp,Int-Based,1,14,9,39,39,2446,14,9
41,Bloomslime,Tank / Supp,Int-Based,1,14,9,40,40,2549,15,10
42,Bloomslime,Tank / Supp,Int-Based,1,14,10,41,41,2653,16,10
43,Bloomslime,Tank / Supp,Int-Based,1,15,11,42,41,2742,16,10
44,Bloomslime,Tank / Supp,Int-Based,1,16,11,42,42,2851,16,10
45,Bloomslime,Tank / Supp,Int-Based,1,16,11,43,43,2964,17,10
46,Bloomslime,Tank / Supp,Int-Based,1,16,11,44,44,3078,17,11
47,Bloomslime,Tank / Supp,Int-Based,1,16,11,45,45,3195,17,11
48,Bloomslime,Tank / Supp,Int-Based,1,16,11,46,46,3317,17,11
49,Bloomslime,Tank / Supp,Int-Based,1,16,11,47,47,3439,18,11
50,Bloomslime,Tank / Supp,Int-Based,1,16,11,48,48,3566,18,11
51,Bloomslime,Tank / Supp,Int-Based,1,16,11,49,49,3695,18,12
52,Bloomslime,Tank / Supp,Int-Based,1,17,11,50,50,3826,18,12
53,Bloomslime,Tank / Supp,Int-Based,1,17,11,51,51,3962,19,12
54,Bloomslime,Tank / Supp,Int-Based,1,17,11,52,52,4099,19,12
55,Bloomslime,Tank / Supp,Int-Based,1,18,12,53,52,4213,19,12
56,Bloomslime,Tank / Supp,Int-Based,1,18,12,54,53,4355,19,13
57,Bloomslime,Tank / Supp,Int-Based,1,18,12,55,54,4501,20,13
58,Bloomslime,Tank / Supp,Int-Based,1,18,12,56,55,4651,20,13
59,Bloomslime,Tank / Supp,Int-Based,1,18,12,57,56,4803,20,13
60,Bloomslime,Tank / Supp,Int-Based,1,18,12,58,57,4959,20,13
61,Bloomslime,Tank / Supp,Int-Based,1,18,12,59,58,5117,21,14
62,Bloomslime,Tank / Supp,Int-Based,1,18,12,60,59,5278,21,14
63,Bloomslime,Tank / Supp,Int-Based,1,19,12,61,60,5444,21,14
64,Bloomslime,Tank / Supp,Int-Based,1,19,12,62,61,5612,21,14
65,Bloomslime,Tank / Supp,Int-Based,1,21,12,62,62,5783,22,14
66,Bloomslime,Tank / Supp,Int-Based,1,21,12,63,63,5959,22,15
67,Bloomslime,Tank / Supp,Int-Based,1,21,12,64,64,6136,22,15
68,Bloomslime,Tank / Supp,Int-Based,1,21,12,65,65,6317,22,15
69,Bloomslime,Tank / Supp,Int-Based,1,21,12,66,66,6503,23,15
70,Bloomslime,Tank / Supp,Int-Based,1,21,12,67,67,6691,23,15
71,Bloomslime,Tank / Supp,Int-Based,1,21,12,68,68,6882,23,16
72,Bloomslime,Tank / Supp,Int-Based,1,23,13,69,68,7037,23,16
73,Bloomslime,Tank / Supp,Int-Based,1,23,13,70,69,7234,24,16
74,Bloomslime,Tank / Supp,Int-Based,1,23,13,71,70,7435,24,16
75,Bloomslime,Tank / Supp,Int-Based,1,23,13,72,71,7640,24,16
76,Bloomslime,Tank / Supp,Int-Based,1,23,13,73,72,7850,24,17
77,Bloomslime,Tank / Supp,Int-Based,1,23,13,74,73,8061,25,17
78,Bloomslime,Tank / Supp,Int-Based,1,25,14,74,74,8277,25,17
79,Bloomslime,Tank / Supp,Int-Based,1,25,14,75,75,8498,25,17
80,Bloomslime,Tank / Supp,Int-Based,1,25,14,76,76,8720,25,17
81,Bloomslime,Tank / Supp,Int-Based,1,25,14,77,77,8947,26,18
82,Bloomslime,Tank / Supp,Int-Based,1,25,14,78,78,9177,26,18
83,Bloomslime,Tank / Supp,Int-Based,1,27,15,79,78,9361,27,18
84,Bloomslime,Tank / Supp,Int-Based,1,27,15,80,79,9597,27,18
85,Bloomslime,Tank / Supp,Int-Based,1,27,16,81,80,9838,28,18
86,Bloomslime,Tank / Supp,Int-Based,1,27,16,82,81,10083,28,19
87,Bloomslime,Tank / Supp,Int-Based,1,27,16,83,82,10333,28,19
88,Bloomslime,Tank / Supp,Int-Based,1,27,16,84,83,10586,28,19
89,Bloomslime,Tank / Supp,Int-Based,1,29,17,84,84,10843,29,19
90,Bloomslime,Tank / Supp,Int-Based,1,29,17,85,85,11103,29,19
91,Bloomslime,Tank / Supp,Int-Based,1,29,17,86,86,11370,29,20
92,Bloomslime,Tank / Supp,Int-Based,1,31,17,87,86,11576,29,20
93,Bloomslime,Tank / Supp,Int-Based,1,32,17,88,87,11848,30,20
94,Bloomslime,Tank / Supp,Int-Based,1,32,17,89,88,12124,30,20
95,Bloomslime,Tank / Supp,Int-Based,1,32,17,90,89,12405,30,20
96,Bloomslime,Tank / Supp,Int-Based,1,32,17,91,90,12690,30,21
97,Bloomslime,Tank / Supp,Int-Based,1,33,17,92,91,12978,31,21
98,Bloomslime,Tank / Supp,Int-Based,1,33,17,93,92,13271,31,21
99,Bloomslime,Tank / Supp,Int-Based,1,33,17,94,93,13567,31,21
100,Bloomslime,Tank / Supp,Int-Based,1,33,17,95,94,13871,32,22
1,Echochime,Supp,Int-Based,1,5,5,9,9,163,5,1
2,Echochime,Supp,Int-Based,1,5,5,10,9,175,5,1
3,Echochime,Supp,Int-Based,1,5,5,11,10,189,5,1
4,Echochime,Supp,Int-Based,1,5,5,12,10,203,5,1
5,Echochime,Supp,Int-Based,1,5,5,13,10,216,5,1
6,Echochime,Supp,Int-Based,1,6,5,13,11,233,6,1
7,Echochime,Supp,Int-Based,1,6,5,14,11,248,6,1
8,Echochime,Supp,Int-Based,1,7,5,15,11,264,6,1
9,Echochime,Supp,Int-Based,1,7,5,16,11,280,6,1
10,Echochime,Supp,Int-Based,1,7,6,16,12,301,6,1
11,Echochime,Supp,Int-Based,1,8,6,17,12,318,7,1
12,Echochime,Supp,Int-Based,1,8,7,17,13,340,7,2
13,Echochime,Supp,Int-Based,1,9,7,18,13,358,7,2
14,Echochime,Supp,Int-Based,1,9,8,19,13,378,7,2
15,Echochime,Supp,Int-Based,1,10,8,19,14,402,7,2
16,Echochime,Supp,Int-Based,1,10,8,20,15,426,8,2
17,Echochime,Supp,Int-Based,1,10,8,21,16,452,8,2
18,Echochime,Supp,Int-Based,1,10,8,21,18,482,8,2
19,Echochime,Supp,Int-Based,1,11,8,22,18,506,8,2
20,Echochime,Supp,Int-Based,1,11,9,23,18,531,9,2
21,Echochime,Supp,Int-Based,1,11,9,24,19,560,9,2
22,Echochime,Supp,Int-Based,1,11,9,25,20,590,9,2
23,Echochime,Supp,Int-Based,1,11,9,26,21,621,9,3
24,Echochime,Supp,Int-Based,1,12,9,27,21,648,9,3
25,Echochime,Supp,Int-Based,1,13,9,27,22,681,10,3
26,Echochime,Supp,Int-Based,1,13,9,29,22,711,10,3
27,Echochime,Supp,Int-Based,1,13,9,30,23,746,10,3
28,Echochime,Supp,Int-Based,1,13,9,31,24,782,10,3
29,Echochime,Supp,Int-Based,1,13,9,31,26,827,10,3
30,Echochime,Supp,Int-Based,1,14,9,32,26,859,11,3
31,Echochime,Supp,Int-Based,1,14,9,33,27,899,11,3
32,Echochime,Supp,Int-Based,1,14,9,34,28,940,11,3
33,Echochime,Supp,Int-Based,1,14,9,35,29,982,11,3
34,Echochime,Supp,Int-Based,1,14,9,36,30,1027,12,4
35,Echochime,Supp,Int-Based,1,14,9,37,31,1071,12,4
36,Echochime,Supp,Int-Based,1,14,9,38,32,1116,12,4
37,Echochime,Supp,Int-Based,1,14,9,39,33,1163,12,4
38,Echochime,Supp,Int-Based,1,14,9,41,33,1203,12,4
39,Echochime,Supp,Int-Based,1,14,9,41,35,1262,13,4
40,Echochime,Supp,Int-Based,1,14,11,42,35,1304,14,4
41,Echochime,Supp,Int-Based,1,14,11,43,36,1355,14,4
42,Echochime,Supp,Int-Based,1,14,11,44,37,1409,14,4
43,Echochime,Supp,Int-Based,1,14,11,45,38,1464,14,4
44,Echochime,Supp,Int-Based,1,14,11,46,39,1520,15,4
45,Echochime,Supp,Int-Based,1,14,11,47,40,1577,15,5
46,Echochime,Supp,Int-Based,1,14,11,48,41,1637,15,5
47,Echochime,Supp,Int-Based,1,14,11,49,42,1696,15,5
48,Echochime,Supp,Int-Based,1,14,11,50,43,1758,15,5
49,Echochime,Supp,Int-Based,1,14,11,51,44,1823,16,5
50,Echochime,Supp,Int-Based,1,16,11,52,44,1873,16,5
51,Echochime,Supp,Int-Based,1,16,11,53,45,1940,16,5
52,Echochime,Supp,Int-Based,1,16,11,54,46,2007,16,5
53,Echochime,Supp,Int-Based,1,16,11,55,47,2075,17,5
54,Echochime,Supp,Int-Based,1,16,11,56,48,2146,17,5
55,Echochime,Supp,Int-Based,1,17,12,56,49,2217,17,5
56,Echochime,Supp,Int-Based,1,17,12,57,50,2290,17,6
57,Echochime,Supp,Int-Based,1,18,12,58,51,2366,17,6
58,Echochime,Supp,Int-Based,1,18,12,60,51,2426,18,6
59,Echochime,Supp,Int-Based,1,18,12,61,52,2503,18,6
60,Echochime,Supp,Int-Based,1,19,13,61,53,2582,18,6
61,Echochime,Supp,Int-Based,1,19,13,62,54,2664,18,6
62,Echochime,Supp,Int-Based,1,19,13,63,55,2746,18,6
63,Echochime,Supp,Int-Based,1,21,13,64,55,2811,19,6
64,Echochime,Supp,Int-Based,1,21,13,65,56,2896,19,6
65,Echochime,Supp,Int-Based,1,21,13,66,57,2984,19,6
66,Echochime,Supp,Int-Based,1,21,14,67,58,3073,19,6
67,Echochime,Supp,Int-Based,1,21,14,68,59,3164,20,7
68,Echochime,Supp,Int-Based,1,23,14,68,60,3256,20,7
69,Echochime,Supp,Int-Based,1,23,15,69,61,3348,21,7
70,Echochime,Supp,Int-Based,1,23,15,70,62,3444,21,7
71,Echochime,Supp,Int-Based,1,23,15,71,63,3541,21,7
72,Echochime,Supp,Int-Based,1,23,15,72,64,3640,22,7
73,Echochime,Supp,Int-Based,1,24,16,73,64,3719,22,7
74,Echochime,Supp,Int-Based,1,24,16,74,65,3821,22,7
75,Echochime,Supp,Int-Based,1,24,16,75,66,3925,22,7
76,Echochime,Supp,Int-Based,1,26,17,76,66,4007,22,7
77,Echochime,Supp,Int-Based,1,26,17,77,67,4114,23,7
78,Echochime,Supp,Int-Based,1,26,17,78,68,4223,23,8
79,Echochime,Supp,Int-Based,1,26,18,79,69,4334,23,8
80,Echochime,Supp,Int-Based,1,26,18,80,70,4447,23,8
81,Echochime,Supp,Int-Based,1,28,19,80,71,4562,23,8
82,Echochime,Supp,Int-Based,1,28,19,81,72,4678,24,8
83,Echochime,Supp,Int-Based,1,28,19,82,73,4797,24,8
84,Echochime,Supp,Int-Based,1,28,19,83,74,4917,24,8
85,Echochime,Supp,Int-Based,1,28,19,84,75,5040,24,8
86,Echochime,Supp,Int-Based,1,30,20,85,75,5134,26,8
87,Echochime,Supp,Int-Based,1,30,20,86,76,5260,26,8
88,Echochime,Supp,Int-Based,1,30,21,87,77,5389,26,8
89,Echochime,Supp,Int-Based,1,30,21,88,78,5519,26,9
90,Echochime,Supp,Int-Based,1,32,21,88,79,5651,26,9
91,Echochime,Supp,Int-Based,1,32,22,89,80,5785,27,9
92,Echochime,Supp,Int-Based,1,32,22,90,81,5920,27,9
93,Echochime,Supp,Int-Based,1,32,23,91,82,6058,27,9
94,Echochime,Supp,Int-Based,1,32,23,92,83,6200,27,9
95,Echochime,Supp,Int-Based,1,34,23,93,83,6308,27,9
96,Echochime,Supp,Int-Based,1,34,23,94,84,6451,28,9
97,Echochime,Supp,Int-Based,1,34,23,95,85,6597,28,9
98,Echochime,Supp,Int-Based,1,34,23,96,86,6746,28,9
99,Echochime,Supp,Int-Based,1,34,23,97,87,6896,28,9
100,Echochime,Supp,Int-Based,1,35,23,98,88,7050,29,10
1,Inksprite,DPS,Dex-Based,1,9,9,3,7,149,17,1
2,Inksprite,DPS,Dex-Based,1,9,10,3,7,160,20,1
3,Inksprite,DPS,Dex-Based,1,10,11,3,7,172,23,1
4,Inksprite,DPS,Dex-Based,1,10,12,3,7,185,25,1
5,Inksprite,DPS,Dex-Based,1,10,13,3,7,197,28,1
6,Inksprite,DPS,Dex-Based,1,10,14,3,7,210,31,1
7,Inksprite,DPS,Dex-Based,1,11,15,3,7,224,33,1
8,Inksprite,DPS,Dex-Based,1,11,16,3,7,239,36,1
9,Inksprite,DPS,Dex-Based,1,12,16,3,8,257,38,1
10,Inksprite,DPS,Dex-Based,1,12,17,3,8,272,40,1
11,Inksprite,DPS,Dex-Based,1,13,18,3,8,288,43,1
12,Inksprite,DPS,Dex-Based,1,13,19,3,9,308,46,2
13,Inksprite,DPS,Dex-Based,1,14,19,3,10,328,47,2
14,Inksprite,DPS,Dex-Based,1,14,20,3,11,349,53,2
15,Inksprite,DPS,Dex-Based,1,15,20,4,11,368,54,2
16,Inksprite,DPS,Dex-Based,1,16,21,4,11,387,57,2
17,Inksprite,DPS,Dex-Based,1,16,22,5,11,407,60,2
18,Inksprite,DPS,Dex-Based,1,18,22,5,11,428,61,2
19,Inksprite,DPS,Dex-Based,1,18,23,6,11,448,64,2
20,Inksprite,DPS,Dex-Based,1,18,24,6,11,470,67,2
21,Inksprite,DPS,Dex-Based,1,19,25,6,11,492,69,2
22,Inksprite,DPS,Dex-Based,1,20,26,6,11,515,72,2
23,Inksprite,DPS,Dex-Based,1,21,26,6,13,548,74,3
24,Inksprite,DPS,Dex-Based,1,21,27,6,14,576,76,3
25,Inksprite,DPS,Dex-Based,1,22,27,6,15,607,78,3
26,Inksprite,DPS,Dex-Based,1,22,29,6,15,632,81,3
27,Inksprite,DPS,Dex-Based,1,23,30,6,15,658,89,3
28,Inksprite,DPS,Dex-Based,1,24,31,6,15,685,92,3
29,Inksprite,DPS,Dex-Based,1,26,31,6,15,713,93,3
30,Inksprite,DPS,Dex-Based,1,26,32,6,16,747,96,3
31,Inksprite,DPS,Dex-Based,1,27,33,6,16,776,99,3
32,Inksprite,DPS,Dex-Based,1,28,34,6,16,805,101,3
33,Inksprite,DPS,Dex-Based,1,28,35,6,17,842,104,3
34,Inksprite,DPS,Dex-Based,1,29,36,6,17,872,107,4
35,Inksprite,DPS,Dex-Based,1,30,36,6,19,918,108,4
36,Inksprite,DPS,Dex-Based,1,31,37,6,19,952,111,4
37,Inksprite,DPS,Dex-Based,1,32,38,6,19,984,113,4
38,Inksprite,DPS,Dex-Based,1,33,39,6,19,1017,116,4
39,Inksprite,DPS,Dex-Based,1,33,40,6,21,1069,126,4
40,Inksprite,DPS,Dex-Based,1,34,41,6,21,1104,128,4
41,Inksprite,DPS,Dex-Based,1,35,42,6,21,1141,131,4
42,Inksprite,DPS,Dex-Based,1,36,42,6,22,1187,133,4
43,Inksprite,DPS,Dex-Based,1,37,43,6,22,1223,135,4
44,Inksprite,DPS,Dex-Based,1,38,44,6,22,1261,138,4
45,Inksprite,DPS,Dex-Based,1,38,45,6,23,1311,141,5
46,Inksprite,DPS,Dex-Based,1,39,46,6,24,1361,143,5
47,Inksprite,DPS,Dex-Based,1,41,46,6,24,1401,145,5
48,Inksprite,DPS,Dex-Based,1,41,48,6,24,1442,148,5
49,Inksprite,DPS,Dex-Based,1,42,48,6,26,1508,150,5
50,Inksprite,DPS,Dex-Based,1,43,49,6,26,1551,153,5
51,Inksprite,DPS,Dex-Based,1,44,50,6,26,1593,164,5
52,Inksprite,DPS,Dex-Based,1,45,51,6,26,1638,167,5
53,Inksprite,DPS,Dex-Based,1,45,52,6,28,1708,170,5
54,Inksprite,DPS,Dex-Based,1,46,53,6,28,1754,172,5
55,Inksprite,DPS,Dex-Based,1,47,54,6,28,1802,175,5
56,Inksprite,DPS,Dex-Based,1,48,54,6,30,1878,177,6
57,Inksprite,DPS,Dex-Based,1,49,55,6,30,1926,179,6
58,Inksprite,DPS,Dex-Based,1,50,56,6,30,1976,182,6
59,Inksprite,DPS,Dex-Based,1,51,57,6,30,2025,184,6
60,Inksprite,DPS,Dex-Based,1,52,57,6,32,2108,186,6
61,Inksprite,DPS,Dex-Based,1,53,58,6,32,2159,189,6
62,Inksprite,DPS,Dex-Based,1,54,59,6,32,2212,191,6
63,Inksprite,DPS,Dex-Based,1,55,60,6,32,2265,205,6
64,Inksprite,DPS,Dex-Based,1,56,61,6,33,2336,208,6
65,Inksprite,DPS,Dex-Based,1,56,62,6,34,2409,210,6
66,Inksprite,DPS,Dex-Based,1,57,63,6,34,2465,213,6
67,Inksprite,DPS,Dex-Based,1,58,64,6,34,2521,216,7
68,Inksprite,DPS,Dex-Based,1,59,65,6,35,2598,218,7
69,Inksprite,DPS,Dex-Based,1,60,65,6,36,2676,220,7
70,Inksprite,DPS,Dex-Based,1,61,66,6,37,2756,222,7
71,Inksprite,DPS,Dex-Based,1,62,67,6,37,2816,225,7
72,Inksprite,DPS,Dex-Based,1,63,68,6,37,2878,228,7
73,Inksprite,DPS,Dex-Based,1,63,69,6,39,2982,230,7
74,Inksprite,DPS,Dex-Based,1,64,70,6,39,3046,246,7
75,Inksprite,DPS,Dex-Based,1,65,71,6,39,3110,249,7
76,Inksprite,DPS,Dex-Based,1,67,71,6,40,3197,250,7
77,Inksprite,DPS,Dex-Based,1,68,72,6,40,3264,253,7
78,Inksprite,DPS,Dex-Based,1,68,73,6,41,3354,256,8
79,Inksprite,DPS,Dex-Based,1,69,74,6,42,3446,258,8
80,Inksprite,DPS,Dex-Based,1,70,75,6,42,3515,261,8
81,Inksprite,DPS,Dex-Based,1,71,76,6,42,3585,263,8
82,Inksprite,DPS,Dex-Based,1,72,76,6,44,3706,265,8
83,Inksprite,DPS,Dex-Based,1,73,77,6,44,3778,268,8
84,Inksprite,DPS,Dex-Based,1,74,78,6,44,3852,270,8
85,Inksprite,DPS,Dex-Based,1,75,79,6,44,3925,273,8
86,Inksprite,DPS,Dex-Based,1,76,80,6,45,4026,291,8
87,Inksprite,DPS,Dex-Based,1,77,81,6,45,4102,293,8
88,Inksprite,DPS,Dex-Based,1,77,82,6,47,4236,296,8
89,Inksprite,DPS,Dex-Based,1,79,82,6,47,4314,298,9
90,Inksprite,DPS,Dex-Based,1,80,83,6,47,4392,300,9
91,Inksprite,DPS,Dex-Based,1,80,84,6,49,4532,303,9
92,Inksprite,DPS,Dex-Based,1,81,85,6,49,4614,305,9
93,Inksprite,DPS,Dex-Based,1,82,86,6,49,4696,308,9
94,Inksprite,DPS,Dex-Based,1,83,87,6,50,4810,311,9
95,Inksprite,DPS,Dex-Based,1,84,88,6,50,4894,313,9
96,Inksprite,DPS,Dex-Based,1,85,88,6,52,5044,315,9
97,Inksprite,DPS,Dex-Based,1,86,89,6,52,5131,318,9
98,Inksprite,DPS,Dex-Based,1,87,90,6,52,5218,337,9
99,Inksprite,DPS,Dex-Based,1,88,91,6,52,5306,340,9
100,Inksprite,DPS,Dex-Based,1,89,92,6,53,5431,343,10
1,Cairnkin,Tank,Strength-based,9,2,6,3,9,207,18,4
2,Cairnkin,Tank,Strength-based,9,2,6,3,10,233,19,4
3,Cairnkin,Tank,Strength-based,10,2,6,3,11,261,22,4
4,Cairnkin,Tank,Strength-based,10,2,6,3,12,292,23,4
5,Cairnkin,Tank,Strength-based,10,2,6,3,13,323,24,5
6,Cairnkin,Tank,Strength-based,11,2,7,3,13,353,27,5
7,Cairnkin,Tank,Strength-based,11,2,7,3,14,388,28,5
8,Cairnkin,Tank,Strength-based,12,2,8,3,14,421,30,6
9,Cairnkin,Tank,Strength-based,12,2,8,3,15,460,31,6
10,Cairnkin,Tank,Strength-based,12,3,8,3,16,499,33,6
11,Cairnkin,Tank,Strength-based,13,3,9,3,16,537,35,6
12,Cairnkin,Tank,Strength-based,13,3,10,3,17,580,37,7
13,Cairnkin,Tank,Strength-based,14,3,10,4,17,620,39,7
14,Cairnkin,Tank,Strength-based,14,3,11,4,18,667,41,7
15,Cairnkin,Tank,Strength-based,14,4,11,4,19,716,42,8
16,Cairnkin,Tank,Strength-based,15,4,11,4,20,766,44,8
17,Cairnkin,Tank,Strength-based,16,4,11,4,21,820,46,8
18,Cairnkin,Tank,Strength-based,18,4,11,4,21,867,49,8
19,Cairnkin,Tank,Strength-based,18,4,11,5,22,923,51,9
20,Cairnkin,Tank,Strength-based,18,5,11,5,23,982,52,9
21,Cairnkin,Tank,Strength-based,19,5,11,5,24,1042,54,9
22,Cairnkin,Tank,Strength-based,20,5,11,5,25,1106,59,10
23,Cairnkin,Tank,Strength-based,21,5,12,5,25,1162,62,10
24,Cairnkin,Tank,Strength-based,22,5,12,5,26,1228,64,10
25,Cairnkin,Tank,Strength-based,22,5,13,5,27,1297,65,11
26,Cairnkin,Tank,Strength-based,23,5,13,5,28,1369,67,11
27,Cairnkin,Tank,Strength-based,23,5,14,5,29,1442,69,11
28,Cairnkin,Tank,Strength-based,24,5,14,5,30,1518,71,11
29,Cairnkin,Tank,Strength-based,25,5,14,5,31,1596,73,12
30,Cairnkin,Tank,Strength-based,26,5,15,6,31,1665,76,12
31,Cairnkin,Tank,Strength-based,26,5,16,6,32,1747,77,12
32,Cairnkin,Tank,Strength-based,27,5,16,6,33,1832,80,13
33,Cairnkin,Tank,Strength-based,28,5,16,6,34,1920,82,13
34,Cairnkin,Tank,Strength-based,28,6,17,6,35,2010,83,13
35,Cairnkin,Tank,Strength-based,29,6,17,6,36,2102,85,13
36,Cairnkin,Tank,Strength-based,30,6,19,6,36,2181,93,14
37,Cairnkin,Tank,Strength-based,31,6,19,6,37,2279,95,14
38,Cairnkin,Tank,Strength-based,32,6,19,6,38,2379,97,14
39,Cairnkin,Tank,Strength-based,32,6,21,6,39,2481,99,15
40,Cairnkin,Tank,Strength-based,33,6,21,6,40,2587,102,15
41,Cairnkin,Tank,Strength-based,34,6,21,6,41,2694,104,15
42,Cairnkin,Tank,Strength-based,35,6,21,6,42,2804,106,16
43,Cairnkin,Tank,Strength-based,35,6,22,7,43,2918,107,16
44,Cairnkin,Tank,Strength-based,36,6,22,7,44,3034,109,16
45,Cairnkin,Tank,Strength-based,37,6,23,8,44,3132,112,16
46,Cairnkin,Tank,Strength-based,38,6,23,8,45,3253,114,17
47,Cairnkin,Tank,Strength-based,38,7,24,8,46,3376,115,17
48,Cairnkin,Tank,Strength-based,39,7,24,9,47,3504,117,17
49,Cairnkin,Tank,Strength-based,40,7,24,9,48,3634,127,18
50,Cairnkin,Tank,Strength-based,40,8,25,9,49,3766,129,18
51,Cairnkin,Tank,Strength-based,41,8,25,10,50,3903,131,18
52,Cairnkin,Tank,Strength-based,42,8,27,10,50,4015,133,18
53,Cairnkin,Tank,Strength-based,43,8,27,10,51,4157,136,19
54,Cairnkin,Tank,Strength-based,43,8,27,10,53,4329,137,19
55,Cairnkin,Tank,Strength-based,44,9,28,10,53,4449,139,19
56,Cairnkin,Tank,Strength-based,45,9,28,11,54,4599,141,20
57,Cairnkin,Tank,Strength-based,46,9,28,11,55,4753,144,20
58,Cairnkin,Tank,Strength-based,46,9,30,11,56,4910,146,20
59,Cairnkin,Tank,Strength-based,47,9,30,11,57,5072,148,20
60,Cairnkin,Tank,Strength-based,48,10,30,11,58,5236,150,21
61,Cairnkin,Tank,Strength-based,49,10,32,11,58,5368,152,21
62,Cairnkin,Tank,Strength-based,49,10,32,11,60,5572,154,21
63,Cairnkin,Tank,Strength-based,50,10,32,12,61,5747,165,22
64,Cairnkin,Tank,Strength-based,51,10,32,12,62,5924,167,22
65,Cairnkin,Tank,Strength-based,52,10,33,13,62,6068,169,22
66,Cairnkin,Tank,Strength-based,53,11,33,13,63,6251,172,23
67,Cairnkin,Tank,Strength-based,53,12,34,13,64,6438,173,23
68,Cairnkin,Tank,Strength-based,54,12,34,13,65,6628,175,23
69,Cairnkin,Tank,Strength-based,55,12,34,13,66,6822,177,23
70,Cairnkin,Tank,Strength-based,55,12,36,13,67,7020,180,24
71,Cairnkin,Tank,Strength-based,56,12,36,13,68,7220,182,24
72,Cairnkin,Tank,Strength-based,57,12,36,14,69,7425,184,24
73,Cairnkin,Tank,Strength-based,58,12,38,14,69,7589,186,25
74,Cairnkin,Tank,Strength-based,59,13,38,14,70,7801,188,25
75,Cairnkin,Tank,Strength-based,60,13,38,14,71,8016,202,25
76,Cairnkin,Tank,Strength-based,61,13,38,15,72,8235,204,25
77,Cairnkin,Tank,Strength-based,61,13,40,15,73,8457,206,26
78,Cairnkin,Tank,Strength-based,62,13,40,15,74,8684,208,26
79,Cairnkin,Tank,Strength-based,63,13,40,15,75,8914,211,26
80,Cairnkin,Tank,Strength-based,63,13,42,15,76,9148,212,27
81,Cairnkin,Tank,Strength-based,64,13,42,15,77,9386,214,27
82,Cairnkin,Tank,Strength-based,65,13,42,16,78,9628,216,27
83,Cairnkin,Tank,Strength-based,66,14,42,16,79,9873,219,28
84,Cairnkin,Tank,Strength-based,66,14,43,17,80,10125,220,28
85,Cairnkin,Tank,Strength-based,67,15,43,17,81,10378,222,28
86,Cairnkin,Tank,Strength-based,68,15,45,17,81,10577,225,28
87,Cairnkin,Tank,Strength-based,69,15,45,17,82,10839,227,29
88,Cairnkin,Tank,Strength-based,70,15,45,18,83,11104,243,29
89,Cairnkin,Tank,Strength-based,71,15,45,18,84,11374,245,29
90,Cairnkin,Tank,Strength-based,71,15,47,18,85,11647,246,30
91,Cairnkin,Tank,Strength-based,72,15,47,18,86,11926,248,30
92,Cairnkin,Tank,Strength-based,73,15,47,18,87,12209,251,30
93,Cairnkin,Tank,Strength-based,74,15,48,18,88,12494,253,30
94,Cairnkin,Tank,Strength-based,75,15,48,18,89,12785,255,31
95,Cairnkin,Tank,Strength-based,75,15,50,18,90,13081,257,31
96,Cairnkin,Tank,Strength-based,76,15,50,18,91,13381,260,31
97,Cairnkin,Tank,Strength-based,77,15,51,18,92,13685,262,32
98,Cairnkin,Tank,Strength-based,78,15,51,18,93,13994,264,32
99,Cairnkin,Tank,Strength-based,79,15,51,18,94,14305,266,32
100,Cairnkin,Tank,Strength-based,80,15,52,18,95,14625,284,33
1,Casketot,Tank,Int-Based,1,5,5,9,9,207,5,3
2,Casketot,Tank,Int-Based,1,5,5,9,10,232,5,3
3,Casketot,Tank,Int-Based,1,5,5,10,11,258,5,3
4,Casketot,Tank,Int-Based,1,5,5,11,11,284,5,3
5,Casketot,Tank,Int-Based,1,5,5,11,12,313,6,4
6,Casketot,Tank,Int-Based,1,6,5,12,12,342,6,4
7,Casketot,Tank,Int-Based,1,6,5,12,13,375,6,4
8,Casketot,Tank,Int-Based,1,6,6,13,13,405,7,4
9,Casketot,Tank,Int-Based,1,6,6,13,14,441,7,5
10,Casketot,Tank,Int-Based,1,7,6,14,14,474,7,5
11,Casketot,Tank,Int-Based,1,7,7,14,15,512,7,5
12,Casketot,Tank,Int-Based,1,8,7,15,15,548,8,5
13,Casketot,Tank,Int-Based,1,8,8,15,16,591,8,6
14,Casketot,Tank,Int-Based,1,9,8,16,16,629,8,6
15,Casketot,Tank,Int-Based,1,9,9,16,17,675,9,6
16,Casketot,Tank,Int-Based,1,9,9,17,18,722,9,6
17,Casketot,Tank,Int-Based,1,9,9,18,19,771,9,7
18,Casketot,Tank,Int-Based,1,9,9,19,20,820,9,7
19,Casketot,Tank,Int-Based,1,9,9,20,21,873,10,7
20,Casketot,Tank,Int-Based,1,10,9,21,21,920,10,7
21,Casketot,Tank,Int-Based,1,10,9,22,22,977,10,8
22,Casketot,Tank,Int-Based,1,10,10,22,23,1035,12,8
23,Casketot,Tank,Int-Based,1,10,10,23,24,1096,12,8
24,Casketot,Tank,Int-Based,1,11,10,24,24,1149,12,8
25,Casketot,Tank,Int-Based,1,11,10,25,25,1213,13,9
26,Casketot,Tank,Int-Based,1,11,10,26,26,1278,13,9
27,Casketot,Tank,Int-Based,1,11,10,27,27,1347,13,9
28,Casketot,Tank,Int-Based,1,11,10,28,28,1418,13,9
29,Casketot,Tank,Int-Based,1,11,10,29,29,1491,14,10
30,Casketot,Tank,Int-Based,1,11,10,30,30,1565,14,10
31,Casketot,Tank,Int-Based,1,11,10,31,31,1642,14,10
32,Casketot,Tank,Int-Based,1,11,10,32,32,1722,15,10
33,Casketot,Tank,Int-Based,1,12,10,32,33,1803,15,11
34,Casketot,Tank,Int-Based,1,12,10,33,34,1888,15,11
35,Casketot,Tank,Int-Based,1,13,10,34,34,1960,15,11
36,Casketot,Tank,Int-Based,1,13,10,35,35,2047,16,11
37,Casketot,Tank,Int-Based,1,13,10,36,36,2139,16,12
38,Casketot,Tank,Int-Based,1,13,10,37,37,2231,16,12
39,Casketot,Tank,Int-Based,1,13,10,38,38,2328,17,12
40,Casketot,Tank,Int-Based,1,13,10,39,39,2425,17,12
41,Casketot,Tank,Int-Based,1,13,11,40,40,2527,17,13
42,Casketot,Tank,Int-Based,1,13,11,41,41,2629,18,13
43,Casketot,Tank,Int-Based,1,13,11,42,42,2736,18,13
44,Casketot,Tank,Int-Based,1,13,12,42,43,2844,18,13
45,Casketot,Tank,Int-Based,1,13,12,43,44,2956,18,14
46,Casketot,Tank,Int-Based,1,13,12,44,45,3069,19,14
47,Casketot,Tank,Int-Based,1,13,12,45,46,3185,19,14
48,Casketot,Tank,Int-Based,1,13,12,46,47,3306,19,14
49,Casketot,Tank,Int-Based,1,13,12,47,48,3427,20,15
50,Casketot,Tank,Int-Based,1,13,12,48,49,3552,20,15
51,Casketot,Tank,Int-Based,1,13,12,49,50,3681,20,15
52,Casketot,Tank,Int-Based,1,14,12,50,51,3811,20,15
53,Casketot,Tank,Int-Based,1,14,12,51,52,3944,21,16
54,Casketot,Tank,Int-Based,1,15,13,52,52,4055,21,16
55,Casketot,Tank,Int-Based,1,16,14,52,53,4193,21,16
56,Casketot,Tank,Int-Based,1,16,14,53,54,4335,22,16
57,Casketot,Tank,Int-Based,1,16,14,54,55,4479,22,17
58,Casketot,Tank,Int-Based,1,16,14,55,56,4626,22,17
59,Casketot,Tank,Int-Based,1,16,14,56,57,4777,22,17
60,Casketot,Tank,Int-Based,1,16,14,57,58,4932,23,17
61,Casketot,Tank,Int-Based,1,16,14,58,59,5089,23,18
62,Casketot,Tank,Int-Based,1,16,14,59,60,5249,23,18
63,Casketot,Tank,Int-Based,1,17,14,60,61,5412,24,18
64,Casketot,Tank,Int-Based,1,17,14,61,62,5579,24,18
65,Casketot,Tank,Int-Based,1,18,15,62,62,5713,25,19
66,Casketot,Tank,Int-Based,1,18,15,63,63,5885,26,19
67,Casketot,Tank,Int-Based,1,18,15,64,64,6061,26,19
68,Casketot,Tank,Int-Based,1,18,15,65,65,6240,26,19
69,Casketot,Tank,Int-Based,1,18,15,66,66,6422,26,20
70,Casketot,Tank,Int-Based,1,18,15,67,67,6608,27,20
71,Casketot,Tank,Int-Based,1,18,15,68,68,6795,27,20
72,Casketot,Tank,Int-Based,1,18,16,69,69,6988,27,20
73,Casketot,Tank,Int-Based,1,18,16,70,70,7184,28,21
74,Casketot,Tank,Int-Based,1,18,16,71,71,7383,28,21
75,Casketot,Tank,Int-Based,1,18,16,72,72,7586,28,21
76,Casketot,Tank,Int-Based,1,18,16,73,73,7793,28,21
77,Casketot,Tank,Int-Based,1,18,16,74,74,8002,29,22
78,Casketot,Tank,Int-Based,1,18,16,75,75,8216,29,22
79,Casketot,Tank,Int-Based,1,18,16,76,76,8433,29,22
80,Casketot,Tank,Int-Based,1,18,16,77,77,8655,30,22
81,Casketot,Tank,Int-Based,1,20,17,77,78,8878,30,23
82,Casketot,Tank,Int-Based,1,21,17,78,79,9107,30,23
83,Casketot,Tank,Int-Based,1,21,17,79,80,9340,31,23
84,Casketot,Tank,Int-Based,1,21,17,80,81,9574,31,23
85,Casketot,Tank,Int-Based,1,21,17,81,82,9815,31,24
86,Casketot,Tank,Int-Based,1,21,17,82,83,10057,31,24
87,Casketot,Tank,Int-Based,1,21,17,83,84,10305,32,24
88,Casketot,Tank,Int-Based,1,21,17,84,85,10556,32,24
89,Casketot,Tank,Int-Based,1,21,17,85,86,10812,32,25
90,Casketot,Tank,Int-Based,1,23,18,86,86,11013,33,25
91,Casketot,Tank,Int-Based,1,23,18,87,87,11274,33,25
92,Casketot,Tank,Int-Based,1,23,19,88,88,11539,33,25
93,Casketot,Tank,Int-Based,1,23,19,89,89,11810,33,26
94,Casketot,Tank,Int-Based,1,23,19,90,90,12084,34,26
95,Casketot,Tank,Int-Based,1,23,20,91,91,12363,35,26
96,Casketot,Tank,Int-Based,1,25,21,91,92,12645,35,26
97,Casketot,Tank,Int-Based,1,25,21,92,93,12932,36,27
98,Casketot,Tank,Int-Based,1,25,21,93,94,13223,36,27
99,Casketot,Tank,Int-Based,1,25,21,94,95,13517,36,27
100,Casketot,Tank,Int-Based,1,25,21,95,96,13818,37,28
1,Kilncoil,Fighter,Strength-based,9,3,6,2,9,179,18,3
2,Kilncoil,Fighter,Strength-based,10,3,6,2,9,199,21,3
3,Kilncoil,Fighter,Strength-based,10,3,7,2,10,222,23,3
4,Kilncoil,Fighter,Strength-based,11,3,7,2,10,244,25,3
5,Kilncoil,Fighter,Strength-based,11,3,8,2,11,269,27,4
6,Kilncoil,Fighter,Strength-based,12,3,8,2,11,293,29,4
7,Kilncoil,Fighter,Strength-based,12,4,8,2,12,321,31,4
8,Kilncoil,Fighter,Strength-based,13,4,8,2,12,347,34,4
9,Kilncoil,Fighter,Strength-based,13,4,9,2,13,377,35,5
10,Kilncoil,Fighter,Strength-based,14,4,9,2,13,405,38,5
11,Kilncoil,Fighter,Strength-based,14,4,10,2,14,438,40,5
12,Kilncoil,Fighter,Strength-based,15,4,11,2,14,469,43,5
13,Kilncoil,Fighter,Strength-based,15,5,11,2,15,504,45,6
14,Kilncoil,Fighter,Strength-based,16,5,11,2,16,541,47,6
15,Kilncoil,Fighter,Strength-based,16,5,12,3,16,576,49,6
16,Kilncoil,Fighter,Strength-based,17,5,12,3,17,616,51,6
17,Kilncoil,Fighter,Strength-based,18,5,13,3,17,651,54,7
18,Kilncoil,Fighter,Strength-based,18,6,13,3,18,695,55,7
19,Kilncoil,Fighter,Strength-based,19,6,13,3,19,740,58,7
20,Kilncoil,Fighter,Strength-based,20,6,14,3,19,779,64,7
21,Kilncoil,Fighter,Strength-based,21,7,14,3,20,826,66,8
22,Kilncoil,Fighter,Strength-based,21,7,15,3,21,876,69,8
23,Kilncoil,Fighter,Strength-based,22,7,15,3,22,927,71,8
24,Kilncoil,Fighter,Strength-based,22,8,16,4,22,972,73,8
25,Kilncoil,Fighter,Strength-based,23,8,17,4,22,1018,76,9
26,Kilncoil,Fighter,Strength-based,24,8,17,4,23,1073,78,9
27,Kilncoil,Fighter,Strength-based,24,10,17,4,24,1130,80,9
28,Kilncoil,Fighter,Strength-based,25,10,18,4,24,1180,82,9
29,Kilncoil,Fighter,Strength-based,26,10,18,4,25,1241,85,10
30,Kilncoil,Fighter,Strength-based,26,10,19,5,26,1304,86,10
31,Kilncoil,Fighter,Strength-based,27,10,19,5,27,1369,89,10
32,Kilncoil,Fighter,Strength-based,28,11,20,5,27,1423,93,10
33,Kilncoil,Fighter,Strength-based,28,12,21,5,28,1492,94,11
34,Kilncoil,Fighter,Strength-based,29,12,21,5,29,1562,97,11
35,Kilncoil,Fighter,Strength-based,30,12,21,6,30,1634,104,11
36,Kilncoil,Fighter,Strength-based,31,12,22,7,30,1695,107,11
37,Kilncoil,Fighter,Strength-based,31,12,23,8,31,1769,109,12
38,Kilncoil,Fighter,Strength-based,32,12,23,8,32,1848,111,12
39,Kilncoil,Fighter,Strength-based,33,13,23,9,32,1912,114,12
40,Kilncoil,Fighter,Strength-based,33,13,24,9,33,1993,115,12
41,Kilncoil,Fighter,Strength-based,34,13,24,10,34,2077,118,13
42,Kilncoil,Fighter,Strength-based,35,13,25,11,34,2146,122,13
43,Kilncoil,Fighter,Strength-based,35,15,25,11,35,2234,123,13
44,Kilncoil,Fighter,Strength-based,36,15,26,11,35,2305,126,13
45,Kilncoil,Fighter,Strength-based,37,16,26,11,36,2397,128,14
46,Kilncoil,Fighter,Strength-based,37,17,27,11,37,2490,130,14
47,Kilncoil,Fighter,Strength-based,38,17,27,11,38,2586,132,14
48,Kilncoil,Fighter,Strength-based,39,17,28,11,39,2684,135,14
49,Kilncoil,Fighter,Strength-based,40,18,29,11,39,2764,145,15
50,Kilncoil,Fighter,Strength-based,41,18,29,11,40,2867,147,15
51,Kilncoil,Fighter,Strength-based,42,18,30,11,41,2970,151,15
52,Kilncoil,Fighter,Strength-based,42,19,31,11,42,3077,152,15
53,Kilncoil,Fighter,Strength-based,43,19,31,11,43,3186,155,16
54,Kilncoil,Fighter,Strength-based,44,20,32,11,43,3274,158,16
55,Kilncoil,Fighter,Strength-based,45,20,32,11,44,3388,160,16
56,Kilncoil,Fighter,Strength-based,45,21,33,11,45,3504,162,16
57,Kilncoil,Fighter,Strength-based,46,22,34,11,45,3597,164,17
58,Kilncoil,Fighter,Strength-based,47,22,34,11,46,3718,167,17
59,Kilncoil,Fighter,Strength-based,47,22,36,11,47,3841,169,17
60,Kilncoil,Fighter,Strength-based,48,22,36,11,48,3966,172,17
61,Kilncoil,Fighter,Strength-based,49,22,37,11,49,4094,175,18
62,Kilncoil,Fighter,Strength-based,50,22,37,12,50,4224,186,18
63,Kilncoil,Fighter,Strength-based,51,23,38,12,50,4329,189,18
64,Kilncoil,Fighter,Strength-based,52,23,38,12,51,4463,191,18
65,Kilncoil,Fighter,Strength-based,52,24,39,12,52,4601,193,19
66,Kilncoil,Fighter,Strength-based,53,24,39,13,53,4741,196,19
67,Kilncoil,Fighter,Strength-based,54,25,40,13,53,4853,199,19
68,Kilncoil,Fighter,Strength-based,55,25,40,13,54,4998,202,19
69,Kilncoil,Fighter,Strength-based,55,25,42,13,55,5147,203,20
70,Kilncoil,Fighter,Strength-based,56,25,42,13,56,5297,206,20
71,Kilncoil,Fighter,Strength-based,57,26,42,13,57,5451,209,20
72,Kilncoil,Fighter,Strength-based,58,27,43,13,57,5571,211,20
73,Kilncoil,Fighter,Strength-based,59,28,43,13,58,5730,214,21
74,Kilncoil,Fighter,Strength-based,59,28,44,14,59,5892,215,21
75,Kilncoil,Fighter,Strength-based,60,29,45,14,59,6019,230,21
76,Kilncoil,Fighter,Strength-based,61,30,45,14,60,6185,232,21
77,Kilncoil,Fighter,Strength-based,62,30,45,15,61,6356,235,22
78,Kilncoil,Fighter,Strength-based,62,31,46,15,62,6528,237,22
79,Kilncoil,Fighter,Strength-based,63,32,47,15,62,6663,239,22
80,Kilncoil,Fighter,Strength-based,64,32,47,15,63,6841,242,22
81,Kilncoil,Fighter,Strength-based,64,32,49,15,64,7020,243,23
82,Kilncoil,Fighter,Strength-based,65,32,49,16,65,7205,246,23
83,Kilncoil,Fighter,Strength-based,66,32,49,17,66,7391,249,23
84,Kilncoil,Fighter,Strength-based,67,32,51,17,66,7536,252,23
85,Kilncoil,Fighter,Strength-based,68,32,51,18,67,7728,255,24
86,Kilncoil,Fighter,Strength-based,68,33,52,18,68,7924,256,24
87,Kilncoil,Fighter,Strength-based,69,33,52,19,69,8123,259,24
88,Kilncoil,Fighter,Strength-based,70,34,52,19,70,8324,274,24
89,Kilncoil,Fighter,Strength-based,71,35,53,19,70,8481,277,25
90,Kilncoil,Fighter,Strength-based,72,35,53,19,71,8688,280,25
91,Kilncoil,Fighter,Strength-based,72,36,54,19,72,8899,281,25
92,Kilncoil,Fighter,Strength-based,73,36,56,19,72,9060,285,25
93,Kilncoil,Fighter,Strength-based,74,36,56,19,73,9277,287,26
94,Kilncoil,Fighter,Strength-based,75,37,56,19,74,9496,290,26
95,Kilncoil,Fighter,Strength-based,76,38,56,19,75,9721,293,26
96,Kilncoil,Fighter,Strength-based,76,39,57,19,76,9947,294,26
97,Kilncoil,Fighter,Strength-based,77,39,59,19,76,10120,297,27
98,Kilncoil,Fighter,Strength-based,78,39,59,19,77,10352,299,27
99,Kilncoil,Fighter,Strength-based,79,40,59,19,78,10589,302,27
100,Kilncoil,Fighter,Strength-based,80,40,60,19,79,10829,321,28
1,Maskin,DPS / Supp,Int-Based,1,6,4,9,9,158,4,1
2,Maskin,DPS / Supp,Int-Based,1,6,4,10,9,171,4,1
3,Maskin,DPS / Supp,Int-Based,1,6,4,11,10,185,4,1
4,Maskin,DPS / Supp,Int-Based,1,6,4,12,10,201,4,1
5,Maskin,DPS / Supp,Int-Based,1,6,4,13,10,215,5,1
6,Maskin,DPS / Supp,Int-Based,1,6,4,14,10,232,5,1
7,Maskin,DPS / Supp,Int-Based,1,6,4,15,11,250,5,1
8,Maskin,DPS / Supp,Int-Based,1,6,4,16,11,267,5,1
9,Maskin,DPS / Supp,Int-Based,1,6,5,16,12,287,7,1
10,Maskin,DPS / Supp,Int-Based,1,6,5,17,12,306,7,2
11,Maskin,DPS / Supp,Int-Based,1,6,5,18,13,328,7,2
12,Maskin,DPS / Supp,Int-Based,1,7,5,19,13,348,7,2
13,Maskin,DPS / Supp,Int-Based,1,8,5,19,14,372,8,2
14,Maskin,DPS / Supp,Int-Based,1,8,6,20,14,393,8,2
15,Maskin,DPS / Supp,Int-Based,1,9,6,21,14,416,8,2
16,Maskin,DPS / Supp,Int-Based,1,9,6,21,16,446,8,2
17,Maskin,DPS / Supp,Int-Based,1,9,7,22,16,469,9,2
18,Maskin,DPS / Supp,Int-Based,1,9,7,22,18,502,9,3
19,Maskin,DPS / Supp,Int-Based,1,10,7,23,18,528,9,3
20,Maskin,DPS / Supp,Int-Based,1,11,7,24,18,554,9,3
21,Maskin,DPS / Supp,Int-Based,1,11,7,25,19,586,10,3
22,Maskin,DPS / Supp,Int-Based,1,11,7,26,20,619,10,3
23,Maskin,DPS / Supp,Int-Based,1,11,7,27,21,653,10,3
24,Maskin,DPS / Supp,Int-Based,1,12,7,28,21,682,10,3
25,Maskin,DPS / Supp,Int-Based,1,13,7,28,22,718,11,3
26,Maskin,DPS / Supp,Int-Based,1,13,7,30,22,750,11,4
27,Maskin,DPS / Supp,Int-Based,1,13,7,31,23,788,11,4
28,Maskin,DPS / Supp,Int-Based,1,13,7,31,25,833,11,4
29,Maskin,DPS / Supp,Int-Based,1,13,8,32,25,867,12,4
30,Maskin,DPS / Supp,Int-Based,1,13,8,33,26,909,12,4
31,Maskin,DPS / Supp,Int-Based,1,13,8,34,27,953,12,4
32,Maskin,DPS / Supp,Int-Based,1,13,8,35,28,997,12,4
33,Maskin,DPS / Supp,Int-Based,1,13,8,36,29,1043,13,4
34,Maskin,DPS / Supp,Int-Based,1,13,8,37,30,1090,13,5
35,Maskin,DPS / Supp,Int-Based,1,13,8,38,31,1138,13,5
36,Maskin,DPS / Supp,Int-Based,1,13,8,39,32,1188,13,5
37,Maskin,DPS / Supp,Int-Based,1,13,8,41,32,1230,14,5
38,Maskin,DPS / Supp,Int-Based,1,13,8,41,34,1291,14,5
39,Maskin,DPS / Supp,Int-Based,1,14,8,42,34,1335,14,5
40,Maskin,DPS / Supp,Int-Based,1,14,8,43,35,1390,14,5
41,Maskin,DPS / Supp,Int-Based,1,14,8,44,36,1447,15,5
42,Maskin,DPS / Supp,Int-Based,1,14,8,45,37,1504,15,5
43,Maskin,DPS / Supp,Int-Based,1,15,9,46,37,1552,15,6
44,Maskin,DPS / Supp,Int-Based,1,15,9,47,38,1613,15,6
45,Maskin,DPS / Supp,Int-Based,1,15,9,48,39,1674,16,6
46,Maskin,DPS / Supp,Int-Based,1,17,9,48,40,1738,16,6
47,Maskin,DPS / Supp,Int-Based,1,17,10,49,41,1803,17,6
48,Maskin,DPS / Supp,Int-Based,1,17,10,51,41,1856,17,6
49,Maskin,DPS / Supp,Int-Based,1,19,10,51,42,1924,18,6
50,Maskin,DPS / Supp,Int-Based,1,19,12,52,42,1979,18,6
51,Maskin,DPS / Supp,Int-Based,1,19,12,53,43,2049,18,7
52,Maskin,DPS / Supp,Int-Based,1,19,12,54,44,2121,18,7
53,Maskin,DPS / Supp,Int-Based,1,19,12,55,45,2195,19,7
54,Maskin,DPS / Supp,Int-Based,1,19,12,56,46,2270,19,7
55,Maskin,DPS / Supp,Int-Based,1,21,12,56,47,2347,19,7
56,Maskin,DPS / Supp,Int-Based,1,21,12,57,48,2425,19,7
57,Maskin,DPS / Supp,Int-Based,1,21,13,58,49,2506,20,7
58,Maskin,DPS / Supp,Int-Based,1,21,13,59,50,2587,20,7
59,Maskin,DPS / Supp,Int-Based,1,23,13,60,50,2653,20,8
60,Maskin,DPS / Supp,Int-Based,1,23,13,61,51,2739,20,8
61,Maskin,DPS / Supp,Int-Based,1,23,13,62,52,2825,21,8
62,Maskin,DPS / Supp,Int-Based,1,23,13,63,53,2913,21,8
63,Maskin,DPS / Supp,Int-Based,1,23,13,64,54,3003,21,8
64,Maskin,DPS / Supp,Int-Based,1,25,13,65,54,3075,21,8
65,Maskin,DPS / Supp,Int-Based,1,25,13,66,55,3168,22,8
66,Maskin,DPS / Supp,Int-Based,1,25,13,67,56,3263,22,8
67,Maskin,DPS / Supp,Int-Based,1,25,13,68,57,3359,22,9
68,Maskin,DPS / Supp,Int-Based,1,25,14,69,58,3458,22,9
69,Maskin,DPS / Supp,Int-Based,1,27,14,69,59,3560,23,9
70,Maskin,DPS / Supp,Int-Based,1,27,14,70,60,3662,23,9
71,Maskin,DPS / Supp,Int-Based,1,27,15,71,61,3765,24,9
72,Maskin,DPS / Supp,Int-Based,1,28,16,72,61,3849,24,9
73,Maskin,DPS / Supp,Int-Based,1,28,16,73,62,3956,25,9
74,Maskin,DPS / Supp,Int-Based,1,28,16,74,63,4066,25,9
75,Maskin,DPS / Supp,Int-Based,1,30,16,75,63,4151,25,9
76,Maskin,DPS / Supp,Int-Based,1,30,17,76,64,4265,25,10
77,Maskin,DPS / Supp,Int-Based,1,30,17,77,65,4380,26,10
78,Maskin,DPS / Supp,Int-Based,1,30,17,78,66,4496,26,10
79,Maskin,DPS / Supp,Int-Based,1,31,17,78,68,4643,26,10
80,Maskin,DPS / Supp,Int-Based,1,31,17,80,68,4737,26,10
81,Maskin,DPS / Supp,Int-Based,1,32,19,80,69,4860,27,10
82,Maskin,DPS / Supp,Int-Based,1,32,19,81,70,4986,27,10
83,Maskin,DPS / Supp,Int-Based,1,34,19,82,70,5083,27,10
84,Maskin,DPS / Supp,Int-Based,1,34,19,83,71,5212,27,11
85,Maskin,DPS / Supp,Int-Based,1,34,19,84,72,5342,28,11
86,Maskin,DPS / Supp,Int-Based,1,34,20,85,73,5475,29,11
87,Maskin,DPS / Supp,Int-Based,1,34,20,86,74,5611,29,11
88,Maskin,DPS / Supp,Int-Based,1,36,20,87,74,5715,29,11
89,Maskin,DPS / Supp,Int-Based,1,36,20,88,75,5855,30,11
90,Maskin,DPS / Supp,Int-Based,1,36,21,89,76,5996,30,11
91,Maskin,DPS / Supp,Int-Based,1,36,21,90,77,6140,30,11
92,Maskin,DPS / Supp,Int-Based,1,37,21,90,79,6320,30,12
93,Maskin,DPS / Supp,Int-Based,1,37,21,92,79,6433,31,12
94,Maskin,DPS / Supp,Int-Based,1,38,22,92,80,6582,31,12
95,Maskin,DPS / Supp,Int-Based,1,38,23,93,81,6735,31,12
96,Maskin,DPS / Supp,Int-Based,1,40,23,94,81,6852,31,12
97,Maskin,DPS / Supp,Int-Based,1,40,23,95,82,7008,32,12
98,Maskin,DPS / Supp,Int-Based,1,40,23,96,83,7168,32,12
99,Maskin,DPS / Supp,Int-Based,1,40,23,97,84,7328,32,12
100,Maskin,DPS / Supp,Int-Based,1,41,23,98,85,7492,33,13
1,Shellsnail,Fighter,Strength-based,9,2,6,3,9,179,18,4
2,Shellsnail,Fighter,Strength-based,9,2,6,3,10,201,19,4
3,Shellsnail,Fighter,Strength-based,10,2,6,3,11,225,22,4
4,Shellsnail,Fighter,Strength-based,10,2,6,3,12,250,24,4
5,Shellsnail,Fighter,Strength-based,11,2,6,3,12,274,26,5
6,Shellsnail,Fighter,Strength-based,11,2,7,3,13,302,28,5
7,Shellsnail,Fighter,Strength-based,12,2,7,3,13,328,30,5
8,Shellsnail,Fighter,Strength-based,12,2,8,3,14,359,32,6
9,Shellsnail,Fighter,Strength-based,13,2,8,3,14,387,34,6
10,Shellsnail,Fighter,Strength-based,13,2,9,3,15,420,36,6
11,Shellsnail,Fighter,Strength-based,13,3,9,3,16,454,37,7
12,Shellsnail,Fighter,Strength-based,14,3,10,3,16,487,41,7
13,Shellsnail,Fighter,Strength-based,14,3,11,3,17,524,42,7
14,Shellsnail,Fighter,Strength-based,15,3,11,4,17,559,45,8
15,Shellsnail,Fighter,Strength-based,15,4,11,4,18,599,46,8
16,Shellsnail,Fighter,Strength-based,16,4,11,4,19,641,49,8
17,Shellsnail,Fighter,Strength-based,17,4,11,4,20,685,51,9
18,Shellsnail,Fighter,Strength-based,18,4,11,4,21,730,54,9
19,Shellsnail,Fighter,Strength-based,19,4,12,4,21,770,56,9
20,Shellsnail,Fighter,Strength-based,19,4,12,5,22,819,58,9
21,Shellsnail,Fighter,Strength-based,20,4,12,5,23,869,63,10
22,Shellsnail,Fighter,Strength-based,21,4,13,5,23,913,66,10
23,Shellsnail,Fighter,Strength-based,21,4,14,5,24,968,67,10
24,Shellsnail,Fighter,Strength-based,22,4,14,5,25,1023,70,11
25,Shellsnail,Fighter,Strength-based,22,4,15,5,26,1079,72,11
26,Shellsnail,Fighter,Strength-based,23,4,15,5,27,1139,75,11
27,Shellsnail,Fighter,Strength-based,24,4,15,5,28,1200,77,12
28,Shellsnail,Fighter,Strength-based,25,4,16,5,28,1253,80,12
29,Shellsnail,Fighter,Strength-based,25,4,17,6,29,1318,81,12
30,Shellsnail,Fighter,Strength-based,26,4,17,6,30,1384,84,13
31,Shellsnail,Fighter,Strength-based,27,4,17,6,31,1452,86,13
32,Shellsnail,Fighter,Strength-based,27,5,18,6,32,1523,88,13
33,Shellsnail,Fighter,Strength-based,28,5,19,7,32,1584,90,14
34,Shellsnail,Fighter,Strength-based,29,5,19,7,33,1657,93,14
35,Shellsnail,Fighter,Strength-based,30,5,19,7,34,1733,100,14
36,Shellsnail,Fighter,Strength-based,30,6,20,7,35,1811,102,14
37,Shellsnail,Fighter,Strength-based,31,6,21,8,35,1879,105,15
38,Shellsnail,Fighter,Strength-based,32,6,21,8,36,1961,107,15
39,Shellsnail,Fighter,Strength-based,32,7,22,8,37,2045,109,15
40,Shellsnail,Fighter,Strength-based,33,7,22,8,38,2132,111,16
41,Shellsnail,Fighter,Strength-based,34,7,22,8,39,2219,114,16
42,Shellsnail,Fighter,Strength-based,34,7,23,9,40,2311,115,16
43,Shellsnail,Fighter,Strength-based,35,8,24,9,40,2388,118,17
44,Shellsnail,Fighter,Strength-based,36,8,24,10,41,2483,120,17
45,Shellsnail,Fighter,Strength-based,37,8,24,10,42,2580,123,17
46,Shellsnail,Fighter,Strength-based,37,8,25,11,43,2679,125,18
47,Shellsnail,Fighter,Strength-based,38,8,25,11,44,2782,128,18
48,Shellsnail,Fighter,Strength-based,39,8,27,11,44,2867,130,18
49,Shellsnail,Fighter,Strength-based,40,8,27,11,45,2973,140,19
50,Shellsnail,Fighter,Strength-based,41,9,27,11,46,3083,142,19
51,Shellsnail,Fighter,Strength-based,41,9,28,12,47,3194,144,19
52,Shellsnail,Fighter,Strength-based,42,9,28,12,48,3307,146,19
53,Shellsnail,Fighter,Strength-based,43,9,30,12,48,3402,150,20
54,Shellsnail,Fighter,Strength-based,43,9,30,12,50,3544,151,20
55,Shellsnail,Fighter,Strength-based,44,10,30,12,51,3666,154,20
56,Shellsnail,Fighter,Strength-based,45,10,31,13,51,3764,156,21
57,Shellsnail,Fighter,Strength-based,46,11,31,13,52,3891,159,21
58,Shellsnail,Fighter,Strength-based,46,11,32,13,53,4020,160,21
59,Shellsnail,Fighter,Strength-based,47,11,32,14,54,4151,163,22
60,Shellsnail,Fighter,Strength-based,48,12,33,14,54,4258,165,22
61,Shellsnail,Fighter,Strength-based,49,12,33,14,55,4394,168,22
62,Shellsnail,Fighter,Strength-based,49,12,35,14,56,4533,170,23
63,Shellsnail,Fighter,Strength-based,50,12,35,14,57,4675,182,23
64,Shellsnail,Fighter,Strength-based,51,12,35,15,58,4820,184,23
65,Shellsnail,Fighter,Strength-based,52,12,35,15,59,4968,187,24
66,Shellsnail,Fighter,Strength-based,52,12,37,15,60,5118,188,24
67,Shellsnail,Fighter,Strength-based,53,13,37,15,61,5272,191,24
68,Shellsnail,Fighter,Strength-based,54,13,37,15,62,5428,193,24
69,Shellsnail,Fighter,Strength-based,55,13,39,15,62,5553,195,25
70,Shellsnail,Fighter,Strength-based,56,13,39,15,63,5714,198,25
71,Shellsnail,Fighter,Strength-based,57,13,39,16,64,5879,200,25
72,Shellsnail,Fighter,Strength-based,57,13,40,17,65,6047,203,26
73,Shellsnail,Fighter,Strength-based,58,14,40,17,66,6216,205,26
74,Shellsnail,Fighter,Strength-based,59,14,41,18,66,6352,208,26
75,Shellsnail,Fighter,Strength-based,60,15,41,18,67,6528,221,27
76,Shellsnail,Fighter,Strength-based,60,15,42,19,68,6706,223,27
77,Shellsnail,Fighter,Strength-based,61,16,42,19,69,6888,225,27
78,Shellsnail,Fighter,Strength-based,62,16,42,20,70,7073,228,28
79,Shellsnail,Fighter,Strength-based,62,17,43,20,71,7262,229,28
80,Shellsnail,Fighter,Strength-based,63,17,45,20,71,7411,233,28
81,Shellsnail,Fighter,Strength-based,64,17,45,20,72,7604,235,29
82,Shellsnail,Fighter,Strength-based,65,17,45,21,73,7800,238,29
83,Shellsnail,Fighter,Strength-based,66,18,45,21,74,8002,240,29
84,Shellsnail,Fighter,Strength-based,66,18,46,22,75,8205,242,29
85,Shellsnail,Fighter,Strength-based,67,18,46,22,76,8412,244,30
86,Shellsnail,Fighter,Strength-based,68,18,48,22,76,8574,247,30
87,Shellsnail,Fighter,Strength-based,69,18,48,23,77,8788,249,30
88,Shellsnail,Fighter,Strength-based,70,18,48,23,78,9003,265,31
89,Shellsnail,Fighter,Strength-based,71,18,49,23,79,9223,267,31
90,Shellsnail,Fighter,Strength-based,71,18,51,23,80,9446,270,31
91,Shellsnail,Fighter,Strength-based,72,18,51,23,81,9672,272,32
92,Shellsnail,Fighter,Strength-based,73,18,51,23,82,9902,275,32
93,Shellsnail,Fighter,Strength-based,74,18,52,23,83,10136,277,32
94,Shellsnail,Fighter,Strength-based,75,18,52,23,84,10373,280,33
95,Shellsnail,Fighter,Strength-based,75,18,53,23,85,10615,281,33
96,Shellsnail,Fighter,Strength-based,77,18,53,23,86,10858,285,33
97,Shellsnail,Fighter,Strength-based,77,18,54,23,87,11107,286,34
98,Shellsnail,Fighter,Strength-based,78,18,55,23,88,11358,290,34
99,Shellsnail,Fighter,Strength-based,79,18,55,23,89,11614,292,34
100,Shellsnail,Fighter,Strength-based,80,18,56,23,90,11875,310,35